style,description,pdf_page
HC1,"Ultima Cap C-Flex Athletic Fit Construction; XS/S, S/M, L/XL, 2XL",2
HC10,"Ultima Snapback Cap; S, M/XL",2
HC12,"Ultima 5-Panel Snapback; S, M/XL",2
HC7,"Low Profile Optim Athletic Fit Cap; XS/S, S/M, L/XL, 2XL",2
HC2,"MVP Cap C-Flex Athletic Fit Construciton; XS/S, S/M, L/XL, 2XL",2
HC4,"Pennant Snapback Cap; S, M-XL",2
HC9,Low Profile Classic Cap; One Size Fits Most,2
HC3,"Varsity Cap C-Flex Athletic Fit Construction; XS/S, S/M, L/XL, 2XL",2
HC5,Performance Trucker Snapback; One Size Fits Most,2
HC8,Low Profile Performance Trucker Cap; One Size Fits Most,2
HV1,"Ultima Performance Visor; S, M/XL",2
HV6,"Optic Visor; S/M, L/XL",2
HBE2,Playoff Beanie; One Size Fits Most,2
HBE1,Polar Cuff Beanie; One Size Fits Most,2
HBO1,Two-A-Day Boonie; One Size Fits Most,2
JBS25A,JUICE Full-Button Pro Neck Short Sleeves Jersey; A: S-4XL*; Active Cloth/Pin-Dot Mesh; Classic Fit - Ea.,2
JBS25Y,JUICE Full-Button Pro Neck Short Sleeves Jersey; Y: XS-XL; Active Cloth/Pin-Dot Mesh; Classic Fit - Ea.,2
JBS23A,JUICE Full-Button Pro Neck Short Sleeves Jersey; A: S-4XL*; Active Cloth/Pin-Dot Mesh; Athletic Fit - Ea.,2
JBS23Y,JUICE Full-Button Pro Neck Short Sleeves Jersey; Y: XS-XL; Active Cloth/Pin-Dot Mesh; Athletic Fit - Ea.,2
JBS6A,JUICE Full-Button Short Sleeve Jersey; A: S-4XL*; Active Cloth; Classic Fit - Ea.,2
JBS6Y,JUICE Full-Button Short Sleeve Jersey; Y: XS-XL; Active Cloth; Classic Fit - Ea.,2
JBS9A,JUICE Full-Button Short Sleeves Jersey; A: S-4XL*; Active Cloth; Athletic Fit - Ea.,2
JBS9Y,JUICE Full-Button Short Sleeves Jersey; Y: XS-XL; Active Cloth; Athletic Fit - Ea.,2
JBS13A,JUICE Faux Full-Button Jersey; A: S-4X*L; Active Cloth; Traditional Fit - Ea.,2
JBS13Y,JUICE Faux Full-Button Jersey; Y: S-XL; Active Cloth; Traditional Fit - Ea.,2
JBS27A,JUICE Full-Button Pro Neck Sleeveless Jersey; A: S-4XL*; Active Cloth/Pin-Dot Mesh; Athletic Fit - Ea.,2
JBS27Y,JUICE Full-Button Pro Neck Sleeveless Jersey; Y: S-XL; Active Cloth/Pin-Dot Mesh; Athletic Fit - Ea.,2
JBS8A,JUICE Full-Button Sleeveless Jersey; A: S-4XL*; Active Cloth; Classic Fit - Ea.,2
JBS8Y,JUICE Full-Button Sleevelss Jersey; Y: S-XL; Active Cloth; Classic Fit - Ea.,2
JBS20A,JUICE Two-Button Pro-Neck Short Sleeve Jersey; A: S-4XL*; Active Cloth/Pin Dot Mesh; Athletic Fit - Ea.,2
JBS20Y,JUICE  Two-Button Pro-Neck Short Sleeve Jersey; Y: XS-XL; Active Cloth/Pin Dot Mesh; Athletic Fit - Ea.,2
JBS22A,JUICE Two-Button Pro-Neck Short Sleeve Jersey; A: S-4XL*; Active Cloth/Pin Dot Mesh; Classic Fit - Ea.,2
JBS22Y,JUICE Two-Button Pro-Neck Short Sleeve Jersey; Y: XS-XL; Active Cloth/Pin Dot Mesh; Classic Fit - Ea.,2
JBS31A,JUICE Two-Button Pro-Neck Jersey with Mesh Short Sleeves; A: S-4XL*; Active Cloth/Pin Dot Mesh; Athletic,3
JBS31Y,JUICE Two-Button Pro-Neck Jersey with Mesh Short Sleeves; Y:XS-XL; Active Cloth/Pin Dot Mesh; Athletic,3
JBS33A,JUICE Two-Button Pro-Neck Jersey with Mesh Short Sleeves; A: S-4XL*; Active Cloth/Pin Dot Mesh; Classic,3
JBS33Y,JUICE Two-Button Pro-Neck Jersey with Mesh Short Sleeves; Y:XS-XL; Active Cloth/Pin Dot Mesh; Classic,3
JBS7A,JUICE Two-Button Short Sleeve Jersey; A: S-4XL*; Active Cloth; Classic Fit - Ea.,3
JBS7Y,JUICE Two-Button Short Sleeve Jersey; Y: S-XL; Active Cloth; Classic Fit - Ea.,3
JBS10A,JUICE Two-Button Short Sleeve Jersey; A: S-4XL*; Active Cloth; Athletic Fit - Ea.,3
JBS10Y,JUICE Two-Button Short Sleeve Jersey; Y: S-XL; Active Cloth; Athletic Fit - Ea.,3
JBS4A,JUICE Short Sleeve V-Neck Jersey; A: S-4XL*; Active Cloth; Classic Fit - Ea.,3
JBS4Y,JUICE Short Sleeve V-Neck Jersey; Y: S-XL; Active Cloth; Classic Fit - Ea.,3
JBST17A,JUICE Single-Ply Reversible Short Sleeve Jersey; A: S-6XL*; Fusion Mesh; Classic Fit - Ea.,3
JBST17Y,JUICE Single-Ply Reversible Short Sleeve Jersey; Y: XS-XL; Fusion Mesh; Classic Fit - Ea.,3
JBST8A,JUICE Crew-Neck Short Sleeve Jersey; A: S-6XL*; Z-Cloth; Classic Fit - Ea.,3
JBST8Y,JUICE Crew-Neck Short Sleeve Jersey; Y: XXS-XL; Z-Cloth; Classic Fit - Ea.,3
JBSJ300A,JUICE Traditional Short Sleeve Cage Jacket; A: S-4XL*; Stretch Woven; Classic Fit - Ea.,3
JBSJ300Y,JUICE Traditional Short Sleeve Cage Jacket; Y: XS-L; Stretch Woven; Classic Fit - Ea.,3
JBSJ300PA,JUICE Traditional Short Sleeve Cage Jacket w/Pockets; A: S-4XL*; Stretch Woven; Classic Fit - Ea.,3
JBSJ300PY,JUICE Traditional Short Sleeve Cage Jacket w/Pockets; Y: XS-L; Stretch Woven; Classic Fit - Ea.,3
JBSJL350A,JUICE Traditional Long Sleeve Cage Jacket; A: S-4XL*; Stretch Woven; Classic Fit - Ea.,3
JBSJL350Y,JUICE Traditional Long Sleeve Cage Jacket; Y: XS-L; Stretch Woven; Classic Fit - Ea.,3
JBSJL350PA,JUICE Traditional Long Sleeve Cage Jacket w/Pockets; A: S-4XL*; Stretch Woven; Classic Fit - Ea.,3
JBSJL350PY,JUICE Traditional Long Sleeve Cage Jacket w/Pockets; Y: XS-L; Stretch Woven; Classic Fit - Ea.,3
JBBJ29A,JUICE Long Sleeve Shirt w/Hood; A: S-3XL*; Z-Cloth; Classic Fit - Ea.,3
JBBJ29Y,JUICE Long Sleeve Shirt w/Hood; Y: XS-XL; Z-Cloth; Classic Fit - Ea.,3
JBBJ31Y,JUICE Short Sleeve Shirt w/Hood; Y: XS-XL; Z-Cloth; Classic Fit - Ea.,3
JTHB02,JUICE Headband; One Size; Power Stretch - Ea.,3
JBP5A,JUICE Open Bottom Pant w/Perfect Inseam; A: S-4XL*; Tek-Knit; Athletic Fit - Ea.,3
JBP5Y,JUICE Open Bottom Pant w/Perfect Inseam; Y: XS-XL; Tek-Knit; Athletic Fit - Ea.,3
JBP5AT,"JUICE Open Bottom Pant w/Perfect Inseam; Tall +2"" Inseam; A: S-4XL*; Tek-Knit; Athletic Fit - Ea.",3
JBP5YT,"JUICE Open Bottom Pant w/Perect Inseam; Tall +2"" Inseam; Y: XS-XL; Tek-knit; Athletic Fit - Ea.",3
JBP6A,JUICE Tapered Pant; A:S-4XL*; Tek-Knit; Athletic Fit - Ea.,3
JBP6Y,JUICE Tapered Pant; Y: XS-XL; Tek-Knit; Athletic Fit - Ea.,3
JBP6AT,"JUICE Tapered Pant;Tall +2"" Inseam; A: S-4XL*; Tek-Knit; Athletic Fit - Ea.",3
JBP6YT,"JUICE Tapered Pant; Tall +2"" Inseam; Y: XS-XL; Tek-Knit; Athletic Fit - Ea.",3
JBP9A,JUICE Mids Pant; A: S-4XL*; Tek-Knit; Athletic Fit - Ea.,3
JBP9Y,JUICE Mids Pant; Y: XS-XL; Tek-Knit; Athletic Fit - Ea.,3
JBP9AT,"JUICE Mids Pant; Tall +2"" Inseam; A: S-4XL*; Tek-Knit; Athletic Fit - Ea.",3
JBP9YT,"JUICE Mids Pant; Tall +2"" Inseam; Y: XS-XL; Tek-Knit; Athletic Fit - Ea.",3
JBP7A,JUICE Knicker Pant; A: S-4XL*; Tek-Knit; Athletic Fit - Ea.,3
JBP7Y,JUICE Knicker Pant; Y: XS-XL; Tek-Knit; Athletic Fit - Ea.,3
JBP7AT,"JUICE Knicker Pant; Tall +2"" Inseam; A: S-4XL*; Tek-Knit; Athletic Fit - Ea.",3
JBP7YT,"JUICE Knicker Pant; Tall +2"" Inseam; Y: XS-XL; Tek-Knit; Athletic Fit - Ea.",3
BS201A,Pinnacle Pro Full-Button Jersey; A: S-4XL*,3
BS201Y,Pinnacle Pro Full-Button Jersey; Y: XS-XL,3
BS149A,Reliever Six-Button Jersey; A: S-3XL*,3
BS149Y,Reliever Six-Button Jersey; Y: S-XL,3
BS169A,Reliever Six-Button Sleeveless Jersey; A: S-3XL*,3
BS169Y,Reliever Six-Button Sleeveless Jersey; Y: S-XL,3
BS14AP,Ace Six-Button Jersey; Pinstripe; A: S-4XL*,3
BS14YP,Ace Six-Button Jersey; Pinstripe; Y: S-XL,3
BS16AP,Ace Sleeveless Six-Button Jersey; Pinstripe; A:S-4XL*,3
BS16YP,Ace Sleeveless Six-Button Jersey; Pinstripe; Y: S-XL,3
BS50A,Show V-Neck Jersey; A: S-3XL*,3
BS50Y,Show V-Neck Jersey; Y: S-XL,3
BS51A,Show Two-Button Jersey; A: S--3XL*,3
BS51Y,Show Two-Button Jersey; Y: S-XL,3
BS159A,Show Full-Button Jersey; A: S-3XL*,3
BS159Y,Show Full-Button Jersey; Y: S-XL,3
BS67A,Square Up V-Neck Jersey; A: S-3XL*,3
BS67Y,Square Up V-Neck Jersey; Y: XS-XL,3
BS73A,Square Up Two-Button Jersey; A: S-4XL*,4
BS73Y,Square Up Two-Button Jersey; Y: S-XL,4
BS33A,Bullpen Six-Button Jersey; A: S-3XL*,4
BS33Y,Bullpen Six-Button Jersey; Y: S-XL,4
BS35A,Bunt Jersey; A: S-2XL*,4
BS35Y,Bunt Jersey; Y: XS-XL,4
BS53A,Turn Two Two-Button Jersey; A: S-4XL*,4
BS53Y,Turn Two Two-Button Jersey; Y: S-XL,4
BS63A,Wild Card Two-Button Jersey; A: S-3XL*,4
BS63Y,Wild Card Two-Button Jersey; Y: S-XL,4
BS36A,Check V-Neck Jersey; A: S-2XL*,4
BS36Y,Check V-Neck Jersey; Y: XS-XL,4
BST65A,Top Spin Jersey; A: S-3XL*,4
BST65Y,Top Spin Jersey; Y: S-XL,4
BST99A,Vision T-Shirt; A: S-4XL*,4
BST99Y,Vision T-Shirt; Y: XS-L,4
BST85A,Leader T-Shirt; A: S-4XL*,4
BST85Y,Leader T-Shirt; Y: S-XL,4
BS42A,Heater 2-Button Jersey; A: S-3XL* -  LIMITED QUANTITIES,4
BS42Y,Heater 2-Button Jersey; Y: S-L -  LIMITED QUANTITIES,4
BS34A,Relief Two-Button Jersey; A: S-3XL* -  LIMITED QUANTITIES,4
BS34Y,Relief Two-Button Jersey; Y: S-XL -  LIMITED QUANTITIES,4
BST72A,Clean-Up Two-Button Placket Jersey; A: S-3XL* - LIMITED QUANTITIES,4
BST72Y,Clean-Up Two-Button Placket Jersey; Y: S-XL - LIMITED QUANTITIES,4
BSJ200A,Woven Warm-Up Jacket; A: S-4XL*,4
BSJ200Y,Woven Warm-Up Jacket; Y: M-L,4
BST12A,Gunner Long Sleeve T-Shirt; A: S-4XL*,4
BST12Y,Gunner Long Sleeve T-Shirt; Y: S-XL,4
CJ03A,Lightning Compresson 2.0 Long Sleeve Shirt; A: S-4XL*,4
CJ03Y,Lightning Compresson 2.0 Long Sleeve Shirt; Y: S-L,4
CJ07A,Lightning Compression 2.0 Three-Quarter Sleeve Shirt; A: S-4XL*,4
CJ07Y,Lightning Compression 2.0 Three-Quarter Sleeve Shirt; Y: S-L,4
BS24A,Complete Game 3/4 Sleeve Jersey; A: S-2XL* -  LIMITED QUANTITIES,4
BS24Y,Complete Game 3/4 Sleeve Jersey; Y: S-XL -  LIMITED QUANTITIES,4
BS25A,Extra Innings 3/4 Sleeve Jersey; A: S-2XL*' - LIMITED QUANTITIES,4
BS25Y,Extra Innings 3/4 Sleeve Jersey; Y: S-XL -  LIMITED QUANTITIES,4
BP205A,Pinnacle Pro Tapered Pant; A: S-4XL*,4
BP205Y,Pinnacle Pro Tapered Pant; Y: XS-XL,4
BP209A,Pinnacle Pro Knicker Pant; A: S-4XL*,4
BP209Y,Pinnacle Pro Knicker Pant; Y: XS-XL,4
BP60A,Triple Crown 2.0 Open Bottom Pant; A: S-4XL*,4
BP60Y,Triple Crown 2.0 Open Bottom Pant; Y: XS-XL,4
BP60PA,Triple Crown 2.0 Open Botton Pinstripe Pant; A: S-3XL*,4
BP60PY,Triple Crown 2.0 Open Bottom Pinstripe Pant; Y: XS-XL,4
BP62A,Triple Crown 2.0 Open Bottom Pant w/Braid; A: S-4XL*,4
BP62Y,Triple Crown 2.0 Open Bottom Pant w/Braid; Y: XS-XL,4
BP64A,Triple Crown 2.0 Tapered-Bottom Pant; A:S-4XL*,4
BP64Y,Triple Crown 2.0 Tapered-Bottom Pant; Y: XS-XL,4
BP64PA,Triple Crown 2.0 Tapered-Bottom Pinstripe Pant; A:S-3XL*,4
BP64PY,Triple Crown 2.0 Tapered-Bottom Pinstripe Pant; Y: XS-XL,4
BP66A,Triple Crown 2.0 Tapered-Bottom Pant w/Braid; A: S-4XL*,4
BP66Y,Triple Crown 2.0 Tapered-Bottom Pant w/Braid; Y: XS-XL,4
BP68A,Triple Crown 2.0 Knicker Pant; A: S-4XL*,4
BP68Y,Triple Crown 2.0 Knicker Pant; Y: XS-XL,4
BP68PA,Triple Crown 2.0 Knicker Pinstripe Pant; A: S-3XL*,4
BP68PY,Triple Crown 2.0 Knicker Pinstripe Pant; Y: XS-XL,4
BP70A,Triple Crown 2.0 Knicker Pant w/Braid; A: S-4XL*,4
BP70Y,Triple Crown 2.0 Knicker Pant w/Braid; Y: XS-XL,4
BP91A,Triple Crown Classic Pant w/Braid; A: S-4XL*,4
BP91Y,Triple Crown Classic Pant w/Braid; Y: XS-XL,4
BP9A,Triple Crown Classic Pant; A: S-4XL*,4
BP9Y,Triple Crown Classic Pant; Y: XS-XL,4
BPPINA,Triple Crown Pinstripe Pant; A: S-3XL*,4
BPPINY,Triple Crown Pinstripe Pant; Y: XS-XL,4
BP41UA,MVP Open-Bottom Pant w/Braid; A: S-4XL*,4
BP41UY,MVP Open-Bottom Pant w/Braid; Y: XS-XL,4
BP4UA,MVP Open-Bottom; A: S-4XL*,4
BP4UY,MVP Open-Bottom; Y: XS-XL,4
BP4A,MVP Classic Pant; A: S-4XL*,5
BP4Y,MVP Classic Pant; Y: XS-XL,5
BP42A,MVP Knicker Pant; A: S-4XL*,5
BP42Y,MVP Knicker Pant; Y: XS-XL,5
BP92UA,Triple Crown Open-Bottom 2; A: S-4XL* -  LIMITED QUANTITIES,5
BP92UY,Triple Crown Open-Bottom 2; Y: S-XL -  LIMITED QUANTITIES,5
BP91UA,Triple Crown Open-Bottom Belted Pant w/Piping; A: S-4XL* -  LIMITED QUANTITIES,5
BP91UY,Triple Crown Open-Bottom Belted Pant w/Piping; Y: XS-XL -  LIMITED QUANTITIES,5
BP9UA,Triple Crown Open-Bottom Belted Pant; A: S-4XL* -  LIMITED QUANTITIES,5
BP9UY,Triple Crown Open-Bottom Belted Pant; Y: XS-XL -  LIMITED QUANTITIES,5
BP101A,Triple Crown Knicker Pant w/Braid; A: S-4XL* -  LIMITED QUANTITIES,5
BP101Y,Triple Crown Knicker Pant w/Braid; Y: XS-XL -  LIMITED QUANTITIES,5
BP10A,Triple Crown Knicker Belted Pant; A: S-2XL* -  LIMITED QUANTITIES,5
BP10Y,Triple Crown Knicker Belted Pant; Y: XS-XL -  LIMITED QUANTITIES,5
BPPINKA,Triple Crown Pinstripe Knicker; A: S-2XL* -  LIMITED QUANTITIES,5
BPPINKY,Triple Crown Pinstripe Knicker; Y: XS-XL -  LIMITED QUANTITIES,5
BPPU1A,Cycle Pull-Up; A: S-2XL*,5
BPPU1Y,Cycle Pull-Up; Y: XXS-XL,5
BPPU2Y,Cycle Pull-Up w/Loops; Y: XXS-XL,5
BPA,"Performer 12.5 oz. Pull-Up; White, Black or Grey; A: S-2XL* - LIMITED QUANTITIES",5
BPY,"Performer 12.5 oz. Pull-Up; White, Black, Grey, Navy; Y: XXS-XL - LIMITED QUANTITIES",5
BPVY,Rookie Economy Pull-Up Pant; White; Black; Grey; Y: XXS-XL - LIMITED QUANTITIES,5
BPS19A,Take-Out Sliding Short; A: S-2XL*,5
BPS19Y,Take-Out Sliding Short; Y: XS-L,5
BPS19CA,Take-Out Sliding Short w/Cup; A: S-2XL*,5
BPS19CY,Take-Out Sliding Short w/Cup; Y: XS-L,5
BPS21CA,Take-Out Compression Short with Cup; A: S-2XL*,5
BPS21CY,Take-Out Compression Short with Cup; Y: XS-L,5
A5C,C-Flex Cup; XS-L,5
BPS14AC,Compression Boxer Short w/Cup; A: S-XL - LIMITED QUANTITIES,5
BPS14YC,Compression Boxer Short w/Cup; Y: XS-L - LIMITED QUANTITIES,5
BPS15CA,Wind-Up Compression Sliding Short w/Cup; A: S-2XL* - LIMITED QUANTITIES,5
BPS15CY,Wind-Up Compression Sliding Short w/Cup; Y: XS-L - LIMITED QUANTITIES,5
A073,Classic Belt; S-XL,5
A074,Classic Patent Belt; S-XL,5
A060,Adjustable Baseball Belt - Leather; Adult,5
A060Y,Adjustable Baseball Belt - Leather; Youth,5
A062,Adjustable Baseball Belt - Synthetic; Adult,5
A062Y,Adjustable Baseball Belt - Synthetic; Youth,5
A072A,"Gamer Elastic Belt; Adjutsts from 24"" to 48""; Adult",5
A072Y,"Gamer Elastic Belt; Adjusts from 18"" to 34""; Youth",5
A063,Leather Baseball Belt; Sizes: S-3XL - LIMITED QUANTITIES,5
CBB-501,Collegiate Specification Baseball; MBT; Premium Leather Cover; Flat Seam,5
CBB-300,Official League Baseball; MBT; Full Grain Leather Cover; Raised Seam,5
CBB-301,Official League Baseball; MBT; Full Grain Leather Cover; Flat Seam,5
CLL-70B,Sr. Little League Baseball-RS-T; Full Grain Leather Cover,5
CBB-300LL,Little League Baseball-RS-T; Full Grain Leather Cover,5
CBB300HS,NFHS Baseball; Full Grain Leather Cover,5
CBB-300US,USSSA Approved Baseball; MBT; Full Grain Leather Cover,5
CBB-200,Official League Baseball; Full Grain Leather Cover,5
CBB2006,Official League Baseball; Full Grain Leather Cover; 6-Pack,5
CBB-200D,Official League Baseball; Full Grain Leather Cover; Cosmetic Blem,5
CBB-200SLL,Sr. Little League Baseball-RS; Full Grain Leather Cover,5
CBB-200LL,Little League Baseball-RS; Full Grain Leather,5
CBB-200DYL,Diamond League Approved Baseball; Full Grain Leather Cover (Formally Known as Dixie League),5
CBB-200US,USSSA Approved Baseball; Full Grain Leather Cover,5
CBB-200BR,Babe Ruth Baseball; Full Grain Leather Cover,5
CBB-200CR,Cal Ripken Baseball; Full Grain Leather Cover,5
CBB-40,Official League Baseball; Genuine Leather Cover,5
CDL-40,Diamond Youth Approved Baseball; Genuine Leather Cover (Formally Known as Dixie League),5
CLL-40,Little League Baseball-RS; Genuine Leather Cover,5
CBB-90,Official League Baseball; Synthetic Cover,5
CBB-XB,Vex Practice Baseball,6
CBB-GEM,Gem Baseball,6
CBB-60,SAFE-T-SOFT Baseball; Level 3; Synthetic Cover,6
CBB-61,SAFE-T-SOFT Baseball; Level 1; Synthetic Cover,6
CBB-65,SAFE-T-SOFT Baseball; Level 5; Synthetic Cover,6
CBBPMB,Kevlar Stitched Baseball,6
E5,"XL Ball Bag; 18.5""H x 15""W x 9""D",6
E7,"Deluxe Ball Bag with 9"" Molded Bottom; 17""H x 9""D",6
NB33,Ball Caddy,6
BUCKETOB,6-Gallon Ball Bucket,6
CBB200B,Game Ball/Bucket Combo; Includes 24 CBB-200 Baseballs,6
CBB200DB,Practice Ball/Bucket Combo; Includes 24 CBB-200D Baseballs,6
HXEMS,"HXE Matte Batting Helmet; S (6"" - 6.5"")",6
HXEMM,"HXE Matte Batting Helmet; M (6.5"" - 7"")",6
HXEML,"HXE Matte Batting Helmet; L (6 7/8"" - 7.5"")",6
HXEMXL,"HXE Matte Batting Helmet; XL (7 3/8"" - 8"")",6
HXEMJGM,"HXE Matte Batting Helmet w/Jaw Guard; M (6.5"" - 7"")",6
HXEMJGL,"HXE Matte Batting Helmet w/Jaw Guard; L (6 7/8"" - 7.5"")",6
HXEMJGXL,"HXE Matte Batting Helmet w/Jaw Guard; XL (7 3/8"" - 8"")",6
HXEM2M,"HXE Two-Tone Matte Batting Helmet; M (6.5"" - 7"")",6
HXEM2L,"HXE Two-Tone Matte Batting Helmet; L (6 7/8"" - 7.5"")",6
HXEM2JGM,"HXE Two-Tone Matte Batting Helmet w/Jaw Guard; M (6.5"" - 7"")",6
HXEM2JGL,"HXE Two-Tone Matte Batting Helmet w/Jaw Guard; L (6 7/8"" - 7.5"")",6
HXESS,"HXE Starter Batting Helmet; S (6"" - 6.5"")",6
HXESM,"HXE Starter Batting Helmet; M (6.5"" - 7"")",6
HXESL,"HXE Starter Batting Helmet; L (6 7/8"" - 7.5"")",6
HXESFM,HXE Starter Batting Helmet Face Mask; S or M Black only,6
HXEG,HXE Jaw Guard; One Size,6
HXEG2,HXE Two-Tone Jaw Guard; One Size,6
HXEFM,HXE Baseball Facemask,6
HXM2JGS,"HX Legend Plus Batting Helmet; Senior: 7"" - 7.5""; Two-Tone; Matte Finish; Jaw Guard Included - LIMITED",6
HXM2JGJ,"HX Legend Plus Batting Helmet; Junior: 6.5"" - 7""; Two-Tone; Matt Finish; Jaw Guard Included",6
HXM2S,"HX Legend Batting Helmet; Senior: 7"" - 7.5""; Two-Tone; Matte Finish - LIMITED QUANTITIES",6
HXM2J,"HX Legend Batting Helmet; Junior:  6.5"" - 7""; Two-Tone; Matte Finish - LIMITED QUANTITIES",6
HXRSN,HX Replacement Snaps - LIMITED QUANTITIES,6
HXCS,HX Chin Strap with Cup,6
HXMJGS,"HX Gamer Plus Batting Helmet; Senior: 7"" - 7.5""; Solid Color; Matte Finish; Jaw Guard Included - LIMITED",6
HXMJGJ,"HX Gamer Plus Batting Helmet; Junior: 6.5"" - 7""; Solid Color; Matte Finish; Jaw Guard Included",6
HXMS,"HX Gamer Helmet; Senior: 7"" - 7.5""; Solid Color; Matte Finish - LIMITED QUANTITIES",6
HXMJ,"HX Gamer Helmet; Junior:  6.5"" - 7""; Solid Color; Matte Finish - LIMITED QUANTITIES",6
HXMT,"HX Gamer Helmet; T-Ball: 6"" - 6.5""; Solid Color; Matte Finish - LIMITED QUANTITIES",6
HXUS,"HX Rookie Batting Helmet; Senior: 7"" - 7.5""; w/o Facemask; Solid Color; Uncoated Finish - LIMITED",6
HXUJ,"HX Rookie Batting Helmet; Junior: 6.5"" - 7""; w/o Facemask; Solid Color; Uncoated Finish - LIMITED",6
HXUT,"HX Rookie Batting Helmet; T-Ball: 6"" - 6.5""; w/o Facemask; Solid Color; Uncoated Finish - LIMITED",6
HXUFMJ,"HX Rookie Batting Helmet; Junior: 6.5"" - 7""; w/Facemask; Solid Color; Uncoated Finish - LIMITED",6
HXUFMT,"HX Rookie Batting Helmet; T-Ball: 6"" - 6.5""; w/Facemask; Solid Color; Uncoated Finish - LIMITED",6
HX2G,HX Jaw Guard; Two-Tone - LIMITED QUANTITIES,6
HXG,HX Jaw Guard; Solid Color - LIMITED QUANTITIES,6
HXFMB,HX Baseball Facemask - LIMITED QUANTITIES,6
HXPK,HX Pad Kit - LIMITED QUANTITIES,6
BPAGA,Batter's Protective Ankle Guard; Adult,6
BPAGY,Batter's Protective Ankle Guard; Youth,6
BPRS,Batter's Protective Ankle Guard Replacement Strap; Adult or Youth,6
BPEGA,Batter's Protective Elbow Guard; Adult,6
BPEGY,Batter's Protective Elbow Guard; Youth,6
BPHGA,Batter's Protective Hand Guard; Adult,6
BPHGY,Batter's Protective Hand Guard; Youth,6
BPSMA,Sliding Mitt; Adult,6
BPSMY,Sliding Mitt; Youth,6
AEG02CA,C-Flex Elbow Guard w/Compression Sleeve; Adult - LIMITED QUANTITIES,7
AEG02CY,C-Flex Elbow Guard w/Compression Sleeve; Youth - LIMITED QUANTITIES,7
AAG01A,C-Flex Ankle Guard; Adult - LIMITED QUANTITIES,7
AAG01Y,C-Flex Ankle Guard; Youth - LIMITED QUANTITIES,7
CBSN3A,"Optimus Champion Plus Catcher's Kit; Adult: CMHXML, CPN31, CG181 2 Sets",7
CBSN3I,"Optimus Champion Plus Catcher's Kit; Intermediate CMHXML, CPN32, CG184 2 Sets",7
CBSN3Y,"Optimus Champion Plus Catcher's Kit; Youth: CMHXMM, CPN33, CG186 2 Sets",7
CMHXMM,"Boss Catcher's Helmet; Medium: 6 1/4"" - 7""",7
CMHXML,"Boss Catcher's Helmet; Large: 7"" - 7.5""",7
CPN31,"Optimus Champion Plus Chest Protector; Adult: 16.5"" Length",7
CPN32,"Optimus Champion Plus Chest Protector; Intermediate: 15.5"" Length",7
CPN33,"Optimus Champion Plus Chest Protector; Youth: 14.5"" Length",7
CG181,"Optimus Pro Leg Guards; Adult: 16.5"" Shin Length; Triple Knee",7
CG184,"Optimus Pro Leg Guards; Intermediate: 14.5"" Shin Length; Double Knee",7
CG186,"Optimus Pro Leg Guards; Youth: 13.5"" Shin Length; Double Knee",7
CG19,Leg Guard Replacement Straps; Metal Clips,7
CBSN4A,"Optimus Select Plus Catcher's Kit; Adult: CMHXUL, CPN41, CG100",7
CBSN4I,"Optimus Select Plus Catcher's Kit; Intermediate: CMHXUL, CPN42, CG104",7
CBSN4Y,"Optimus Select Plus Catcher's Kit; Youth: CMHXUM, CPN43, CG106",7
CBSN4J,"Optimus Select Plus Catcher's Kit; Junior: CMHXUM, CPN44, CG111",7
CMHXUM,"Cannon Catcher's Helmet; Medium: 6 1/4"" - 7""",7
CMHXUL,"Cannon Catcher's Helmet; Large: 7"" - 7 1/2""",7
CPN41,"Optimus Select Plus Chest Protector; Adult: 16.5"" Length",7
CPN42,"Optimus Select Plus Chest Protector; Intermediate: 15.5"" Length",7
CPN43,"Optimus Select Plus Chest Protector; Youth: 14.5"" Length",7
CPN44,"Optimus Select Plus Chest Protector; Junior: 13.5"" Length",7
CG100,"Optimus MVP Leg Guards; Adult; 16.5"" Shin Length",7
CG104,"Optimus MVP Leg Guards; Intermedate; 14.5"" Shin Length",7
CG106,"Optimus MVP Leg Guards; Youth; 13.5"" Shin Length",7
CG111,"Optimus MVP Leg Guards; Junior; 12 1/2"" Shin Length",7
CG105,"Optimus MVP Leg Guards; Intermediate; 14.5"" Shin Length",7
CG107,"Optimus MVP Leg Guards; Youth; 13.5"" Shin Length",7
CG112,"Optimus MVP Leg Guards; Junior; 12"" Shin Length",7
CBSY246B,"Helmax 2.0 Catcher's Set; Youth: Ages 4-6; CMHXUM,CP105,CG113",7
CBSY269B,"Helmax 2.0 Catcher's Set; Youth: Ages 6-9; CMHXUM,CP103, CG112",7
CBSY2912B,"Helmax 2.0 Catcher's Set; Youth: Ages 9-12; CMHXUM, CP102, CG106",7
CP101,"Optimus MVP Chest Protector; Adult: 16.5"" Length",7
CP102,"Opitmus MVP Chest Protector; Intermediate:15"" Torso Length",7
CP103,"Optimus MVP Chest Protector; Youth:13.5"" Torso Length",7
CP104,"Optimus MVP Chest Protector; Junior:12"" Torso Length",7
CCHS,"Coach's Helmet; S-M: 6 7/8"" - 7 1/4""",8
CCHL,"Coach's Helmet; L-XL: 7 1/4"" - 7 5/8""",8
A058,Padded Catcher's Glove; Fits Right Hand,8
A058-,"FR Padded Catcher's Glove, Fits Left Hand",8
CG28,Catcher's Knee Relievers; Youth,8
CG29,Catcher's Knee Relievers; Adult,8
NB195,Pro Square Field Screen; 7' x 7',8
NB193,Pro L-Shaped Field Screen; 7' x 7',8
NB200,Pro Versa Field Screen; 7' x 7',8
NB183,BRUTE Pitcher's Safety Screen; 7' x 7',8
NB183RS,BRUTE Pitcher's Safety Replacement Screen; 7' x 7',8
NB185,BRUTE Infield Screen; 7' X 7',8
NB185RS,BRUTE Infield Replacement Screen; 7' X 7',8
NB187,"BRUTE Sock Screen, 7' x 7'",8
NB187RS,BRUTE Sock Replacement Screen; 7' x 7',8
NB188,"BRUTE Skinny ""L"" Screen; 7' x 4'",8
NB188RS,"BRUTE Skinny ""L"" Replacement Screen; 7' x 4'",8
NBZ,"BRUTE ""Z"" Screen; 7' x 5'",8
NBZRS,"BRUTE ""Z"" Replacement Screen; 7' x 5'",8
NB103E,Pitcher's Safety Screen; 6' x 6',8
NB103RSE,Pitcher's Safety Replacement Screen; 6' x 6',8
NB105E-10,Infield Screen; 10' x 10',8
NB105E-10RS,Infield Replacement Screen; 10' x 10',8
NB173,Pitcher's Safety Screen; 7' x 7',8
NB173RS,Pitcher's Safety Replacement Screen; 7' x 7',8
NB175,Infield Screen; 7' x 7',8
NB175RS,Infield Replacement Screen; 7' x 7',8
NB177,Sock Screen; 7' x 7',8
NB177RS,Sock Replacement Screen; 7' x 7',8
NBZ2,"Field ""Z"" Screen; 7' x 5'",8
NBZ2RS,"Field ""Z"" Replacement Screen; 7' x 5'",8
NBFW,Field Screen Wheel Kit - Fits all BRUTE & Standard Field Screens,8
NB173F,Foam Padded Pitcher's Safety Screen; 7' x 7',8
NB173FRS,Replacement Screen for NB173F; 7' x 7',8
NB282E,"Triple Play Rebound Screen; 68"" x 36""",8
NB10,"Pitchback Screen; 58"" x 42""",8
NB24,"3-Way Rebound Screen; 52"" x 36""",8
NM25,"Virtual Catcher/Receiver; 52"" x 36""",8
NBBH,Replacement Bungee Hooks 10-Pack,8
NB35,MVP Training Net with TZ3 Training Zone; 7' x 7',8
NB35R,MVP Replacement 7' x 7' Tri-Zone Target,8
NB42,MVP Portable L Screen; 7' x 7',8
NB42E,MVP Portable L Screen; 7' x 7'; Bulk Packaging,8
NB44,MVP Portable Sock Screen; 7' x 7',8
NB44E,MVP Portable Sock Screen; 7' x 7'; Bulk Packaged,8
NB52E,MVP Softball Pitcher's Screen; 7' x 7',8
NB46E,MVP Backstop; 8' x 10',8
NLB,MVP Portable Barrier; 20' x 8',8
NM31,All-Purpose Training Screen; 6' x 6',8
NM33,All-Purpose Training Screen; 8' x 8',8
NB32,MVP Training Net with TZ3 Training Zone; 5' x 5' - LIMITED QUANTITIES,8
NB32E,MVP Training Net with TZ3 Training Zone; 5' x 5'; Bulk Packaging - LIMITED QUANTITIES,8
NB32R,MVP Replacement 5' x 5' Tri-Zone Target - LIMITED QUANTITIES,8
NB45E,MVP Portable Attack Angle Screen; 7' x 10' - LIMITED QUANTITIES,8
B081,Brute 2 Batting Tee,8
B082,Little Brute Batting Tee,8
B083,Brute Spring-Loaded Batting Tee,8
B084,Attack Angle Batting Tee,8
B084R,Replacement Attack Angle Adaptor,8
B062,Three-Position Batting Tee,8
B063,Five-Position Batting Tee,8
B101,MVP Rubber Batting Tee,8
B070,Pro-Grade Folding Batting Tee,8
B070R,Replacement Rubber Top,8
B050I,Heavy-Duty Rubber Batting Tee with Waffle Bottom - Retail Packaging,9
B050IM,Heavy-Duty Rubber Batting Tee - Individual Box (plain),9
B051,High-Impact Batting Tee,9
B054,Top Replacement Tube for B050,9
B055,Bottom Replacement Tube,9
B056PE,PE Replacement Tube,9
CBB92,"9"" Control Flight Ball; 4-Pack White Box",9
CBB96,"9"" Control Flight Ball; 6-Pack Retail Box",9
CBB97,"9"" Control Flight Lite Ball; 6-Pack Retail Packaging",9
CSB94,"10"" Control Flight Ball; 4-Pack White Box",9
CSB95,"10"" Control Flight Ball; 6-Pack Retail Packaging",9
CSB97,"12"" Control Flight Lite Ball; 6-Pack Retail Packaging",9
CBB48,"9"" Brute Poly Ball; 6-Piece (Retail)",9
CBB49,"9"" Brute Poly Ball; 12-Piece (Retail)",9
CBB50,"9"" Brute Poly Ball; Bulk",9
CBB-51,"9"" Poly Molded Baseball; White; Bulk",9
CBB-51Y,"9"" Poly Molded Baseball; Optic Yellow; Bulk",9
CBB-51B,"9"" Poly Molded Baseball; White; 3-Pack w/Retail Packaging",9
CBB-51C,"9"" Poly Molded Baseball; White; 6-Pack w/Retail Packaging",9
CBB-51D,"9"" Poly Molded Baseball; White; 12-Pack w/Retail Packaging",9
CBB-52,Poly Molded Golf Ball; White;12-Pack w/Retail Packaging,9
CBB-52Y,Poly Molded Golf Ball; Optic Yellow; 12-Pack w/Retail Packaging,9
CSB-51C,"12"" Poly Molded Softball; Optic Yellow; 6-Pack w/Retail Packaging",9
CSB-51Y,"12"" Poly Molded Softball; Optic Yellow; Bulk",9
CSB-51B,"12"" Poly Molded Softball; Optic Yellow; 3-Pack w/Retail Packaging -  LIMITED QUANTITIES",9
CBB-56,Dimple Molded Baseball - White,9
CBB-57,Dimple Molded Baseball with Hard PU Cover - Yellow,9
CBB-58,Dimple Molded Baseball - Yellow,9
CBB-58Y,Dimple Molded Baseball - Optic Yellow,9
CSB-57Y,"11"" Dimple Molded Softball; Optic Yellow",9
CSB-59,"12"" Dimple Molded Softball; Yellow",9
CSB-59Y,"12"" Dimple Molded Softball; Optic Yellow",9
A034,Contact Trainer Bat & Ball,9
A034P,Pro Contact Trainer Bat & Ball,9
A051,Hot Spot Bamboo Training Bat,9
A014,Bat Weight 8 oz. Retail Packaging,9
A015,Bat Weight 12 oz. Retail Packaging,9
A016,Bat Weight 16 oz. Retail Packaging,9
A017,Bat Weight 20 oz. Retail Packaging,9
CBB775S,"7.5"" Training Baseballs; 4-Pack w/Retail Packaging",9
CBB7AS,"Weighted Training Baseballs; Advanced: 10, 11 & 12 oz.; Clam Shell",9
CBB7BS,"Weighted Training Baseballs; Basic: 7, 8 & 9 oz.; Clam Shell",9
CBB7CS,"Underload Training Set: 3, 4, & 6 oz",9
CBB6S,"Assorted Weighted Training Set; 3 oz., 4 oz., 6 oz., 7 oz., 9 oz., 11 oz.",9
CBB7S,Leather Cover Weighted Training Baseballs -Set of 6,9
CBBRB,Reaction Ball; Retail Packaging,9
CPXT,Fielder's Training Glove,9
CPTT,Turn-2 Trainer,9
A027,Bat Grip Tape; Blister Pack,9
A031,Bat Grip Tape; Tire Tread,9
AF49C,Quarterback Playbook; Digital Camo; Single Book,9
AF49,Quarterback Playbook; Team Color; Single Book,9
AF50C,Quarterback Playbook; Digital Camo; Triple Book,9
AF50,Quarterback Playbook; Team Color; Triple Book,9
A035,Shockblok Bat Cap,9
A036,Shockblok Thumb Pad,9
A020,"Rosin Bag, Blister Pack, Packs of 12",9
A020R,"Rock Rosin Bag, Header Card",9
A023,Deluxe Pine Tar Kit,10
A026,"Eye Black, Blister Pack; Packs of 12",10
A032,Eye Black Stickers; Packs of 12,10
A011,"Glove Lace, 48"" Black (Pkg. of 10 laces) Available in Black or Tan",10
A028,"Glove Oil, 4oz. Bottle; Blister Pack; Packs of 12",10
A029,"Glove Conditioner, 2.4 oz.; Blister Pack; Packs of 12",10
A021,"Sports Counter, Blister Pack; Packs of 12",10
A050,Dual Pitch Counter,10
A07,Baseball or Softball Scorebook,10
A091,"Baseball or Softball Coach's Board; 10"" x 16""",10
A099BS,"Baseball or Softball Coach's Board; 12"" x 9""",10
AF61,Line-Up Cards; 25 per set; Packs of 12,10
B004DPO,Solid-Body Pro Double First Base; White & Orange Base,10
B004DPKG,Solid-Body Pro Double First Base; White & Green Base,10
B004SPW,Pro-Style Base; 3 White Bases,10
B004SPO,Pro-Style Base; 3 Orange Bases,10
B004SPKG,Pro-Style Base; 3 Green Bases,10
B001PW1,"The Hall Base; 3-Bases; White; 15"" x 15"" x 3""",10
B001PW2,"The Hall Base; 3-Bases; White; 18"" x 18"" x 2.5""",10
B001POR,"The Hall Base; 1-Base; Orange; 15"" x 15"" x 3""",10
B004,"Pro-Style Molded Double First Base; 30"" x 15"" x 2 1/2""",10
B004M,"Molded Double First Base B001X + B003; Orange & White Base; 15"" x 15"" x 3""",10
B001X,"Pro Style Molded Base Set; 3-Bases; White; 15"" x 15"" x 3""",10
B001X2,"Pro Style Molded Base Set; 3-Bases; White; 18"" x 18"" x 3""",10
B003,"Pro Style Molded Optic Orange Safety Base; 15"" x 15"" x 3""",10
B001H,Male Post for B001X Base Set 6 Pc.,10
B003G,"Pro-Style Double Anchor Post; 17""L x 8""H",10
B001XA,"Base Adapter for 15"" & 18"" Bases",10
B001XP,"Molded Welded Pro-Style Base Set; 15"" x 3""",10
B001TW,"The Spyder Base; 3-Bases; White; 15"" x 15"" x 3""",10
B001TO,"The Spyder Base; 1-Base; Orange; 15"" x 15"" x 3""",10
B001TOR,The Spyder Base Replacement Insert; Orange,10
B001TWR,The Spyder Base Replacement Insert; White,10
B002,"Professional Base Set; 3-White Bases; 15"" x 15"" x 3""",10
B002SOR,"Pro Style Impact Base; 1-Base; Orange; 15"" x 15"" x 3""",10
B002S,"Pro Style Impact Base Set; 3-Bases; White; 15"" x 15"" x 3""",10
BOSP,Smart Base Plug,10
B072,"Dislodging Base System 3-White Bases; 15"" x 15"" x 3""",10
B072S,"Dislodging Base Set; 2-Dislodging Bases and 1-Dislodging Double First Base; 15"" x 15"" x 3""",10
B073,"Dislodging Base System; 15"" x 15"" x 3""",10
B030I,Pro-Style Official Home Plate,10
B031,Official Save-A-Leg Home Plate,10
B031-S,"Replacement Spike for B031, B032, B040, B041 & B057",10
B032,"White Molded Rubber Home Plate - 1"" Thickness - 3-Spike",10
B033,"White Molded Rubber Home Plate - ½"" Thickness",10
B033B,"White Molded Rubber Home Plate - ½"" Thickness - Retail Box",10
B035,Professional Home Plate (Bury All Style) - Wood Bottom,10
B035R,Professional Home Plate (Bury All Style) - Solid Wood Construction,10
B035W,Professional Home Plate (Bury All Style) - Waffle Bottom,10
B040,"Official 3-Spike Pitcher's Rubber; 6"" x 24""; 1.75cm",10
B040B,"Official 3-Spike Pitcher's Rubber in Retail Box; 6"" x 24""; 1.75cm",10
B041,"Youth 3-Spike Pitcher's Rubber; 4"" x 18""; 1.75cm",10
B041B,"Youth 3-Spike Pitcher's Rubber in Retail Box' 4"" x 18""; 1cm",10
B042,"Official Pitcher's Rubber with Dual Stanchion Steel Anchor System; 6"" x 24""",10
B042A,"Dual Stanchion Anchor System for B042; 6"" x 24""",10
B043,"Official Four-Way Pitcher's Rubber; 6"" x 24""",10
B044,"Youth Four-Way Pitcher's Rubber; 4"" x 18""",10
B045,"Official Size Step-Down Pticher's Rubber Wood Bottom; 6"" x 24""",10
B045W,"Official Size Step-Down Pitchers's Rubber Waffle Bottom; 6"" x 24""",10
B046W,"Youth Size Step Down Pitchers's Rubber Waffle Bottom; 4"" x 18""",10
B047,Official Movable Pitcher's Rubber,10
B047-S,Replacement Spikes for B047 & B048,10
B048,Youth Movable Pitcher's Rubber,10
B049,"Youth Pitcher's Rubber with Dual Stanchion Steel Anchor System; 4"" x 18""",10
B049A,"Dual Stanchion Anchor System for B049; 4"" x 18""",10
B010,"PVC Cover Base Set; 15"" x 15"" x 3""; Set of 3",11
B011,"PVC Cover Base Set; 14"" x 14"" x 2"" ; Set of 3",11
B011S,Recreational Base Set ; 2ea B011 + 1ea B017,11
B014,"Canvas Cover Base Set; 18"" x 18"" x 3""",11
B016,"PVC Quilted Double First Base; 30"" x 15"" x 3""",11
B017,"PVC Quilted Double First Base; 28"" x 14"" x 2""",11
B019,"Steel Base Spike - 5/16"" x 9 3/4""",11
B021,4 Piece Throw Down Rubber Base; Orange,11
B021WB,"4 Piece Throw Down Rubber Base Set; White, Retail Box",11
B023,5 Piece Throw Down Rubber Base Set; Orange; Bulk,11
B023B,"5 Piece Throw Down Rubber Base Set; Orange, Retail Box",11
B026B,"1/2"" Waffle Bottom Base Set; Set of 4; Retail Box; White",11
B038,"Home Plate Extension, Orange, 25"" x 16""",11
B024,The Zone Training Home Plate,11
B024X,"The Zone Training Home Plate Extended; 28 1/2"" x 17 1/2""",11
ACC,"Cleat Cleaner; with Handle; 13"" x 12½""",11
B002H,"Male Post for B002, B004 6 Pc.",11
B005,Ground Anchor 50 Pc.,11
B007,Dig Out Tool,11
B008,Molded Rubber Base Plug - Optic Orange 25 Pc.,11
B008S,Molded Rubber Base Plug with Tassel,11
B008F,Foam Base Plug with Tassel,11
B008F3,Foam Base Plug with Tassel - 3-Pack,11
JSBJ34W,JUICE Faux-Front Short Sleeve Jersey; W: XS-3XL; Active Cloth/Pin-Dot Mesh; Classic Fit - Ea.,11
JSBJ34G,JUICE Faux-Front Short Sleeve Jersey; G: S-XL; Active Cloth/Pin-Dot Mesh; Classic Fit - Ea.,11
JSBJ32W,JUICE Full-Button Short Sleeve Jersey; W: XS-3XL*; Active Cloth/Pin-Dot Mesh; Classic Fit - Ea.,11
JSBJ32G,JUICE Full-Button Short Sleeve Jersey; G: S-XL; Active Cloth/Pin-Dot Mesh; Classic Fit - Ea.,11
JSBJ20W,JUICE Two-Button Short Sleeve Jersey; W: XS-3XL*; Z-Cloth/Pin Dot Mesh; Classic Fit - Ea.,11
JSBJ20G,JUICE Two-Button Short Sleeve Jersey; G: S-XL; Z-Cloth/Pin Dot Mesh; Classic Fit - Ea.,11
JSBJ30W,JUICE Two-Button Sleeveless Jersey; W: XS-3XL*; Z-Cloth/Pin Dot Mesh; Athletic Fit - Ea.,11
JSBJ30G,JUICE Two-Button Sleeveless Jersey; G: S-XL; Z-Cloth/Pin Dot Mesh; Athletic Fit - Ea.,11
JSBJ28W,JUICE V-Neck Racerback; W: XS-3XL*; Z-Cloth; Athletic Fit - Ea.,11
JSBJ28G,JUICE V-Neck Racerback; G: S-XL; Z-Cloth; Athletic Fit - Ea.,11
JSBJ22W,JUICE V-Neck Short Sleeve Jersey; A: XS-3XL*; Z-Cloth; Classic Fit - Ea.,11
JSBJ22G,JUICE V-Neck Short Sleeve Jersey; Y: S-XL; Z-Cloth; Classic Fit - Ea.,11
JSBJ24W,JUICE Short Sleeve Crew-Neck Jersey; A: XS-3XL*; Z-Cloth; Classic Fit - Ea.,11
JSBJ24G,JUICE Short Sleeve Crew-Neck Jersey; G: S-XL; Z-Cloth; Classic Fit - Ea.,11
JSBJ26W,JUICE Single-Ply Reversible Short Sleeve V-Neck; W:XS-3XL*; Fusion Mesh; Classic Fit - Ea.,11
JSBJ26G,JUICE Single-Ply Reversible Short Sleeve V-Neck; G: S-XL; Fusion Mesh; Classic Fit - Ea.,11
JSBP1W,JUICE Classic Cut Pant; W: S-3XL*; Tek-Knit; Athletic Fit - Ea.,11
JSBP1G,JUICE Classic Cut Pant; G: S-XL; Tek-Knit; Athletic Fit - Ea.,11
JSBP2W,JUICE Knicker Pant; W: S-3XL*; Tek-Knit; Athletic Fit - Ea.,11
JSBP2G,JUICE Knicker Pant; G: S-XL; Tek-Knit; Athletic Fit - Ea.,11
JMSS7W,"JUICE Multisport Short; 7"" Inseam; W: S-4XL*; Z-Cloth; Classic Fit - Ea.",11
JMSS7PW,"JUICE Multisport Short; 7"" Inseam w/Pockets; S-4XL; Z-Cloth; Classic Fit - Ea.",11
JMSS5W,"JUICE Multisport Short; 5"" Inseam; W: XS-3XL*; Z-Cloth; Classic Fit - Ea.",11
JMSS5G,"JUICE Multisport Short; 5"" Inseam; G: S-XL; Z-Cloth; Classic Fit - Ea.",11
JMSS5PW,"JUICE Multisport Short w/Pockets; 5"" Inseam; W: XS-3XL*; Z-Cloth; Classic Fit - Ea.",11
JMSS5PY,"JUICE Multisport Short w/Pockets; 5"" Inseam; Y: XS-XL; Z-Cloth; Classic Fit - Ea.",11
BS80W,Infinite Two-Button Short Sleeve Jersey; W: S-3XL*,11
BS80G,Infinite Two-Button Short Sleeve Jersey; G: S-L,11
BS82W,Infinite V-Neck Short Sleeve Jersey; W: S-3XL*,11
BS82G,Infinite V-Neck Short Sleeve Jersey; G: S-L,11
BS84W,Infinite V-Neck Racerback Jersey; W: S-3XL*,11
BS84G,Infinite V-Neck Racerback Jersey; G: S-L,11
BS86W,Infinite Two-Button Sleeveless Jersey; W: S-3XL*,11
BS86G,Infinite Two-Button Sleeveless Jersey; G: S-L,11
BS36W,Check V-Neck Jersey; W: S-2XL*,12
BS36G,Check V-Neck Jersey; Y: XS-L,12
BST21W,Star T-shirt; W: XS-2XL*,12
BST21G,Star T-Shirt; G: S-L,12
BST99W,Vision T-Shirt; W: XS-2XL*,12
BS20W,At Bat Sleeveless Softball Jersey; W: S-2XL*  -  LIMITED QUANTITIES,12
BS20Y,At Bat Sleeveless Softball Jersey; G: S-L  -  LIMITED QUANTITIES,12
BS23W,Curcuit 6-Button Softball Jersey; W: S-2XL*  -  LIMITED QUANTITIES,12
BS23Y,Curcuit 6-Button Softball Jersey; G: S-L  -  LIMITED QUANTITIES,12
BS28W,Legacy 2-Button Softball Jersey; W: S-2XL* - LIMITED QUANTITIES,12
BS28G,Legacy 2-Button Softball Jersey; G:: S-L  - LIMITED QUANTITIES,12
BS30W,Decoy Racerback Softball Jersey; W: S-2XL* -  LIMITED QUANTITIES,12
BS30G,Decoy Racerback Softball Jersey; G:: S-L -  LIMITED QUANTITIES,12
BS37A,Diamond 2-Button Sleeveless Jersey; W: S-2XL* -  LIMITED QUANTITIES,12
BS37Y,Diamond 2-Button Sleeveless Jersey; G:: S-L -  LIMITED QUANTITIES,12
BP302W,Pinnacle Pro Knicker Softball Pant; W: S-3XL*,12
BP302G,Pinnacle Pro Knicker Softball Pant; G: S-XL,12
BP300W,Pinnacle Pro Softball Pant; W: S-3XL*,12
BP300G,Pinnacle Pro Softball Pant; G: S-XL,12
BP11W,Tournament Low Rise Softball Pant; W: S-3XL*,12
BP11G,Tournament Low Rise Softball Pant; G:: S-XL,12
BP11KW,Tournament Knicker; W: S-3XL*,12
BP11KG,Tournament Knicker; G: S-XL,12
BP11PA,Tournament Low Rise Softball Pant; Piped; W: S-3XL*,12
BP11PY,Tournament Low Rise Softball Pant; Piped; G:: S-XL,12
BP20W,Zen Softball Pant; W: S-2XL,12
BP20G,Zen Softball Pant; G: M-XL,12
BP39W,Fireball Low Rise Softball Knicker; W: S-2XL*,12
BP39Y,Fireball Low Rise Softball Knicker; G:': XS-L,12
BP28W,Surge 2-Color Softball Pants; W: S-2XL* -  LIMITED QUANTITIES,12
BP28G,Surge 2-Color Softball Pants; G:: S-XL -  LIMITED QUANTITIES,12
BP31W,Hot Shot Compression Softball Pant; W: XS-XL -  LIMITED QUANTITIES,12
BP23W,Leadoff Low Rise Softball Pant; W: S-2XL* -  LIMITED QUANTITIES,12
BP23Y,Leadoff Low Rise Softball Pant; G: S-XL -  LIMITED QUANTITIES,12
BPS18,Take-Out Sliding Short; W: XS-2XL*,12
BPS16W,Women's Sliding Short; W: XS-2XL* - LIMITED QUANTITIES,12
CSB12,"12""/0.47/Red/Leather/Polyurethane/375/Yellow/ASA/Tournament Fastpitch",12
CSB13,"11""/0.47/Red/Leather/Polyurethane/375/Yellow/ASA/Tournament Fastpitch",12
CSB22,"12""/0.47/Red/Leather/Poly/375/Yellow/Little League/Tournament Fastpitch",12
CSB41,"11""/0.47/Blue/Leather/Polyurethane/375/Yellow/USSSA/Tournament Fastpitch",12
CSB42,"12""/0.47/Blue/Leather/Polyurethane/375/Yellow/USSSA/Tournament Fastpitch",12
CSB98,"12"" Unaffiliated for Practice Softballs",12
CSB99,"11"" Unafiliated for Practice Softballs",12
CSB5LYN,"12""/0.47/Red/Leather/Polyurethane/375/Yellow/NFHS/Tournament Fastpitch",12
CSB10Y,"12""/0.44/Red/Leather/Polyurethane/375/Yellow/ASA/Tournament Slowpitch",12
CSB20Y,"12""/0.52/Red/Leather/Polyurethane/300/Yellow/ASA/Tournament Slowpitch",12
CSB90,"11""/0.44/Blue/Leather/Polyyrethane/375/Blue/USSSA/Tournament; Slowpitch",12
CSB7,"11""/0.47/Red/Synthetic/Polyurethane/375/Yellow/ASA/Game Fastpitch",12
CSB8,"12""/0.47/Red/Synthetic/Polyurethane/375/Yellow/ASA/Game Fastpitch",12
CSB17,"11""/0.44/Red/Synthetic/Polyurethane/375/Yellow/ASA/Game Fastpitch",12
CSB18,"12""/0.44/Red/Synthetic/Polyurethane/375/Yellow/ASA/Game Fastpitch",12
CSB27,"11""/0.47Red/Synthetic/Poly/375/Yellow/Little League/Game Fastpitch",12
CSB28,"12""/0.47/Red/Synthetic/Poly/375/Yellow/Little League/Game Fastpitch",12
CSB43,"11""/0.47/Blue/Synthetic/Polyurethane/375/Yellow/USSSA/Game Fastpitch",12
CSB44,"12""/0.47/Blue/Synthetic/Polyurethane/375/Yellow/USSSA/Game Fastpitch",13
CSB5DYN,"12""/0.47/Red/Synthetic/Polyurethane/375/Yellow/NFHS/Game Fastpitch",13
CSB65,"12""/0.47/Red/Synthetic/Polyurethane/375/Yellow/Recreation Fastpitch",13
CSB66,"11""/0.47/Red/Synthetic/Polyurethane/375/Yellow/Recreation Fastpitch",13
CSB24Y,"12""/0.52/Red/Synthetic/Polyurethane/300/Yellow/ASA/Game Slowpitch",13
CSB25Y,"11""/0.52/Red/Synthetic/Polyurethane/300/Yellow/ASA/Game Slowpitch",13
CSB6Y,"12""/0.44/Red/Synthetic/Polyurethane/375/Yellow/ASA/Game Slowpitch",13
CSB68,"12"" Slowpitch Practice Softball",13
CSB69,"11"" Slowpitch Practice Softball",13
CSB83,"11""/0.44/Blue/Synthetic/Polyurethane/400/Yellow/USSSA/Game Slowpitch",13
CSB84,"12""/0.40/Blue/Synthetic/Polyurethane/325/Yellow/USSSA/Game Slowpitch",13
CSB88,"12""/0.47/Blue/Synthetic/Polyurethane/450/Yellow/USSSA/Game Slowpitch",13
CSB89,"12""/0.44/Blue/Durahide/Polyyrethane/375/Blue/USSSA/Tournament; Slowpitch",13
CSB62,"12""/SAFE-T-SOFT/Synthetic/Optic Yellow",13
CSB63,"11""/SAFE-T-SOFT/Synthetic/Optic Yellow",13
CSB67,"10""/SAFE-T-SOFT/Synthetic/Optic Yellow",13
CSB-XB11,"11"" Vex Practice Softball",13
CSB-XB12,"12"" Vex Practice Softball",13
CSBGEM,"12"" Gem Softball",13
CSB5T,"11"" USA Thermo-Grip Fastpitch Softball",13
CSB6T,"12"" USA Thermo-Grip Fastpitch Softball",13
CSB-16,"16"" Chicago Softball",13
CSB52S,"12"" Striped Training Softball Set; Retail Packaging",13
CSB7AS,"12"" Weighted Training Softballs; Advanced; 11 & 12 oz.; Retail Packaging",13
CSB7BS,"12"" Weighted Training Softballs; Basic; 9 & 10 oz.; Retail Packaging",13
CSB7S,"12"" Weighted Training Softballs; 9, 10, 11, & 12 oz.; Retail Packaging",13
CSB-712,"12"" Weighted Training Softball; 12 oz.; Bulk",13
CSB-712CS,"12"" Weighted Training Softball; 12 oz.; Retail",13
HXEFPMM,"HXE Fastpitch Matte Batting Helmet; M (6.5"" - 7"")",13
HXEFPML,"HXE Fastpitch Matte Batting Helmet; L (6 7/8"" - 7.5"")",13
HXEFPM2M,"HXE Fastpitch Matte Two-Tone Batting Helmet; M (6.5"" - 7"")",13
HXEFPM2L,"HXE Fastpitch Matte Two-Tone Batting Helmet; L (6 7/8"" - 7 5/8"")",13
HXEFPSS,"HXE Fastpitch Uncoated Batting Helmet; S (6"" - 6.5"")",13
HXEFPSM,"HXE Fastpitch Uncoated Batting Helmet; M (6.5"" - 7 1/8"")",13
HXEFPSL,"HXE Fastpitch Uncoated Batting Helmet; L (6 7/8"" - 7.5"")",13
HXFPM2J,"HX Rise Legend Batting Helmet w/Facemask; Medium (JR) ( 6.5"" - 7"") -  LIMITED QUANTITIES",13
HXFPM2S,"HX Rise Legend Batting Helmet w/Facemask; Large (SR) (7"" - 7.5"") -  LIMITED QUANTITIES",13
HXFPG2J,"HX Rise Pro Batting Helmet w/Facemask; Medium (JR) ( 6.5"" -7 1/8""); Two-Tone; Glossy Finish -  LIMITED",13
HXFPG2S,"HX Rise Pro Batting Helmet w/Facemask; Large (SR) (7"" - 7.5""); Two-Tone; Glossy Finish -  LIMITED",13
HXFPMJ,"HX Rise Batting Helmet w/Facemask; Medium (JR) (6.5"" -7 1/8""); Solid Color; Matte Finish -  LIMITED",14
HXFPMS,"HX Rise Batting Helmet w/Facemask; Large (SR) (7"" - 7.5""); Solid Color; Matte Finish -  LIMITED",14
HXFPUT,"HX Rookie Fastpitch Batting Helmet w/Facemask; Small (T-Ball) (6"" - 6.5""); Solid Color; Uncoated Finish -",14
HXFPUJ,"HX Rookie Fastpitch Batting Helmet w/Facemask; Medium (JR) (6 1/2""- 7 1/8""); Solid Color; Uncoated Finish -",14
HXFPUS,"HX Rookie Fastpitch Battng Helmet w/Facemask; Large (SR) (7"" - 7 1/2""); Solid Color; Uncoated Finish",14
CM03,"Sentry Fielder's Mask; A: 6 3/4"" - 7.5""",14
CM03Y,"Sentry Fielder's Mask; Y: 6 1/""4 - 6 3/4""",14
CM03C,Sentry Replacement Chin Cup,14
CM03CCH,Sentry Replacement Chin Cup; Retail Packaging,14
CM03H,Sentry Replacement Harness,14
CM03L,Sentry Replacement Liner Pads,14
CM02,Rampage Softball Fielder's Facemask; A: 6 3/4 - 7 1/2; Black or White,14
CM02Y,Rampage Softball Fielder's Facemask; Y: 6 1/4 - 6 3/4; Black or White,14
CM02H,Rampage Softball Fielder's Facemask; A: 6 3/4 - 7 1/2; Heather -  LIMITED QUANTITIES,14
CM02HY,Rampage Softball Fielder's Facemask; Y: 6 1/4 - 6 3/4; Heather -  LIMITED QUANTITIES,14
CM02CC,Rampage Replacement Chin Cup; Bulk,14
CM02L,Rampage Replacement Liner Pads; Bulk,14
CBSF10,Optimus Pro Fastpitch Kit; Ages 9-12,14
CBSF11,Optimus Pro Fastpitch Kit; Ages 12+,14
CBSF8,Optimus MVP Fastpitch Catcher's Set; Youth Ages 6-9,14
CBSF9,Optimus MVP Fastpitch Catcher's Set; Yout Ages 9-12,14
BSR3,Umpire Polo; A: S-3XL*,14
BPR2,"The Field Combo Umpire Pant: 30""-46""; Gray",14
A069,Umpire PU Leather Belt; S-4XL,14
A071,Umpire Patent Leather Belt; S-4XL,14
BSR1,UMP DRI-GEAR® Jersey; A: S-4XL* -  LIMITED QUANTITIES,14
E52,"Umpire Bag; 36""L x 16""W x 17""D",14
CM63B,Mask with PVC Ergo-Fit Pads; 27 oz.,14
CM71,"Bio-Fresh Light Weight Mask with Leather Pads; 18 oz.; Colors: Black, Silver",14
CM72,"DRI-GEAR Light Weight Mask with PVC Ergo-Fit Pads; 18 oz.; Colors: Blk, Slv",14
CM60H,"Mask Harness - Adult, Black Only",14
CM60RP,DRI-GEAR® Replacement Pads,14
CPAMT13,"Air Management Plated Umpire Chest Protector 13"" H",14
CPAMT14,"Air Management Plated Umpire Chest Protector 14"" H",14
CPAMT16,"Air Management Plated Umpire Chest Protector 16"" H",14
CP13B,PRO-PLUS Umpire Chest Protector - XL,14
CP135,PRO-PLUS Umpire Chest Protector - Large,14
CP14B,PRO-PLUS Umpire Chest Protector - Medium,14
CP07-B,Umpire Outside Chest Protector,14
CP15,Shoulder Extension for CP13 & CP14 (sold in pairs),14
CP16,Abdomen Extension for CP13 & CP14,14
CP9,MVP Umpire Inside Protector,14
CG370,"PRO-PLUS 17"" Umpire Leg Guard; Black",14
CG108-B,Single Knee Leg Guard; Black,14
CBSUVK,Professional Umpire Kit,14
CBSUSK,Performance Umpire Kit,14
CM06-B,"6.5"" Throat Guard; Colors: Black",14
CM07-B,"4.5"" Throat Guard; Colors: Black",14
CM07H,"4.5"" Throat Guard; Colors: Black - Retail Package",14
CMSV,Sun Visor,14
A038P,"Umpire Indicator, 4 Dial, Steel; Optic Yellow; Bulk Pack; Packs of 12",15
A040,Wood Handle Umpire Brush; Blister Pack; Packs of 12,15
A040P,"Wood Handle Umpire Brush, Bulk Pack; Packs of 12",15
A042,"Umpire Indicator, Trad. 4 Dial, Optic Yellow; Blister Pack; Packs of 12",15
A044P,"Plastic Handle Umpire Brush, Bulk Pack; Packs of 12",15
A047,Professional Umpire Ball Bag. Colors: Black,15
A048,4-Dial Umpire Indicator; Blister Pack - Packs of 12,15
A049,"Umpire Kit (Includes A045, A040, & A048); Colors: Black & Navy",15
AF22,Referee Wallet - Side Flip 12 DZ.,15
JFZJ2A,JUICE Full Zip Jacket; A: S-4XL*; Fleece; Classic Fit - Ea.,15
JFZJ4W,JUICE Full Zip Jacket; W: XS-3XL*; Fleece; Classic Fit - Ea.,15
JFZJ2Y,JUICE Full Zip Jacket; Y: XS-XL; Fleece; Classic Fit - Ea.,15
JFLZH1A,JUICE Full Zip Hoodie; A: S-4XL*; Fleece; Classic Fit - Ea.,15
JFLZH1W,JUICE Full Zip Hoodie; W: XS-3XL*; Fleece; Classic Fit - Ea.,15
JFLZH1Y,JUICE Full Zip Hoodie; Y: XS-XL; Fleece; Classic Fit - Ea.,15
JFLH10A,JUICE Raglan Classic Hoodie; A: S-4XL*; Fleece; Classic Fit - Ea.,15
JFLH10W,JUICE Raglan Classic Hoodie; W: XS-3XL*; Fleece; Classic Fit - Ea.,15
JFLH10Y,JUICE Raglan Classic Hoodie; Y: S-XL; Fleece; Classic Fit - Ea.,15
JFLH6A,JUICE Classic Hoodie; A: S-4XL*; Fleece; Classic Fit - Ea.,15
JFLH6Y,JUICE Classic Hoodie; Y: XS-XL; Fleece; Classic Fit - Ea.,15
JFLC2A,JUICE Raglan Crew; A: S-4XL*; Fleece; Classic Fit - Ea.,15
JFLC2W,JUICE Raglan Crew; W: XS-3XL*; Fleece; Classic Fit - Ea.,15
JFLC2Y,JUICE Raglan Crew; Y: S-XL; Fleece; Classic Fit - Ea.,15
JFLH4A,JUICE Long Sleeve T-Shirt Hoodie; A; S-4XL*; Active Cloth; Classic Fit - Ea.,15
JFLH4Y,JUICE Long Sleeve T-Shirt Hoodie; Y: S-XL; Active Cloth; Classic Fit - Ea.,15
JFLH4W,JUICE Long Sleeve T-Shirt Hoodie; W: XS-3XL*; Active Cloth; Classic Fit - Ea.,15
JFLH4G,JUICE Long Sleeve T-Shirt Hoodie; G: S-XL; Active Cloth; Classic Fit - Ea.,15
JFLH4PA,JUICE Long Sleeve T-Shirt Hoodie w/Pocket; A; S-4XL*; Active Cloth; Classic Fit - Ea.,15
JFLH4PY,JUICE Long Sleeve T-Shirt Hoodie w/Pocket; Y: S-XL; Active Cloth; Classic Fit - Ea.,15
JFLH4PW,JUICE Long Sleeve T-Shirt Hoodie w/Pocket; W: XS-3XL*; Active Cloth; Classic Fit - Ea.,15
JFLH4PG,JUICE Long Sleeve T-Shirt Hoodie w/Pocket; G: S-XL; Active Cloth; Classic Fit - Ea.,15
JFLH7A,JUICE Short Sleeve T-Shirt Hoodie; A: S-4XL*;  Active Cloth; Classic Fit - Ea.,15
JFLH7Y,JUICE Short Sleeve T-Shirt Hoodie; Y: S-XL; Active Cloth; Classic Fit - Ea.,15
JFLH7W,JUICE Short Sleeve T-Shirt Hoodie; W: XS-3XL*; Active Cloth; Classic Fit - Ea.,15
JFLH7G,JUICE Short Sleeve T-Shirt Hoodie; G: S-XL*; Active Cloth; Classic Fit - Ea.,15
JFLH7PA,JUICE Short Sleeve T-Shirt Hoodie w/Pocket; A: S-4XL*; Active Cloth; Classic Fit - Ea.,15
JFLH7PY,JUICE Short Sleeve T-Shirt Hoodie w/Pocket; Y: S-XL; Active Cloth; Classic Fit - Ea.,15
JFLH7PW,JUICE Short Sleeve T-Shirt Hoodie w/Pocket; W: XS-3XL*; Active Cloth; Classic Fit - Ea.,15
JFLH7PG,JUICE Short Slleve T-Shirt Hoodie w/Pocket; G: S-XL; Active Cloth; Classic Fit - Ea.,15
JFLH5A,JUICE Sleeveless T-Shirt Hoodie; A: S-4XL*; Active Cloth; Classic Fit - Ea.,15
JFLH5Y,JUICE Sleeveless T-Shirt Hoodie; Y: S-XL; Active Cloth; Classic Fit - Ea.,15
JFLH5PA,JUICE Sleeveless T-Shirt Hoodie w/Pocket; A: S-4XL*; Active Cloth; Classic Fit - Ea.,15
JFLH5PY,JUICE Sleeveless T-Shirt Hoodie w/Pocket; Y: S-XL; Active Cloth; Classic Fit - Ea.,15
JFLQ8A,JUICE 1/4 Zip Long Sleeve Pullover; A: S-4XL*; Active Cloth; Classic Fit - Ea.,15
JFLQ8W,JUICE 1/4 Zip Long Sleeve Pullover; W: XS-3XL*; Active Cloth; Classic Fit - Ea.,15
JFLQ8Y,JUICE 1/4 Zip Long Sleeve Pullover; Y: XS-XL; Active Cloth; Classic Fit - Ea.,15
JFLQ6A,JUICE 1/4 Zip Short Sleeve Pullover; A: S-4XL*; Active Cloth; Classic Fit - Ea.,15
JC01A,JUICE Cabana Shirt; A: S-5XL*; C-Tec; Classic Fit - Ea.,15
JC01TA,JUICE Cabana Shirt; Tall; A: S-5XL*; C-Tec; Classic Fit - Ea.,15
JCY01A,JUICE Chaser Cyclinbg Jersey; A: S-4XL*; Ice Compression; Athletic - Ea.,15
JPL3A,JUICE Polo Shirt; A: S-4XL*; Active Cloth; Athletic Fit - Ea.,15
JPL3W,JUICE Polo Shirt; W: XS-3XL*; Active Cloth; Athletic Fit - Ea.,15
JPL3Y,JUICE Polo Shirt; Y: S-XL; Active Cloth; Athletic Fit - Ea.,15
JPL3LSA,JUICE Long Sleeve Polo; A: S-4XL*; Active Cloth; Athletic Fit - Ea.,15
JPL3LSW,JUICE Long Sleeve Polo; W: XS-3XL*; Active Cloth; Athletic Fit - Ea.,15
JPL3LSY,JUICE Long Sleeve Polo; Y: XS-XL; Active Cloth; Athletic Fit - Ea.,15
JBST21A,JUICE Raglan Short Sleeve T-Shirt; A: S-5XL*; Power Stretch/Pin-Dot Mesh; Athletic Fit - Ea.,15
JBST20W,JUICE Raglan Short Sleeve T-Shirt; W: XS-3XL*; Power Stretch/Pin-Dot Mesh; Athletic Fit - Ea.,15
JBST21Y,JUICE Raglan Short Sleeve T-Shirt; Y: XS-XL; Power Stretch/Pin-Dot Mesh; Athletic Fit - Ea.,15
JBST8LSA,JUICE Crew-Neck Long Sleeve T-Shirt; A: S-4XL*; Z-Cloth; Classic Fit - Ea.,15
JBST8LSW,JUICE Crew-Neck Long Sleeve T-Shirt; W: XS-3XL*; Z-Cloth; Classic Fit - Ea.,15
JBST8LSY,JUICE Crew-Neck Long Sleeve T-Shirt; Y: XXS-XL; Z-Cloth; Classic Fit - Ea.,16
JBST8W,JUICE Crew-Neck Short Sleeve T-Shirt; W: XS-3XL*; Z-Cloth; Classic Fit - Ea.,16
JBST8G,JUICE Crew-Neck Short Sleeve T-Shirt; Y: 2XS-XL; Z-Cloth; Classic Fit - Ea.,16
JMSV1A,JUICE V-Neck Short Sleeve T-Shirt; A: S-3XL*; Z-Cloth; Classic Fit - Ea.,16
JMSV1Y,JUICE V-Neck Short Sleeve T-Shirt; Y: XXS-XL; Z-Cloth; Classic Fit - Ea.,16
JBST1W,JUICE V-Neck Cap Sleeve T-Shirt; W: XS-3XL*; Z-Cloth; Athletic - Ea.,16
JBST1G,JUICE V-Neck Cap Sleeve T-Shirt; Y: S-XL; Z-Cloth; Athletic Fit - Ea.,16
JSBJ2W,JUICE V-Neck Short Sleeve Jersey; W: XS-3XL*; Z-Cloth; Classic Fit - Ea.,16
JSBJ2G,JUICE V-Neck Short Sleeve T-Shirt; Y: S-XL; Z-Cloth; Classic Fit - Ea.,16
JSBJ2TW,JUICE V-Neck Short Sleeve Jersey; Tall; A: XS-3XL*; Z-Cloth; Classic Fit - Ea.,16
JSBJ2TG,JUICE V-Neck Short Sleeve Jersey; Tall; Y: S-XL; Z-Cloth; Classic Fit - Ea.,16
JBST1LSW,JUICE Long Sleeve V-Neck Jersey; W: XS-3XL*; Z-Cloth; Athletic Fit - Ea.,16
JBST1LSG,JUICE V-Neck Long Sleeve T-Shirt; G: S-XL; Z-Cloth; Athletic Fit - Ea.,16
JBST1LSTW,JUICE Long Sleeve V-Neck Jersey; Tall; W: XS-3XL*; Z-Cloth; Athletic Fit - Ea.,16
JBST1LSTG,JUICE Long Sleeve V-Neck Jersey; Tall; G: S-XL; Z-Cloth; Athletic Fit - Ea.,16
JSBJ2LSW,JUICE V-Neck Long Sleeve Jersey; W: XS-3XL*; Active Cloth; Classic Fit - Ea.,16
JSBJ2LSG,JUICE V-Neck Long Sleeve Jersey; G: S-XL; Active Cloth; Classic Fit - Ea.,16
JMST1A,JUICE Crew-Neck Tank; A: S-4XL*; Z-Cloth/FlexDri Mesh; Classic Fit - Ea.,16
JBST8VA,JUICE Crew-Neck Sleeveless Jersey; A: S-4XL*; Z-Cloth; Classic Fit - Ea.,16
JBST8VY,JUICE Crew-Neck Sleeveless Jersey; Y: S-XL; Z-Cloth; Classic Fit - Ea.,16
JCC1A,JUICE Compression Half Sleeve Crew-Neck Jersey; A: S-4XL*; Ice Compression; Stretch Fit - Ea.,16
JCC1Y,JUICE Compression Half Sleeve Crew-Neck Jersey; Y: S-XL; Ice Compression; Stretch Fit - Ea.,16
JCC2A,JUICE Compression Sleeveless Crew-Neck Jersey; A: S-4XL*; Ice Compression; Stretch Fit - Ea.,16
JCC2Y,JUICE Compression Sleeveless Crew-Neck Jersey; Y: S-XL; Ice Compression; Stretch Fit - Ea.,16
JFLJ8A,JUICE Jogger; A: S-4XL*; Fleece; Athletic Fit - Ea.,16
JFLJ8W,JUICE Jogger; W: XS-3XL*; Fleece; Athletic Fit - Ea.,16
JFLJ8Y,JUICE Jogger; Y: XS-XL; Fleece; Athletic Fit - Ea.,16
JFLJ8TA,JUICE Jogger; Tall; A: S-4XL*; Fleece; Athletic Fit - Ea.,16
JFLJ8TW,JUICE Jogger; Tall; W: XS-3XL*; Fleece; Athletic Fit - Ea.,16
JFLJ8TY,JUICE Jogger; Tall; Y: XS-XL; Fleece; Athletic Fit - Ea.,16
JFLJ10A,JUICE Track Pant w/Ankle Zips; A: S-4XL*; Fleece; Classic Fit - Ea.,16
JFLJ10W,JUICE Track Pant w/Ankle Zips; W: XS-3XL*; Fleece; Classic Fit - Ea.,16
JFLJ10Y,JUICE Track Pant w/Ankle Zips; Y: XS-XL; Fleece; Classic Fit - Ea.,16
JFLJ10TA,JUICE Track Pant w/Ankle Zips; Tall; A: S-4XL*; Fleece; Classic Fit - Ea.,16
JFLJ10TW,JUICE Track Pant w/Ankle Zips; Tall; W: XS-3XL*; Fleece; Classic Fit - Ea.,16
JAS2,JUICE Arm Sleeve; A: XS-XL; Compression; Stretch Fit - Ea.,16
JMSS11A,JUICE Stretch Woven Short w/Liner; A: S-4XL*; Stretch Woven/Ice Compression; Athletic Fit - Ea.,16
JMSS11Y,JUICE Stretch Woven Short w/Liner; Y: XS-XL; Stretch Woven/Ice Compression; Athletic Fit - Ea.,16
JMSS10W,JUICE Stretch Woven Short w/Liner; W: XS-3XL*; Stretch Woven/Ice Compression; Athletic Fit - Ea.,16
JMSS9A,"JUICE Multisport Short; 9"" Inseam; A: S-4XL*; Z-Cloth; Classic Fit - Ea.",16
JMSS9PA,"JUICE Multisport Shirt; 9"" Inseam; W/Pocket; A: S-4XL*; Z-Cloth; Classic Fit - Ea.",16
JMSW5A,"JUICE Woven Short; 5"" Inseam; A: S-4XL*; Stretch Woven; Classic Fit - Ea.",16
JMSW7A,"JUICE Stretch Woven Poplin Short; 7"" Inseam; A: S-4XL*; Stretch Woven; Classic Fit - Ea.",16
JMSB5A,"JUICE Stretch Woven Multisport Short; 5"" Inseam; A: S-3XL*; Stretch Woven; Classic Fit - Ea.",16
JMSB5W,"JUICE Stretch Woven Multisport Short; 5"" Inseam; W: XS-3XL*; Stretch Woven; Classic Fit - Ea.",16
JMSB5PA,"JUICE Stretch Woven Multisport Short w/Pockets; 5"" Inseam; A: S-3XL*; Stretch Woven; Classic Fit - Ea.",16
JMSB5PW,"JUICE Stretch Woven Multisport Short w/Pockets; 5"" Inseam; W: XS-3XL*; Stretch Woven; Classic Fit - Ea.",16
JMSS7A,"JUICE Multisport Short; 7"" Inseam; A: S-4XL*; Z-Cloth; Classic Fit - Ea.",16
JMSS7Y,"JUICE Multisport Short; 7"" Inseam; Y: XS-XL; Z-Cloth; Classic Fit - Ea.",16
JMSS7PA,"JUICE Multisport Short w/Pockets; 7"" Inseam; A: S-4XL*; Z-Cloth; Classic Fit - Ea.",16
JMSS7PY,"JUICE Multisport Short w/Pockets; 7"" Inseam; Y: XS-XL; Z-Cloth; Classic Fit - Ea.",16
JMSS5A,"JUICE Multisport Short; 5"" Inseam; A: S-4XL*; Z-Cloth; Classic Fit - Ea.",16
JMSS5Y,"JUICE Multisport Short; 5"" Inseam; Y: XS-XL; Z-Cloth; Classic Fit - Ea.",16
JMSS5PA,"JUICE Multisport Short w/Pockets; 5"" Inseam; A: S-4XL*; Z-Cloth; Classic Fit - Ea.",16
JMSS5PG,"JUICE Multisport Short w/Pockets; 5"" Inseam; G: S-XL; Z-Cloth; Classic Fit - Ea.",17
F-B1,"JUICE Microfleece Blanket; 50"" x 60"" - Ea.",17
JIB24P,JUICE 2' x 4' Indoor Banner with Pocket - Ea.,17
J-IB35P,JUICE 3' x 5' Indoor Banner with Pocket - Ea.,17
J-IB48P,JUICE 4' x 8' Indoor Banner with Pocket - Ea.,17
J-IB53P,JUICE 5' x 3' Indoor Banner with Pocket - Ea.,17
J-IB84P,JUICE 8' x 4' Indoor Banner with Pocket - Ea.,17
J-TT6S,"JUICE 6' Standard Table Throw; Table Size: 72""W x 28""H x 30""D; Knitted Poly Twill - Ea.",17
J-TT8S,"JUICE 8' Standard Table Throw; Table Size: 96""W x 28""H x 30""D; Knitted Poly Twill - Ea.",17
J-TT10S,"JUICE 10' Standard Table Throw; Table Size: 120""W x 28""H x 30""D; Knitted Poly Twill - Ea.",17
J-TT6E,"JUICE Econo 6' Table Throw with 9"" Hang; Table Size: 72""W x 28""H x 30""D; Knitted Poly Twill - Ea.",17
J-TT8E,"JUICE Econo 8' Table Throw with 9"" Hang; Table Size: 96""W x 28""H x 30""D; Knitted Poly Twill - Ea.",17
J-TT10E,"JUICE Econo 10' Table Throw with 9"" Hang; Table Size: 120""W x 28""H x 30""D; Knitted Poly Twill - Ea.",17
J-TT4F,"JUICE 4' Athletic Fit Table Throw; Table Size: 48""W x 36""H x 24""D; Knitted Poly Twill - Ea.",17
J-TT6F,"JUICE 6' Athletic Fit Table Throw; Table Size: 72""W x 28""H x 30""D; Knitted Poly Twill - Ea.",17
J-TT8F,"JUICE 8' Athletic Fit Table Throw; Table Size: 96""W x 28""H x 30""D; Knitted Poly Twill - Ea.",17
J-TR28,"JUICE Table Runner; 80""L x 28""H; Knitted Poly Twill - Ea.",17
J-TR57,"JUICE Table Runner; 80""L x 57""H; Knitted Poly Twill - Ea.",17
CJ01A,Lightning Compression 2.0 Sleeveless Shirt; A: S-4XL*,17
CJ01Y,Lightning Compression 2.0 Sleeveless Shirt; Y: S-L,17
CJ09A,Lightning Compression 2.0 Half Sleeve Shirt; A: S-4XL*,17
CJ09Y,Lightning Compression 2.0 Half Sleeve Shirt; Y: S-L,17
CS05A,Lightning Compression 2.0 Tight; A: S-4XL*,17
CS05Y,Ligthtning Compression 2.0 Tight; Y: S-L,17
CS11A,Lightning Compression 2.0 Short; A: S-4XL*,17
CS11Y,Lightning Compression 2.0 Short; Y: S-L,17
CS13A,Lightning Compression 2.0 Three-Quarter Length Tight; A: S-4XL*,17
CS13Y,Lightning Compression 2.0 Three-Quarter Length Tight; Y: S-l,17
CWCJ01A,Cold Weather 2.0 Compression Long Sleeve Shirt; A: S-4XL*,17
CWCJ01Y,Cold Weather 2.0 Compression Long Sleeve Shirt; Y: S-L,17
CWCS03A,Cold Weather 2.0 Compression Tight; A: S-4XL*,17
CWCS03Y,Cold Weather 2.0 Compression Tight; Y: S-L,17
CWCJ1A,Cold Weather Compression Long Sleeve Shirt; A: S-4XL* - Limited Quantities,17
CWCJ1Y,Cold Weather Compression Long Sleeve Shirt; Y: S-L - Limited Quantities,17
CWCS2A,Cold Weather Compression Tight; A: S-4XL* - Limited Quantities,17
CWCS2Y,Cold Weather Compression Tight; Y:: S-L - Limited Quantities,17
CJ1A,Lightning Compression Sleeveless Crew-Neck Shirt; A: S-4XL* - Limited Quantities,17
CJ1Y,Lightning Compression Sleeveless Crew-Neck Shirt; Y: S-L - Limited Quantities,17
CJ2A,Lightning Compression Half-Sleeve Crew-Neck Shirt; A: S-4XL* - Limited Quantities,17
CJ2Y,Lightning Compression Half-Sleeve Crew-Neck Shirt; Y: S-L - Limited Quantities,17
CJ3A,Lightning Compression Long Sleeve Crew-Neck Shirt; A: S-4XL* - Limited Quantities,17
CJ3Y,Lightning Compression Long Sleeve Crew-Neck Shirt; Y: S-L - Limited Quantities,17
CJ7A,Lightning Compression 3/4 Sleeve Crew-Neck Shirt; A: S-4XL* - Limited Quantities,17
CJ7Y,Lightning Compression 3/4 Sleeve Crew-Neck Shirt; Y: S-L - Limited Quantities,17
CS4A,Lightning Compression Short; A: S-4XL* - Limited Quantities,17
CS4Y,Lightning Compression  Short; Y:: S-L - Limited Quantities,17
VFH1A,Victory Fleece Hoodie; A: S-4XL*,17
VFH1W,Victory Fleece Hoodie; W: XS-3XL*,17
VFH1Y,Victory Fleece Hoodie; Y: XS-XL,17
VFSP1A,Victory Fleece Sweatpants; A: S-4XL*,17
VFSP1W,Victory Fleece Sweatpants; W: XS-3XL*,17
VFSP1Y,Victory Fleece Sweatpants; Y: XS-XL,17
VFZH1A,Victory Fleece Zip Up Hoodie; A: S-4XL*,17
VFZH1W,Victory Fleece Zip Up Hoodie; W: XS-3XL*,17
VFZH1Y,Vicotry Fleece Zip Up Hoodie; Y: XS-XL,17
VFCH1W,Victory Fleece Women's Crop Hoodie; W: S-3XL*,17
VFQZ1A,Victory Fleece Men's Quarter-Zip Pullover; A: S-4XL*,17
VFSH1A,Victory Fleece Men's Split-Hem Sweatshirt; A: S-4XL*,17
VFSH2W,Victory Fleece Women's Split-Hem Sweatshirt; W: XS-3XL*,17
FLH2A,Lineup Fleece Hoodie; A: S-4XL*,18
FLH2W,Lineup Fleece Hoodie; W: XS-3XL*,18
FLH2Y,Lineup Fleece Hoodie; Y: S-XL,18
FLP1A,Lineup Fleece Track Pant; A: S-4XL*,18
FLP1W,Lineup Fleece Track Pant; W: S-3XL*,18
FLC6A,Lineup Fleece Zip-Up Hoodie; A: S-4XL*,18
FLC6Y,Lineup Fleece Zip-Up Hoodie; Y: S-XL,18
FLC4A,Lineup Fleece Men's Quarter-Zip Pullover; A: S-4XL*,18
FLC5W,Lineup Fleece Women's Cropped Sweatshirt; W: S-3XL*,18
TSJ1A,Tempo Travel Jacket; A: S-5XL*,18
TSJ1AT,Tempo Travel Jacket; Tall; A: L-4XL*,18
TSJ1Y,Tempo Travel Jacket; Y: XS-XL,18
TSP1A,Tempo Travel Pant; A: S-4XL*,18
TSP1AT,"Tempo Travel Pant; Tall +2"" Inseam; A: L-4XL*",18
TSP1Y,Tempo Travel Pant; Y: XS-XL,18
TSJ0W,Tempo Travel Jacket; W: XS-3XL*,18
TSJ0WT,Tempo Travel Jacket; Tall; W: XS-3XL*,18
TSP0W,Tempo Travel Pant; W: XS-3XL*,18
TSP0WT,"Tempo Travel Pant; Tall +2"" Inseam; W: XS-3XL*",18
Q01A,Striker Quarter-Zip Pullover; A: S-4XL*,18
Q03A,Tactic Quarter-Zip Pullover; A: S-4XL*,18
UV01A,Striker Long Sleeve Hoodie; A: S-4XL*,18
UV01Y,Striker Long Sleeve Hoodie; Y: XS-XL,18
FLQ4A,Performance Quarter-Zip Pullover; A: S-4XL*,18
FLQ4Y,Performance Quarter-Zip Pullover; Y: S-XL,18
PL4A,Varsity Short Sleeve Polo; A: S-4XL*,18
PL5A,Pique Short Sleeve Polo; A: S-4XL*,18
PL7,Pulse Polo; A: S-5XL*,18
T100A,Arena Crew-Neck T-Shirt; A: S-4XL*,18
T100W,Arena Crew-Neck T-Shirt; W: XS-3XL*,18
T201A,Tackle T-Shirt; A: S-4XL*,18
T201Y,Tackle T-Shirt; Y: XS-XL,18
T202W,Tackle T-Shirt; W: XS-3XL*,18
T301A,Rookie T-Shirt; A: S-4XL*,18
T301Y,Rookie T-Shirt; Y: XS-XL,18
T302W,Rookie T-Shirt; W: XS-3XL*,18
BSTK19A,Double Stock Reversible T-Shirt; A: S-2XL*,18
BSTK19Y,Double Stock Reversible T-Shirt; Y: S-L,18
BST99LSA,Vision Long Sleeve T-Shirt; A: S-4XL*,18
BST99LSW,Vision Long Sleeve T-Shirt; W: XS-2XL*,18
BST99LSY,Vision Long Sleeve T-Shirt; Y: XS-L,18
BST00A,Vision Sleeveless T-Shirt; A: S-4XL*,18
BSTK9A,Double Stock Reversible Tee; A: S-3XL* -  LIMITED QUANTITIES,18
BSTK9Y,Double Stock Reversible Tee; Y: S-XL -  LIMITED QUANTITIES,18
BBS44A,"Vision Short; 9"" Inseam; A: S-3XL*",18
BBS44Y,"Vision Short; 7"" Inseam; Y: S-XL",18
BBS44W,"Vision Short; 5"" Inseam; W: S-2XL*",18
BBS44G,"Vision Short; 5"" Inseam; G: S-L",18
BBS447A,"Vision Short; 7"" Inseam; A: S-3XL*",18
BBS33A,"Victorious Short; 9"" Inseam; A: S-3XL*",18
BBS33Y,"Victorious Short; 7"" Inseam; Y: S-XL",18
BBS337A,"Victorious Short; 7"" Inseam; A: S-3XL*",18
BBS66A,"Limitless Pocket Short; 9"" Inseam; A: S-4XL*",18
BBS66W,"Limitless Pocket Short; 5"" Inseam; W: XS-2XL*",18
BBS66Y,"Limitless Pocket Short; 7"" Inseam; Y: S-L",18
BBS667A,"Limitless Pocket Short; 7"" Inseam; A: S-4XL*",18
SHR1A,"Tech Stretch Woven Short; 7"" Inseam; A: S-4XL*",18
BBS55A,"Dynamic Tricot Mesh Short; 9"" Inseam; A: S-3XL*",18
BBS55Y,"Dynamic Tricot Mesh Short; 7"" Inseam; Y: S-XL",18
BBS557A,"Dynamic Tricot Mesh Short; 7"" Inseam; A: S-3XL*",18
BBM9,"Boss 9 Polyester Micromesh Short, 9"" Inseam; A: XS-3XL*",19
BBM7,"Boss 7 Polyester Micromesh Short, 7"" Inseam; A: XS-2XL*",19
AS1,Professional Athletic Sock; S-L,19
AS2,Multisport Athletic Sock; XS-L,19
AS5,Featherweight Athletic Sock; XS-L,19
AS3,Striped Sock; XS-L,19
AS9,Rival Crew Sock; S/M; L/XL,19
AS96,Rival Crew Sock; S/M; L/XL; 6-Pack,19
AS11,OTK Sock; XS-L,19
AS6,Player Sock; XS-L,19
AS8,Skate Baselayer Hockey Socks; XS-L; Black/Grey,19
AS10,Striped Soccer Sock; XS-L,19
DA1BB,"Ace Baseball Bag; 21""H x 12 1/2""W x 10""D",19
DC1BB,"Contender Baseball Bag; 19""H x 13""W x 10""D",19
DP1BB,"Prospect Baseball Bag; 16""H x 12""W x 8""D",19
DC1BD,"Clubhouse Baseball Duffle; 26""H x 15""W x 15""D",19
DF1MD,"Franchise Player Duffle; 20""H x 11""W x 11""D",19
DG1FD,"Gridiron Football Duffle; 26""H x 15""W x 15""D",19
E83,"Competition Backpack; 19""H x 11""W x 9""D",19
E91,"Siege Backpack; 18""H x 12""W x 8""D",19
E81,"Fortress 2 Backpack; 18""H x 13""W x 8""D",19
E87,"Prodigy Backpack; 16""H x 10 3/4'W x 8 1/2""D",19
E43,"Varsity Football Equipment Bag; 26""H x 15""W x 15""D",19
E84,"Team Duffle Bag; 24""H x 12""W x 12""D",19
E86,"Team Duffle Bag; 20""H x 12""W x 12""D",19
E85,"Ultimate Carry-All Equipment Bag; 36""L x 16""W x 16""D",19
E92,"Boss Wheeled Catcher's Bag; 36""L x 13""W x 12""D",19
E40,"Extra-Large All-Purpose Bag; 30""L x 16""W x 18""D",19
E50,"Large Deluxe Rolling Bag; 36""H x 18""W x 16""D",19
E10,"Oversized All-Purpose Bag; 36""L x 16""W x 16""D",19
E14,"Canvas Duffle Bag; 40""L x 12""W x 12""D",19
E73,"Drawstring Sackpack; 18""H x 14""W",19
E90,"Deluxe Soccer Ball Bag; 25""L x 25""W x 36""D",19
E66,"Football Carry Bag; Holds 12 Full-Sized Footballs; 31""L x 20""W x 13""D",19
A303,"Mesh Ball/Laundry Bag; 34""H x 24""W",19
E20B,12 Bat Fence/Carry Bag,19
E21B,8 Helmet Fence/Carry Bag,19
A305,"Mesh Laundry Bag; 12""L x 18""W",19
A304,Laundry Belt,19
JFJ19A,JUICE Vertex Jersey; A: S-5XL*; Turbo knit/Trench Poly Spandex/Power Mesh; Stretch Fit - Ea.,19
JFJ19Y,JUICE Vertex Jersey; Y: S-XL; Turbo knit/Trench Poly Spandex/Power Mesh; Stretch Fit - Ea.,19
JFJ15A,JUICE Single-Ply Reversible Jersey; A: S-5XL*; Optima Flex/Dynamic Mesh; Stretch Fit - Ea.,19
JFJ15Y,JUICE Single-Ply Reversible Jersey; Y: XS-L; Optima Flex/Dynamic Mesh; Stretch Fit - Ea.,19
JFJ17A,JUICE Waist Length Single-Ply Reverisble Jersey; A: S-5XL*; Optima Flex/Dynamic Mesh; Stretch Fit - Ea.,19
JFJ17Y,JUICE Waist Length Single-Ply Reverisble Jersey; Y: XS-L; Optima Flex/Dynamic Mesh; Stretch Fit - Ea.,19
JFJ10A,JUICE Optima Collegiate Jersey; A: S-5XL*; Optima Flex/Pro-Centrum/Pro-Micro Mesh; Stretch Fit - Ea.,19
JFJ10Y,JUICE Optima Collegiate Jersey; Y: S-L; Optima Flex/Pro-Centrum/Pro-Micro Mesh; Stretch Fit - Ea.,19
JFJ11A,JUICE Optima Collegiate Lineman-Cut Jersey; A: S-5XL*; Optima Flex/Pro-Centrum/Pro-Micro Mesh; Stretch,19
JFJ11Y,JUICE Optima Collegiate Lineman-Cut Jersey; Y: S-L; Optima Flex/Pro-Centrum/Pro-Micro Mesh; Stretch Fit - Ea.,19
JFJ4A,JUICE Collegiate Jersey; A: S-4XL*; Pro-Power Dazzle/Power Mesh; Stretch Fit - Ea.,19
JFJ4Y,JUICE Collegiate Jersey; Y: S-L; Pro-Power Dazzle/Power Mesh; Stretch Fit - Ea.,19
JFJ6A,JUICE Collegiate Lineman-Cut Jersey; A: S-4XL*; Pro-Power Dazzle/Power Mesh; Stretch Fit - Ea.,19
JFJ6Y,JUICE Collegiate Lineman-Cut Jersey; Y: S-L; Pro-Power Dazzle/Power Mesh; Stretch Fit - Ea.,19
JFJ1A,JUICE Classic Jersey; A: S-4XL*; Matte Dazzle/Pro-Tricot Mesh; Classic Fit - Ea.,19
JFJ1Y,JUICE Classic Jersey; Y: S-XL; Matte Dazzle/Pro-Tricot Mesh; Classic Fit - Ea.,19
JFJ2A,JUICE Athletic Jersey; A: S-4XL*; Matte Dazzle/Pro-Tricot Mesh; Athletic Fit - Ea.,19
JFJ2Y,JUICE Athletic Jersey; Y: S-XL; Matte Dazzle/Pro-Tricot Mesh; Athletic Fit - Ea.,19
JFJ7A,JUICE E-Flex Jersey; A: S-4XL*; Flex Dazzle; Athletic Fit - Ea.,19
JFJ7Y,JUICE E-Flex Jersey; Y: XS-XL; Flex Dazzle; Athletic Fit - Ea.,20
JFJ27A,JUICE E-Flex Jersey with Lineman Cut Sleeves; Flex Dazzle; Athletic Fit - Ea.,20
JFJ27Y,JUICE E-Flex Jersey with Lineman Cut Sleeves; Flex Dazzle; Athletic Fit - Ea.,20
JFJ8A,JUICE Practice Jersey; A: S-3XL*; Matte Dazzle/Pro-Tricot Mesh; Athletic Fit - Ea.,20
JFJ8Y,JUICE Practice Jersey; Y: XS-XL; Matte Dazzle/Pro-Tricot Mesh; Athletic Fit - Ea.,20
JFFJ1A,JUICE Fan Football Jersey; A: XS-5XL*; Matte Dazzle/FlexDri Mesh; Classic Fit - Ea.,20
JFFJ1Y,JUICE Fan Football Jersey; Y: S-L; Matte Dazzle/FlexDri Mesh; Classic Fit - Ea.,20
JFP1A,JUICE Game Pant; A: S-5XL*; Flex Dazzle; Athletic Fit - Ea.,20
JFP1Y,"JUICE Game Pant; Y: XS-XL,H; Flex Dazzle; Athletic Fit - Ea.",20
JFP3A,JUICE Integrated Pant; A: S-5XL; Optima Flex; Stretch Fit - Ea.,20
JFP3Y,"JUICE Integrated Pant; Y: XS-XL, H; Optima Flex; Stretch Fit - Ea.",20
JFP5A,JUICE Optima Pant; A: S-5XL; Optima Flex; Stretch Fit - Ea.,20
JFP5Y,"JUICE Optima Pant; Y: XS-XL, H; Optima Flex; Stretch Fit - Ea.",20
FJ33A,End Zone Jersey; A: S-5XL*,20
FJ33Y,End Zone Jersey; Y: S-L,20
FJ40A,Blitz Stretch Game Jersey; A: S-3XL*,20
FJ40Y,Blitz Stretch Game Jersey; Y: S-XL,20
FJ93A,Handoff Jersey; A: S-3XL*,20
FJ93Y,Handoff Jersey; Y: S-XL,20
FJ30A,Backer Jersey; A: S-3XL* - LIMITED QUANTITIES,20
FJ30Y,Backer Jersey; Y: S-L - LIMITED QUANTITIES,20
FJ29A,Red Dog Jersey; A: S-3XL* - LIMITED QUANTITIES,20
FJ29Y,Red Dog Jersey; Y: S-L - LIMITED QUANTITIES,20
FJ83A,Audible Stretch Game Jersey; A: S-3XL* - LIMITED QUANTITIES,20
FJ83Y,Audible Stretch Game Jersey; Y: S-XL - LIMITED QUANTITIES,20
FJ20A,Huddle Stretch Game Jersey; A: S-3XL* -  LIMITED QUANTITIES,20
FJ20Y,Huddle Stretch Game Jersey; Y: S-XL -  LIMITED QUANTITIES,20
FJ55A,"Time Out Jersey; A: M, XL, 3XL*",20
FJ55Y,"Time Out Jersey; Y: M, XL",20
FJ56A,Pre Season Jersey; A: S-3XL*,20
FJ56Y,Pre Season Jersey; Y: S-XL,20
FJ57A,"Shuffle Jersey; A: M, XL, 3XL*",20
FJ57Y,"Shuffle Jersey; Y: M, XL",20
FJ2,"Gridiron Practice Jersey; A: M, XL, 3XL* -  LIMITED QUANTITIES",20
FJ2Y,"Gridiron Practice Jersey; Y: M, XL -  LIMITED QUANTITIES",20
FP37A,Gameday Pant; A: S-4XL*,20
FP33A,Conquest Pant; A: S-4XL*,20
FP33Y,Conquest Pant; Y: XS-2XL & Husky*,20
FP20A,Blocker Pant; A: S-3XL*,20
FP20Y,Blocker Pant; Y: XS-XL,20
FPU29A,Terminator 3 Pant; A: S-3XL*,20
FPU29Y,Terminator 3 Pant; Y: XXS-2XL & Husky*,20
FPU31A,Bootleg 3 Pant; A: S-3XL*,20
FPU31Y,"Bootleg 3 Pant; Y: 2XS-2XL, & Husky*",20
FPU21A,Bootleg 2 Integrated Game Pant; A: S-3XL*,20
FPU21Y,Bootleg 2 Integrated Game Pant; Y: XXS-2XL & Husky*,20
FPU19A,Terminator 2 Stretch Dazzle Pant w/Built-In Pads; A: S-3XL* - Limited Quantities,20
FPU19Y,Terminator 2 Stretch Dazzle Pant w/Built-in Pads; Y: XXS-2XL & Husky* - Limited Quantities,20
FP12A,Touchback Pant; A: S-5XL*,20
FP12Y,Touchback Pant; Y: S-XL & Husky*,20
FPU13A,Safety Pant; A: S-3XL*,20
FPU13Y,Safety Pant; Y: XXS-2XL & Husky*,20
FV,Trainer Scrimmage Vest; Adult,20
FVI,Trainer Scrimmage Vest; intermediate,20
FV2,Teammate Scrimmage Vest; Adult,20
FV2I,Teammate Mesh Scrimmage Vest; Intermediate,20
FV6,Trainer Scrimmage Vest; Retail 6-Pack; Adult,20
FV6I,Trainer Scrimmage Vest; Retail 6-Pack; Intermediate,20
FWB,"Football Belt, 1"" Wide x 52"" Long x 1.5 mm Thick",20
FWB1,"Pro Football Belt, 1.25"" Wide x 60"" Long x 2.5 mm Thick",20
FTPUL-Y,Ultralight Football Thigh Pads,21
FKP2,Molded Knee Pads; One Size,21
FKPUL-A,Molded Knee Pads; L,21
FKPUL-Y,Molded Knee Pads; S,21
FKP-Y,Vinyl Coated Air Knee Pads; S,21
FKP-M,Vinyl Coated Air Knee Pads; M,21
FKP-L,Vinyl Coated Air Knee Pads; L,21
FKP1,Vinyl Coated Knee Pads; One Size,21
F7PCY-SL,Economy 7-Piece Youth Pad Set w/Slots,21
F7ULSL,Ultralight 7-Piece Youth Pad Set w/Slots,21
FB8OF,FLX Leather Football; NFHS Approved; Official,21
FB8JR,FLX Leather Football; Junior,21
FB8Y,FLX Leather Football; Youth,21
FB8PW,FLX Leather Football; Pee Wee,21
FB9,Athena Women's Official Football,21
FB6OF,"CT6 ""600"" Football; Official Size",21
FB6Y,"CT6 ""600"" Football; Youth Size",21
FB6JR,"CT6 ""600"" Football; Junior Size",21
FB6PW,"CT6 ""600"" Football; Pee Wee Size",21
FB7OF,"CT7 ""700"" Football; Official Size - NFHS Approved",21
FB7Y,"CT7 ""700"" Football; Youth Size",21
FB7JR,"CT7 ""700"" Football; Junior Size",21
FB7PW,"CT7 ""700"" Football; Pee Wee Size",21
FB10OF,Force Laminated Football; Official Size,21
FB10Y,Force Laminated Football; Youth Size,21
FB10JR,Force Laminated Football; Junior Size,21
FB10PW,Force Laminated Football; Pee Wee Size,21
FB41,200 Rubber Football - Official Size,21
FB42,200 Rubber Football - Youth Size,21
FB43,200 Rubber Football - Junior Size,21
FB44,200 Rubber Football - Pee Wee Size,21
FBW2,Weighted Football - Official Size,21
FBW2I,Weighted Football - Intermediate Size,21
FBB,Football Brush,21
FSPPSPXS,"Python Skill Shoulder Pad; XS: 16"" - 17""",21
FSPPSPS,"Python Skill Shoulder Pad; S: 17"" - 18""",21
FSPPSPM,"Python Skill Shoulder Pad; M: 18"" - 19""",21
FSPPSPL,"Python Skill Shoulder Pad; L: 19"" - 20""",21
FSPPSPXL,"Python Skill Shoulder Pad; XL: 20"" - 21""",21
FSPPSP2XL,"Python Skill Shoulder Pad; 2XL: 21"" - 22""",21
FSPPAPXS,"Python All-Purpose Shoulder Pad; XS: 16"" - 17""",21
FSPPAPS,"Python All-Purpose Shoulder Pad; S: 17"" - 18""",21
FSPPAPM,"Python All-Purpose Shoulder Pad; M: 18"" - 19""",21
FSPPAPL,"Python All-Purpose Shoulder Pad; L: 19"" - 20""",21
FSPPAPXL,"Python All-Purpose Shoulder Pad; XL: 20"" - 21""",21
FSPPAP2XL,"Python All-Purpose Shoulder Pad; 2XL: 21"" - 22""",21
FSPPAP3XL,"Python All-Purpose Shoulder Pad; 3XL: 22"" - 23""",21
FSPPLNXS,"Python Lineman Shoulder Pad; XS: 16"" - 17""",21
FSPPLNS,"Python Lineman Shoulder Pad; S: 17"" - 18""",21
FSPPLNM,"Python Lineman Shoulder Pad; M: 18"" - 19""",21
FSPPLNL,"Python Lineman Shoulder Pad; L: 19"" - 20""",21
FSPPLNXL,"Python Lineman Shoulder Pad; XL: 20"" - 21""",21
FSPPLN2XL,"Python Lineman Shoulder Pad; 2XL: 21"" - 22""",21
FSPFSPXS,"Falcon Skill Shoulder Pad; XS: 16"" - 17""",22
FSPFSPS,"Falcon Skill Shoulder Pad; S: 17"" - 18""",22
FSPFSPM,"Falcon Skill Shoulder Pad; M: 18"" - 19""",22
FSPFSPL,"Falcon Skill Shoulder Pad; L: 19"" - 20""",22
FSPFSPXL,"Falcon Skill Shoulder Pad; XL: 20"" - 21""",22
FSPFSP2XL,"Falcon Skill Shoulder Pad; 2XL: 21"" - 22""",22
FSPFAPXS,"Falcon All-Purpose Shoulder Pad; XS: 16"" - 17""",22
FSPFAPS,"Falcon All-Purpose Shoulder Pad; S: 17"" - 18""",22
FSPFAPM,"Falcon All-Purpose Shoulder Pad; M: 18"" - 19""",22
FSPFAPL,"Falcon All-Purpose Shoulder Pad; L: 19"" - 20""",22
FSPFAPXL,"Falcon All-Purpose Shoulder Pad; XL: 20"" - 21""",22
FSPFAP2XL,"Falcon All-Purpose Shoulder Pad; 2XL: 21"" - 22""",22
FSPFAP3XL,"Falcon All-Purpose Shoulder Pad; 3XL: 22"" - 23""",22
FSPFLNXS,"Falcon Lineman Shoulder Pad; XS: 16"" - 17""",22
FSPFLNS,"Falcon Lineman Shoulder Pad; S: 17"" - 18""",22
FSPFLNM,"Falcon Lineman Shoulder Pad; M: 18"" - 19""",22
FSPFLNL,"Falcon Lineman Shoulder Pad; L: 19"" - 20""",22
FSPFLNXL,"Falcon Lineman Shoulder Pad; XL: 20"" - 21""",22
FSPFLN2XL,"Falcon Lineman Shoulder Pad; 2XL: 21"" - 22""",22
FSPFLN3XL,"Falcon Lineman Shoulder Pad; 3XL: 22"" - 23""",22
FSPFLN4XL,"Falcon Lineman Shoulder Pad; 4XL: 23"" - 24""",22
FSPPYXXS,"Python Youth Shoulder Pad; 2XS: 9"" - 10"";  <40 LBS",22
FSPPYXS,"Python Youth Shoulder Pad; M: 10"" - 11"";  40 - 60 LBS",22
FSPPYS,"Python Youth Shoulder Pad; M: 11"" - 12"";  60 - 90 LBS",22
FSPPYM,"Python Youth Shoulder Pad; M: 12"" - 13"";  80; 110 LBS",22
FSPPYL,"Python Youth Shoulder Pad; L: 13"" - 14"" ; 100 - 130 LBS",22
FSPPYXL,"Python Youth Shoulder Pad; XL: 14"" - 15""; 130 - 150 LBS",22
FSPPY2XL,"Python Youth Shoulder Pad; 2XL: 15"" - 16""; 150 - 180 LBS",22
FSPPY3XL,"Python Youth Shoulder Pad; 3XL: 16"" - 17""; 180 - 200 LBS",22
FSPSCXXS,"Scorpion Shouider Pad; XXS: 9"" - 10""; 40 LBS",22
FSPSCXS,"Scorpion Shouider Pad; XS: 10"" - 11""; 40 - 60 LBS",22
FSPSCS,"Scorpion Shouider Pad; S: 11"" - 12""; 60 - 90 LBS",22
FSPSCM,"Scorpion Shouider Pad; M: 12"" - 13"";  80; 110 LBS",22
FSPSCL,"Scorpion Shouider Pad; L: 13"" - 14"" ; 100 - 130 LBS",22
FSPSCXL,"Scorpion Shouider Pad; XL: 14"" - 15""; 130 - 150 LBS",22
FSPSC2XL,"Scorpion Shouider Pad; 2XL: 15"" - 16""; 150 - 180 LBS",22
FSPBPA,Python Back Plate; A,22
FSPBPY,Python Back Plate; Y,22
FSPRPA,Python Rib Protector; A: M-L,22
FSPRPY,Python Rob Protector; Y: S-L,22
FSPG2,Gauntlet II Shoudler Pad; S-4XL,22
FSPG3,Gauntlet III Shoulder Pad; S-4XL,22
FSPGSP,Guantlet Skill Shoulder Pad; S-2XL,22
FSPG1,Gauntlet I Shoulder Pad; XXS-3XL - Limited Quantities,22
FSP5,Scorpion Youth Shoulder Pad; XXS-2XL - LIMITED QUANTITIES,22
FR3V,AirTech® Rib Vest; Varsity: S-4XL*,22
FR3VY,AirTech® Rib Vest; Y: S-L,22
FSPSBPA,Back Plate; Adult,22
FSPSBPY,Back Plate; Youth,22
FRPAM,Rib Protector; A: Medium,22
FRPAL,Rib Protector; A: Large,22
FRPY,Rib Protector; Youth,22
FTH1,"1"" T-Hook - Limited Quantities",22
FTH1B,"1"" T-Hook - Black - Limited Quantities",22
FTHS,"1"" Shoulder Pad Strap w/T-Hook",22
FTHSB,"1"" Shoulder Pad Strap w/T-Hook; Black",22
FTHS15,"1½"" Shoulder Pad Strap w/T-Hook",22
SPR2,Football Shoulder Pad Rack; 2-Stack,22
SPR4,Football Shoulder Pad Rack; 4-Stack,22
FCAPS,"Tri-Flex Protective Arm Sleeve w/Elbow Padding; Youth; Black, Royal, Scarlet, White",23
FCAPM,"Tri-Flex Protective Arm Sleeve w/Elbow Padding; JV; Black, Royal, Scarlet, White",23
FCAPL,"Tri-Flex Protective Arm Sleeve w/Elbow Padding; Varsity; Black, Royal, Scarlet, White",23
FCFP2S,Tri-Flex Padded Forearem Sleeve; Youth; Black,23
FCFP2M,Tri-Flex Padded Forearem Sleeve; JV Black,23
FCFP2L,Tri-Flex Padded Forearem Sleeve; Varsity; Black,23
FCKPS,Tri-Flex Protective Knee Pads; Youth; Black,23
FCKPM,Tri-Flex Protective Knee Pads; JV; Black,23
FCKPL,Tri-Flex Ptotective Knee Pads; Varsity; Black,23
FCASS,"Compression Arm Sleeve; Youth; Black, Royal, Scarlet, White",23
FCASM,"Compression Arm Sleeve; JV; Black, Royal, Scarlet, White",23
FCASL,"Compression Arm Sleeve; Varsity; Black, Royal, Scarlet, White",23
FJU35A,Bull Rush Jersey; A: S-4XL*,23
FJU35Y,Bull Rush Jersey; Y: XS-XL,23
FPGU35A,Bull Rush 5-Pad Girdle; A: S-4XL*,23
FPGU35Y,Bull Rush 5-Pad Girdle; Y: XS-XL,23
FPGU37A,Bull Rush 7-Pad Girdle; A: S-4XL*,23
FPGU37Y,Bull Rush 7-Pad Girdle; Y: XS-XL,23
FJU45A,Formation Jersey; A: S-4XL*,23
FJU45Y,Formation Jersey; Y: XS-XL,23
FPGU45A,Formation 5-Pad Girdle; A: S-4XL*,23
FPGU45Y,Formation 5-Pad Girdle; Y: XS-XL,23
FPGU47A,Formation 7-Pad Girdle; A: S-4XL,23
FPGU47Y,Formation 7-Pad Girdle; Y: XS-XL,23
FJU6A,Tri-Flex Protective Compression Shirt; Adult S-4XL*,23
FJU6Y,Tri-Flex Protective Compression Shirt; Youth S-L,23
FPGU6A,Tri-Flex Integrated Girdle; 5 Built-In Pads; Varsity: S-4XL*,23
FPGU6Y,Tri-Flex Integrated Girdle; 5 Built-In Pads; Youth: S-L,23
FPGU7A,Tri-Flex Integrated Girdle; 7 Pad; A: S-4XL*,23
FPGU7Y,Tri-Flex Integrated Girdle; 7 Pad; Youth: S-L,23
FJU10A,Bull Rush Compression Shirt; A: S-4XL* -  LIMITED QUANTITIES,23
FJU10Y,Bull Rush Compression Shirt; Youth: S-L -  LIMITED QUANTITIES,23
FPGU10A,Bull Rush Girdle; 5-Pads; A: S-4XL* -  LIMITED QUANTITIES,23
FPGU10Y,Bull Rush Girdlle; 5-Pads; Youth: S-XL -  LIMITED QUANTITIES,23
FPGU17A,Bull Rush Girdle; 7-Pads; A: S-4XL* -  LIMITED QUANTITIES,23
FPGU17Y,Bull Rush Girdle; 7-Pads; Youth: S-XL -  LIMITED QUANTITIES,23
FJU18A,Formation Protective Compression Shirt; Adult; S-4XL* -  LIMITED QUANTITIES,23
FJU18Y,Formation Protective Compression Shirt; Youth; XS-L -  LIMITED QUANTITIES,23
FPGU18A,Formation Compression Girdle; A: S-3XL* -  LIMITED QUANTITIES,23
FPGU18Y,Formation Compression Girdle; Y: S-L -  LIMITED QUANTITIES,23
AF53,Boil-and-Bite Strapped Mouthguard; Adult & Youth,23
AF54,Boil-and-Bite Strapless Mouthguard; Adult & Youth,23
AF56,Boil-and-Bite Strapped Mouthguard w/Lip Protector; Adult & Youth,23
AF59,Big Air Mouthguard,23
NF2,Portable Kicking Screen; 7' High,23
A101,"2"" Football Field Goal Tee",23
A101-H,"2"" Football Field Goal Tee with Header Card",23
A101S,"1"" Football Field Goal Tee",23
A101S-H,"1"" Football Field Goal Tee with Header Card",23
A100,"2"" Football Kick Off Tee",23
A100-H,"2"" Football Tee - Kick Off with Header Card",23
A100S,"1"" Football Kickoff Tee",23
A100S-H,"1"" Football Kickoff Tee with Header Card",23
A103,Deluxe Down Box & Chain Set,23
A103A,Down Box,23
A103B,2 Bull’s-Eyes with Chain,23
A103D,Digital Down Marker,23
AF578,"Step Over Training Dummy; 48"" x 17"" x 8""",23
AF5710,"Step Over Training Dummy; 48"" x 17"" x 10""",23
AF524,"4"" Arm Dummy; 21"" x 15 1/2""",24
AF556,"6"" Half Round Training Dummy; 42"" x 12"" x 6""",24
AF5842,"Stand Up Round Dummy; 42"" x 14""",24
AF5836,"Stand Up Round Dummy; 36"" x 14""",24
A104,Weighted Corner Pylons; Set of 4,24
A104M,Molded Weighted Football Pylon; Set of 4,24
A102,"Football Yard Markers; 13"" x 13""",24
A102S,"Solid Weighted Football Yard Markers; 13"" x 13""",24
AF47,Hand Warmer; Youth; Black,24
AF48,Hand Warmer; Adult; Black,24
FXA11,Football Helmet Scrimmage Cap,24
A9V,1 Liter Automatic Valve Water Bottle,24
A9S2,1 Liter Straw Water Bottle,24
WBCCV,8-Piece Water Bottle Carrier - Valve - LIMITED QUANTITIES,24
WBCCS2,8-Piece Water Bottle Carrier - Straw,24
A099F,"Football Coach's Board; 9"" x 12""",24
AF11,Weighted Referee Penalty Flag; Black Ball 12 DZ.,24
AF34,"Weighted Throw Down Skinny Bean Bag; Double Sided; Wht, Ryl and Blk 12 DZ",24
AF41,Elastic Band Wrist Down Indicator 60 DZ.,24
AF51,"Orange Nylon Chain Clip/Yard Marker; 14"" long 288 DZ.",24
P422,Sideline Official Pinnies,24
JFFJ3A,JUICE Flag Football Jersey; A: S-3XL*; Matte Dazzle/Pro-Tricot Mesh; Classic Fit - Ea.,24
JFFJ3Y,JUICE Flag Football Jersey; Y: XS-L; Matte Dazzle/Pro-Tricot Mesh; Classic Fit - Ea.,24
JFFJ2W,JUICE Flag Football Jersey; W: XS-2XL* - Ea.,24
FJ51A,Swift Flag Football Jersey; A: S-3XL* 12 Ea. 13.19,24
FJ51Y,Swift Flag Football Jersey; Y: S-L 12 Ea. 12.12,24
FJ50W,Swift Flag Football; W: XS-2XL* 12 Ea. 13.19,24
VS3W,"Match Compression  Short; 3"" Inseam; W: S-2XL*",24
VS3G,"Match Compression  Short; 3"" Inseam; G: S-L",24
VS5W,"Match Compression  Short; 5"" Inseam; W: S-2XL*",24
VS5G,"Match Compression  Short; 5"" Inseam; G: S-L",24
FJ21A,Football Fan Jersey; A: S-2XL* - LIMITED QUANTITIES,24
FJ21Y,Football Fan Jersey; Y: S-L - LIMITED QUANTITIES,24
A108,"Qucik-Down ""Pop"" Flag Belt; 1 Belt (3 Flags per Belt)",24
A1086,"Quick-Down ""Pop"" Flag Belt; 6-Pack (2 Flags per Belt)",24
A10812,"Quick-Down ""Pop"" Flag Belt; 12-Pack (3 Flags per Belt)",24
A105SET,Flag Football Game Set,24
A1056,Football Flag Belt; 6-pack with Header Card,24
A106,Replacement Flags for A105,24
A102F,"7V7 Yard Markers; 13"" x 13""",24
A107SET,Football Flag and Cone Set; Retail Package -  LIMITED QUANTITIES,24
A109,"Quick-Down ""Pop"" Jersey Flag; 2 Flags per Pack - LIMITED QUANTITIES",24
A105DZ,Flag Belt; 12-Pack Bulk - LIMITED QUANTITIES,24
JTRKS4A,"JUICE Compression Short; 9"" Inseam; A: S-3XL*; Court Compression; Stretch Fit - Ea.",25
JTRKS4Y,JUICE Compression Short; Graded; Y: S-L; Court Compression; Stretch Fit - Ea.,25
FSP7040,7-Series Shoulder Pad; XXS - 40 lbs,25
FSP7060,7-Series Shoulder Pad; XS - 40 - 60 lbs,25
FSP7080,7-Series Shoulder Pad; S - 60 - 90 lbs,25
FSP7100,7-Series Shoulder Pad; M - 80 - 110 lbs,25
FSP7130,7-Series Shoulder Pad; L - 100 -130 lbs,25
FSP7150,7-Series Shoulder Pad; XL - 130 - 150 lbs,25
FSP7180,7-Series Shoulder Pad; 2XL - 150 - 180 lbs,25
FSP7200,7-Series Shoulder Pad; 3XL - 180 -200 lbs,25
FSP7220,7-Series Shoulder Pad; 4XL - 200 - 230 lbs,25
SSH,7-Series Softshell Helmet; Sizes S-L,25
SSH2,5-Star Rated SH7 Soft Shell Helmet; S-L,25
JBBJ911A,JUICE Stretch Woven Jersey; A: S-3XL*; Stretch Woven; Athletic Fit - Ea.,25
JBBJ911Y,JUICE Stretch Woven Jersey; Y: S-XL; Stretch Woven; Athletic Fit - Ea.,25
JBBJ912A,JUICE Stretch Woven Jersey; A: S-3XL*; Stretch Woven; Athletic Fit - Ea.,25
JBBJ912Y,JUICE Stretch Woven Jersey; Y: S-XL; Stretch Woven; Athletic Fit - Ea.,25
JBBS919A,"JUICE Stretch Woven Short; 9"" Inseam; A: S-3XL*; Stretch Woven; Athletic Fit - Ea.",25
JBBS917A,"JUICE Stretch Woven Short; 7"" Inseam; A: S-3XL*; Stretch Woven; Athletic Fit - Ea.",25
JBBS917Y,"JUICE Stretch Woven Short; 7"" Inseam; Y: S-XL; Stretch Woven; Athletic Fit - Ea.",25
JBBS915Y,"JUICE Stretch Woven Short; 5"" Inseam; Y: S-XL; Stretch Woven; Athletic Fit - Ea.",25
JBBJ111A,JUICE Sleeveless Jersey; A: S-3XL*; Z-Cloth; Athletic Fit - Ea.,25
JBBJ111Y,JUICE Sleeveless Jersey; Y: XS-XL; Z-Cloth; Athletic Fit - Ea.,25
JBBJ112A,JUICE Sleeveless Jersey; A: S-3XL*; Z-Cloth; Classic Fit - Ea.,25
JBBJ112Y,JUICE Sleeveless Jersey: Y: XS-XL; Z-Cloth; Classic Fit - Ea.,25
JBBS119A,"JUICE Short; 9"" Inseam; A: S-3XL*; Z-Cloth; Athletic Fit - Ea.",25
JBBS117A,"JUICE Short; 7"" Inseam; A: S-3XL*; Z-Cloth; Athletic Fit - Ea.",25
JBBS117Y,"JUICE  Short; 7"" Inseam; Y: XS-XL; Z-Cloth; Athletic Fit - Ea.",25
JBBS115Y,"JUICE  Short; 5"" Inseam; Y: XS-XL; Z-Cloth; Athletic Fit - Ea.",25
JBBJ311A,JUICE Double-Ply Reversible Jersey; A: S-3XL*; Z-Cloth; Athletic Fit - Ea.,25
JBBJ311Y,JUICE Double-Ply Reversible Jersey; Y: XS-XL; Z-Cloth; Athletic Fit - Ea.,25
JBBJ312A,JUICE Double-Ply Reversible Jersey; A: S-4XL*; Z-Cloth; Classic Fit - Ea.,25
JBBJ312Y,JUICE Double-Ply Reversible Jersey; Y: XS-XL; Z-Cloth; Classic Fit - Ea.,25
JBBS319A,"JUICE Double-Ply Reversible  Short; 9"" Inseam; A: S-3XL*; Z-Cloth; Athletic Fit - Ea.",25
JBBS317A,"JUICE Double-Ply Reversible Short; 7"" Inseam; A: S-3XL*; Z-Cloth; Athletic Fit - Ea.",25
JBBS317Y,"JUICE Double-Ply Reversible Short; 7"" Inseam; Y: S-XL; Z-Cloth; Athletic Fit - Ea.",25
JBBS315Y,"JUICE Double-Ply Reversible Short; 5"" Inseam; Y: S-XL; Z-Cloth; Athletic Fit - Ea.",25
JBBJ611A,JUICE Single-Ply Reversible Jersey; A: S-3XL*; Fusion Mesh; Athletic Fit - Ea.,25
JBBJ611Y,JUICE Single-Ply Reversible Jersey; Y: S-XL; Fusion Mesh; Athlteic Fit - Ea.,25
JBBJ612A,JUICE Single-Ply Reverisble Jersey; A: S-4XL*; Fusion Mesh; Classic Fit - Ea.,25
JBBJ612Y,JUICE Single-Ply Reversible Jersey; Y: S-XL; Fusion Mesh; Classic Fit - Ea.,25
JBBS619A,"JUICE Single-Ply Reversible Short; 9"" Inseam; A: S-3XL*; Fusion Mesh; Athletic Fit - Ea.",25
JBBS617A,"JUICE Single-Ply Reversible Short; 7"" Inseam; A: S-3XL*; Fusion Mesh; Athletic Fit - Ea.",25
JBBS617Y,"JUICE Single-Ply Reversible Short; 7"" Inseam; Y: S-XL; Fusion Mesh; Athletic Fit - Ea.",25
JBBS615Y,"JUICE Single-Ply Reversible Short; 5"" Inseam; Y: S-XL; Fusion Mesh; Athletic Fit - Ea.",25
JBBJ8A,JUICE Prime Jersey; A: S-4XL*; Active Cloth/Pin Dot Mesh; Athletic Fit - Ea.,26
JBBJ8Y,JUICE Prime Jersey; Y: S-XL; Active Cloth/Pin Dot Mesh; Athletic Fit - Ea.,26
JBBJ8TA,JUICE Prime Jersey; Tall; A: S-4XL*; Active Cloth/Pin Dot Mesh; Athletic Fit - Ea.,26
JBB8JTY,JUICE Prime Jersey; Tall; Y: S-XL; Active Cloth/Pin Dot Mesh; Athletic Fit - Ea.,26
JBBS8A,"JUICE Prime Short; 9"" Inseam; A: S-4XL* Active Cloth/Pin Dot Mesh; Athletic Fit - Ea.",26
JBBS8Y,"JUICE Prime Short; 7"" Inseam; Y: S-XL; Active Cloth/Pin Dot Mesh; Athletic Fit - Ea.",26
JBBS87A,"JUICE Prime Short; 7"" Inseam; A:S-4XL* Active Cloth/Pin Dot Mesh; Athletic Fit - Ea.",26
JBBP55A,JUICE Warm-Up Pants with Snaps; A: S-4XL*; Fusion Mesh; Classic Fit - Ea.,26
JBBP55Y,JUICE Warm-Up Pants with Snaps; Y: XS-XL; Fusion Mesh; Classic Fit - Ea.,26
JBBJ25A,JUICE Long Sleeve Shooter Shirt; A: S-3XL*;  Z-Cloth; Classic Fit - Ea.,26
JBBJ25Y,JUICE Long Sleeve Shooter Shirt; Y: XS-XL; Z-Cloth; Classic Fit - Ea.,26
JBBJ27A,JUICE Short Sleeve Shooter Shirt; A: S-3XL*; Z-Cloth; Classic Fit - Ea.,26
JBBJ27Y,JUICE Short Sleeve Shooter Shirt; Y: XS-Xl; Z-Cloth; Classic Fit - Ea.,26
JBBJ31A,JUICE Short Sleeve Shooter Shirt w/Hood; A: S-3XL*; Z-Cloth; Classic Fit - Ea.,26
BBJ23A,Prime Jersey; A: S-3XL*,26
BBJ23Y,Prime Jersey; Y: S-XL,26
BBS23A,"Prime Short; A: S-3XL*; 9"" Inseam",26
BBS23Y,"Prime  hort: Y: S-XL; 7"" Inseam",26
BBJ32A,Dagger Jersey; A: S-3XL*,26
BBJ32Y,Dagger Jersey; Y: S-XL,26
BBS32A,"Dagger Short; A: S-3XL*; 9"" Inseam",26
BBS32Y,"Dagger Short; Y: S-XL; 7"" Inseam",26
BBJ26A,Forward Jersey; S-3XL*,26
BBJ26Y,Forward Jersey; S-XL,26
BBS26A,"Forward Short; A; S-3XL*; 9"" Inseam",26
BBS26Y,"Forward Short; Y: S-XL; 7"" Inseam",26
BBJ21A,Rebel Athletic Fit  Jersey; A: S-2XL* -  LIMITED QUANTITIES,26
BBJ21Y,Rebel Athletic Fit  Jersey; Y:XS-L -  LIMITED QUANTITIES,26
BBS21A,Rebel Short; A: S-2XL* -  LIMITED QUANTITIES,26
BBS21Y,Rebel Short; Y: XS-L -  LIMITED QUANTITIES,26
BBJ9A,Muscle Jersey; A: S-3XL* -  LIMITED QUANTITIES,26
BBJ9Y,Muscle Jersey; Y: S-XL -  LIMITED QUANTITIES,26
BBS9A,"Muscle Short; A: S-3XL*; 10"" Inseam -  LIMITED QUANTITIES",26
BBS9Y,"Muscle Short; Y: S-XL; 7"" Inseam -  LIMITED QUANTITIES",26
BBJ61A,Free Toss Athletic Fit  Jersey; A: S-3XL* -  LIMITED QUANTITIES,26
BBJ61Y,Free Toss Athletic Fit  Jersey; Y: S-XL -  LIMITED QUANTITIES,26
BBS11A,"Clutch Z-Cloth Short; A: S-3XL*; 9"" Inseam -  LIMITED QUANTITIES",26
BBS11Y,"Clutch Z-Cloth Short; Y: S-XL; 7"" Inseam -  LIMITED QUANTITIES",26
BBJ29A,Guard Reversible Jersey; A: S-4XL*,26
BBJ29Y,Guard Reversible Jersey; Y: S-XL,26
BBS29A,"Guard Reversible Short; A: S-4XL*; 9"" Inseam",26
BBS29Y,"Guard Reversible Short; Y: S-XL; 7"" Inseam",26
BBJ41A,Swish Reversible Jersey; A: S-4XL*,26
BBJ41Y,Swish Reversible Jersey; Y: S-XL,26
BBS41A,"Swish Reversible Short; A: S--4XL*; 9"" Inseam",26
BBS41Y,"Swish Reversible Short: Y: S-XL; 7"" Inseam",26
BBJ33A,Victorious Reversible Jersey; A: S-3XL*,26
BBJ33Y,Victorious Reversible Jersey; Y: S-XL,26
BBJ14A,Pivot Reversible Jersey; A: S-3XL*,26
BBJ14Y,Pivot Reversible Jersey; Y: S-XL,26
BBS14A,"Pivot Reversible Short; A: S-3XL*; 9"" Inseam",26
BBS14Y,"Pivot Reversible Short; Y: S-XL; 7"" Inseam",26
BBJ44A,Vision Reversible Jersey; A: S-3XL*,26
BBJ44Y,Vision Reversible Jersey; Y: S-XL,26
BBJPA,Zone Polyester Tricot Reversible Jersey; A: S-3XL*,27
BBJPY,Zone Polyester Tricot Reversible Jersey; Y: XS-L,27
BBJ4A,Slam Dunk Reversible Jersey; A: S-4XL* -  LIMITED QUANTITIES,27
BBJ4Y,Slam Dunk Reversible Jersey; Y: S-XL -  LIMITED QUANTITIES,27
BBS4A,"Slam Dunk Reversible Short; A: S-4XL*; 9"" Inseam -  LIMITED QUANTITIES",27
BBS4Y,"Slam Dunk Reversible Short; Y: S-XL; 7"" Inseam -  LIMITED QUANTITIES",27
CS5A,Lightning Compression Full Legth Tight; A: S-4XL* -  LIMITED QUANTITIES,27
CS5Y,Lightning Compression Full Legth Tight; Y:: S-L -  LIMITED QUANTITIES,27
CS8A,Lightning Compression 3/4 Length Tight; A: S-4XL* -  LIMITED QUANTITIES,27
CS8Y,Lightning Compression 3/4 Length Tight; Y:: S-L -  LIMITED QUANTITIES,27
JBBJ911W,JUICE Stretch Woven Jersey; W: XS-2XL*; Stretch Woven; Athletic Fit - Ea.,27
JBBJ911G,JUICE Stretch Woven Jersey; G: S-L; Stretch Woven; Athletic Fit - Ea.,27
JBBJ912W,JUICE Stretch Woven Jersey; W: XS-2XL*; Stretch Woven; Classic Fit - Ea.,27
JBBJ912G,JUICE Stretch Woven Jersey; G: S-L; Stretch Woven; Classic Fit - Ea.,27
JBBS917W,"JUICE Stretch Woven Short; 7"" Inseam; W: XS-2XL*; Stretch Woven; Athletic Fit - Ea.",27
JBBS917G,"JUICE Stretch Woven Short; 7"" Inseam; G: S-L; Stretch Woven; Athletic Fit - Ea.",27
JBBS915W,"JUICE Stretch Woven Shirt; 5"" Inseam; W: XS-2XL*; Stretch Woven; Athletic Fit - Ea.",27
JBBS915G,"JUICE Stretch Woven Shirt; 5"" Inseam; G: S-L; Stretch Woven; Athletic Fit - Ea.",27
JBBJ111W,JUICE Sleeveless Jersey; W: XS-2XL*; Z-Cloth; Athletic Fit - Ea.,27
JBBJ111G,JUICE Sleeveless Jersey; G: S-L; Z-Cloth; Athletic Fit - Ea.,27
JBBJ112W,JUICE Sleeveless Jersey; W: XS-2XL*; Z-Cloth; Classic Fit - Ea.,27
JBBJ112G,JUICE Sleeveless Jersey; G: S-L; Z-Cloth; Classic Fit - Ea.,27
JBBS117W,"JUICE Short; 7"" Inseam; W: XS-2XL*; Z-Cloth; Athletic Fit - Ea.",27
JBBS115W,"JUICE Short; 5"" Inseam; W: XS-2XL*; Z-Cloth; Athletic Fit - Ea.",27
JBBS115G,"JUICE Short; 5"" Inseam; G: S-L; Z-Cloth; Athletic Fit - Ea.",27
JBBJ311W,JUICE Double-Ply Reversible Jersey; W: XS-2XL*; Z-Cloth; Athletic Fit - Ea.,27
JBBJ311G,JUICE Double-Ply Reversible Jersey; G: S-L; Z-Cloth; Athletic Fit - Ea.,27
JBBJ312W,JUICE Double-Ply Reversible Jersey; W: XS-2XL*; Z-Cloth; Classic Fit - Ea.,27
JBBJ312G,JUICE Double-Ply Reversible Jersey; G: S-L; Z-Cloth; Classic Fit - Ea.,27
JBBS317W,"JUICE Double-Ply Reversible Short; 7"" Inseam; W: XS-2XL*; Z-Cloth; Athletic Fit - Ea.",27
JBBS315W,"JUICE Double-Ply Reversible Short; 5"" Inseam; W: XS-2XL*; Z-Cloth; Athletic Fit - Ea.",28
JBBS315G,"JUICE Double-Ply Reversible Short; 5"" Inseam; G: S-XL; Z-Cloth; Athletic Fit - Ea.",28
JBBJ611W,JUICE Single-Ply Reversible Jersey; W: XS-2XL*; Fusion Mesh; Athletic Fit - Ea.,28
JBBJ611G,JUICE Single-Ply Reversible Jersey; G: S-L; Fusion Mesh; Athletic Fit - Ea.,28
JBBJ612W,JUICE Single-Ply Reversible Jersey; W: XS-2XL*; Fusion Mesh; Classic Fit - Ea.,28
JBBJ612G,JUICE Single-Ply Reversible Jersey; G: S-L; Fusion Mesh; Classic Fit - Ea.,28
JBBS617W,"JUICE Single-Ply Reversible Short; 7"" Inseam; W: XS-2XL*; Fusion Mesh; Athletic Fit - Ea.",28
JBBS615W,"JUICE Single-Ply Reversible Short; 5"" Inseam; G: S-L; Fusion Mesh; Athletic Fit - Ea.",28
JBBS615G,"JUICE Single-Ply Reversible Short; 5"" Inseam; G: S-L; Fusion Mesh; Athletic Fit - Ea.",28
JBBJ8W,JUICE Prime Jersey; W: XS-3XL*; Active Cloth/Pin Dot Mesh; Athletic Fit - Ea.,28
JBBJ8G,JUICE Prime Jersey; G: S-L; Active Cloth/Pin Dot Mesh; Athletic Fit - Ea.,28
JBBJ8TW,JUICE Prime Jersey; Tall; W: XS-3XL*; Active Cloth/Pin Dot Mesh; Athletic Fit - Ea.,28
JBBJ8TG,JUICE Prime Jersey; Tall; G: S-L; Active Cloth/Pin Dot Mesh; Athletic Fit - Ea.,28
JBBS8W,"JUICE Prime Short; 8"" Inseam; W: XS-3XL*; Active Cloth/Pin Dot Mesh; Athletic Fit - Ea.",28
JBBS8G,"JUICE Prime Short; 6"" Inseam; G: S-L; Active Cloth/Pin Dot Mesh; Athletic Fit - Ea.",28
JBBS86W,"JUICE Prime Short; 6"" Inseam; W: XS-3XL*; Active Cloth/Pin Dot Mesh; Athletic Fit - Ea.",28
JBBS86G,"JUICE Prime Short; 6"" Inseam; G: S-L; Active Cloth/Pin Dot Mesh; Athletic Fit - Ea.",28
JBBJ24W,JUICE Long Sleeve Shooter Shirt; W: XS-2XL*; Z-Cloth; Classic Fit - Ea.,28
JBBJ26W,JUICE Short Sleeve Shooter Shirt; W: XS-2XL*; Z-Cloth; Classic Fit - Ea.,28
JBBJ28W,JUICE Long Sleeve Shooter Shirt w/Hood; W: XS-2XL*; Z-Cloth; Classic Fit - Ea.,28
JBBJ30W,JUICE Short Sleeve Shooter Shirt w/Hood; W: XS-2XL*; Z-Cloth; Classic Fit - Ea.,28
BBJ23W,Prime Jersey; W: S-2XL*,28
BBJ23G,Prime Jersey; G: S-L,28
BBS23W,"Prime Short; W: XS-2XL*; 8"" Inseam",28
BBS23G,"Prime Short; G: S-L; 6"" Inseam",28
BBJ32W,Dagger Jersey; W: S-2XL*,28
BBS32W,"Dagger Short; W: S-2XL*; 8"" Inseam",28
BBJ9W,Muscle Jersey; W: S-2XL* -  LIMITED QUANTITIES,28
BBS9W,"Muscle Short; W: S-2XL*; 8"" Inseam;  LIMITED QUANTITIES",28
BBJ61W,Free Toss Athletic Fit Jersey; W: S-2XL*;  LIMITED QUANTITIES,28
BBS11W,"Clutch Z-Cloth Short; W: S-2XL*; 8"" Inseam;  LIMITED QUANTITIES",28
BBJ28W,Guard Reversible Jersey; W: XS-2XL*,28
BBJ28G,Guard Reversible Jersey; G: S-L,28
BBS28W,"Guard Reversible Short; W: XS-2XL*; 5"" Inseam",28
BBS28G,"Guard Reversible Short; G: S-L; 5"" Inseam",28
BBJ41W,Swish Reversible Jersey; W: S-2XL*,28
BBJ41G,Swish Reversible Jersey; G: S-L,28
BBS41W,"Swish Reversible Short; W: S-2XL*; 7"" Inseam",28
BBS41G,"Swish Reversible Short; G: S-L; 5"" Inseam",28
BBJ44W,Vision Reversible Jersey; W: XS-2XL*,28
BBJ44G,Vision Reversible Jersey; G: S-L,28
BBJPW,Zone Polyester Tricot Reversible Jersey; W: S-2XL*,28
BBJ15W,Post Up Reversible Athletic Fit Jersey; W: S-2XL*,28
BBJ15G,Post Up Reversible Athletic Fit Jersey; G: S-L,28
BBS15W,"Post Up Reversible Short; W: S-2XL*; 8"" Inseam",28
BBS15G,"Post Up Reversible Short; G: S-L; 6"" Inseam",28
BBJ4W,Slam Dunk Reversible Jersey; W: S-2XL* - LIMITIED QUANTITIES,28
BBJ16W,Crossover Reversible Jersey; W: S-2XL* - LIMITIED QUANTITIES,28
BBS16W,Crossover Reversible Short; W: S-2XL* LIMITIED QUANTITIES,28
BB7,"Apex Basketball; Official Size: 29.5""",29
BB11,"Prime Basketball; Official Size: 29.5""",29
BB9,"Hustle Basketball; Official Size: 29.5""",29
BB50,"Dura-Grip 230 Basketball; Official Size: 29.5""",29
BB48,"Mini Rubber Basketball; 22.5""; Black/Scarlet, Purple/Teal",29
JBR20,JUICE Professional Ball Cart Cover - Ea.,29
BR15,"Monster Ball Locker; Holds 30 Basketballs; 41"" x 25"" x 38""",29
BR20,"Professional Ball Rack; Holds 15 Basketballs; 49"" x 24"" x 49""",29
BR12,"Ball Rack with Casters; Holds 18 Basketballs; 41"" x 17"" x 41""",29
BR17,"Portable Ball Locker; Holds 17 Basketballs; 41"" x 17"" x 41""",29
NG01,Steel Chain Basketball Net,29
NG03,Braided Nylon Basketball Net - White,29
NG04,Braided Nylon Basketball Net - Red/White/Blue,29
NG07,Brute Anti-Whip Basketball Net - White,29
ACT,Hardwood Traction Mat,29
ACTR,Hardwood Traction Mat Replacement Sheets; 60 Sheets,29
P311,Deluxe Flip-A-Score,29
A162,"Mat Tape; 1"" -  LIMITED QUANTITIES",29
A164,"Mat Tape; 2"" -  LIMITED QUANTITIES",29
A167,"Mat Tape; 3""",29
A168,"Mat Tape; 4""",29
A07BK,Basketball Score Book,29
A092,"Basketball Coach's Board; 10"" x 16""",29
A099BK,"Basketball Coach's Board;  9"" x 12""",29
BBJR1,Short Sleeve Official's Jersey: A: XS-5XL*,29
BBPR1,REF Basketball Official's Pant; A: 30-46,29
P420REF,Referee Pinnies,29
A324-A,Whistle Lanyards; Header Cards Packs of 12,29
A333,Large Plastic Whistle with Lanyard,29
A336CL,Mouth Cushion & Lanyard; Blister Pack,29
A339,Electronic Whistle,29
JSJ4A,JUICE Crew-Neck Jersey; A: S-4XL*; Z-Cloth/Pin-Dot Mesh; Athletic Fit - Ea.,30
JSJ4Y,JUICE Crew-Neck Jersey; Y: XS-XL; Z-Cloth/Pin-Dot Mesh; Athletic Fit - Ea.,30
JSS7A,"JUICE Short; A: S-4XL*; Z-Cloth; 7"" Inseam; Classic Fit - Ea.",30
JSS7Y,"JUICE Short; Y: XS-XL*; Z-Cloth; 7"" Inseam; Classic Fit - Ea.",30
JSS5A,"JUICE Short; A: S-4XL*; Z-Cloth; 5"" Inseam; Classic Fit - Ea.",30
JSS5Y,"JUICE Short; Y: XS-XL*; Z-Cloth; 5"" Inseam; Classic Fit - Ea.",30
JBST12A,JUICE Short Sleeve Raglan w/Soccer Neck; A: S-3XL; Z-Cloth; Classic Fit - Ea.,30
JBST12Y,JUICE Short Sleeve Raglan w/Soccer Neck; Y: XS-XL; Z-Cloth; Classic Fit - Ea.,30
SJ51A,Hat Trick Jersey; A: S-2XL*,30
SJ51Y,Hat Trick Jersey; Y: XXS-XL,30
SS51A,Hat Trick Short; A: S-2XL*,30
SS51Y,Hat Trick Short; Y: XXS-XL,30
SJ40A,Attacker Jersey; A: S-3XL*,30
SJ40Y,Attacker Jersey; Y: XS-XL,30
SS20A,"Mark Short; A: S-XL; 6"" Inseam",30
SS20Y,Mark Short; Y: XS-XL; Graded Inseam,30
SJ13A,Breakout Jersey; A: S-2XL*,30
SJ13Y,Breakout Jersey; Y: XS-XL,30
SS13A,Breakout Short; A: S-2XL*,30
SS13Y,Breakout Short; Y: XS-XL,30
SJ10A,Header Jersey; A: S-XL,30
SJ10Y,Header Jersey; Y: XS-XL,30
SS10A,"Header Short; A: S-XL; 6"" Inseam",30
SS10Y,Header Short; Y: XS-XL; Graded Inseam,30
SJ20A,Mark Jersey; A: S-XL,30
SJ20Y,Mark Jersey; Y: XS-XL,30
JSGK3A,JUICE Goalkeeper Jersey; A: S-2XL*; Active Cloth/Pin-Dot Mesh; Athletic Fit - Ea.,30
JSGK3Y,JUICE Goalkeeper Jersey; Y: S-L; Active Cloth/Pin-Dot Mesh; Athletic Fit - Ea.,30
SGK3A,Save Goalkeeper Jersey; A: S-2XL*,30
SGK3Y,Save Goalkeeper Jersey; Y: S-L,30
SOCVA,"Soccer Scrimmage Vest; A: M, XL, 2XL",30
SOCVY,"Soccer Scrimmage Vest; Y: M, XL",30
SOCV6A,"Soccer Scrimmage Vest; 6/Pack; A: M, XL",30
SOCV6Y,"Soccer Scrimmage Vest; 6/Pack; Y: M, XL",30
SGK1A,Keeper Goalie Jersey; A: S-XL -  LIMITED QUANTITIES,30
SGK1Y,Keeper Goalie Jersey; Y: M-L -  LIMITED QUANTITIES,30
JSJ4W,JUICE Crew-Neck Jersey; W: XS-3XL*; Z-Cloth/Pin-Dot Mesh; Athletic Fit - Ea.,30
JSJ4G,JUICE Crew-Neck Jersey; G: S-XL; Z-Cloth/Pin-Dot Mesh; Athletic Fit - Ea.,30
JSSW7A,"JUICE Short; A: S-3XL*; Z-Cloth; 7"" Inseam; Classic Fit - Ea.",30
JSSW5A,"JUICE Short; A: S-3XL*; Z-Cloth; 5"" Inseam; Classic Fit - Ea.",30
JSSW5G,"JUICE Short; Y: XS-XL; Z-Cloth; 5"" Inseam; Classic Fit - Ea.",30
SJ50W,Hat Trick Jersey; W: XS-2XL*,31
SS50W,Hat Trick Short; W: XS-2XL*,31
SB1850,Orix Soccer Ball; NFHS Approved; Size:5,31
SB904,Pulse Soccer Ball; Size: 4,31
SB905,Pulse Soccer Ball; Size: 5,31
SB703,Orbit Soccer Ball; Size: 3,31
SB704,Orbit Soccer Ball; Size: 4,31
SB705,Orbit Soccer Ball; Size: 5,31
SB513,Kickoff Soccer Ball; Size: 3,31
SB514,Kickoff Soccer Ball; Size: 4,31
SB515,Kickoff Soccer Ball; Size: 5,31
SBF,Futsal Soccer Ball,31
SB643,Maverick Soccer Ball; Size: 3 - Limited Quantities,31
SB493,Renegade Machine Stitched Soccer Ball; Size: 3 - Limited Quantities,31
SGGS,Stopper Goalie Glove; Size: 5-11,31
SGGK,Keeper Goalie Glove; Size: 4-11,31
SSGO,Orbit Soccer Shin Guard; Size: XS,31
SSGRI,Rift Strap Soccer Shin Guard; Size: XS,31
SSGRS,Rift Insert Soccer Shin Guard; Size: XS,31
A7D,"D1 Shin Guard; Sizes S, M & L",31
SSG6,"Sock-Style Shin Guard; XXS/XS, S/M and M/L; Black, White",31
A8D,C-Flex Shin Guard; S/M - L/XL; LIMITED QUANTITIES,31
SSG8,League Soccer Shin Guard; XXS-L; LIMITED QUANTITIES,31
A119XS,D3 Molded High Impact Shin Guard; Size: XS,31
A119,D3 Molded High Impact Shin Guard; Size: S,31
A120,D3 Molded High Impact Shin Guard; Size: M,31
A121,D3 Molded High Impact Shin Guard; Size: L,31
A126,D4 Shin Guard; Size: M,31
A127,D4 Shin Guard; Size: S,31
A128,D4 Shin Guard; Size: XS,31
NS43I,Brute Soccer Goal Official USSF Regulation Sizes for U6 - U8; 6' x 4' (Individual),31
NS44I,Brute Soccer Goal Official USSF Regulation Sizes for U6 - U8; 12' x 6' (Individual),31
NS51I,Gravity Non-Weighted Soccer Goal; 4' x 3' (Individual),31
NS51IWT,Gravity Weighted Soccer Goal; 4' x 3' (Individual),31
NS52I,Gravity Non-Weighted Soccer Goal; 6' x 4' (Individual),31
NS52IWT,Gravity Weighted Soccer Goal; 6' x 4' (Individual),31
NS32I,6' x 4' Fold-Up Goal (Individual),31
NS40I,Pro Pop-Up Goal; 3' x 2'; (Individual),31
NS50,Soccer Skill Trainer,31
A197X,"The ""X"" Turf Corner Flag",31
A197RB,"Corner Flags with Rubber Bases; 1"" Diameter (Set of 4)",31
A197SB,"Corner Flags with Sand Bases; 1"" Diameter (Set of 4)",31
A197,Deluxe Official Corner Flag (Set of 4),31
A197RSE,Replacement Flags for A197 & A199; (Set of 4),31
A199,Official Corner Flags  (Set of 4),31
NS1P,"4.0 mm Braided PE; Colors: Blue, Red, White, Yellow, & Orange",32
NS2,4.0 mm  Braided PE Hexagonal; Colors: White; LIMITED QUANTITIES,32
NS06,2.0 mm Twisted PE; Colors: Orange,32
NS3T,"3.0 mm Twisted PE; Colors: Blue, Red, White, Yellow, & Orange",32
NS04,2.5 mm Twisted PE; Colors: Orange; LIMITED QUANTITIES,32
A192,Deluxe Linesman Flags with Foam Grips (Set of 2),32
A196,Referee Wallet,32
A099S,"Soccer Coach's Board; 9"" x 12""",32
A195,"Captain's Arm Band; Colors: Black, Yellow, Blue, Red, Green - Adult",32
A195-JR,"Captain's Arm Band; Colors: Black, Yellow, Blue, Red, Green - JV",32
JVJ4W,JUICE Long Sleeve Jersey; W: XS-3XL*; Power Stretch/Pin-Dot Mesh/Court Compression; Athletic Fit - Ea.,32
JVJ4G,JUICE Long Sleeve Jersey; G: S-XL; Power Stretch/Pin-Dot Mesh/Court Compression; Athletic Fit - Ea.,32
JVJ4TW,JUICE Long Sleeve Jersey; Tall; W: XS-3XL*; Power Stretch/Pin-Dot Mesh/Court Compression; Athletic Fit - Ea.,32
JVJ4TG,JUICE Long Sleeve Jersey; Tall; G: S-XL; Power Stretch/Pin-Dot Mesh/Court Compression; Athletic Fit - Ea.,32
JVS3W,"JUICE Compression Short; 3"" Inseam; W: XS-3XL*; Court Compression; Stretch Fit - Ea.",32
JVS3G,"JUICE Compression Short; 3"" Inseam; G: S-XL; Court Compression; Stretch Fit - Ea.",32
JVS5W,"JUICE Compression Short; 5"" Inseam; W: XS-3XL*;Court Compression; Stretch Fit - Ea.",32
JVS5G,"JUICE Compression Short; 5"" Inseam; G: S-XL; Court Compression; Stretch Fit - Ea.",32
JVJ6W,JUICE Short Sleeve Jersey; W: XS-3XL*; Power Stretch/Pin-Dot Mesh; Athletic Fit - Ea.,32
JVJ6G,JUICE Short Sleeve Jersey; G: S-XL; Power Stretch/Pin-Dot Mesh; Athletic Fit - Ea.,32
JVJ6TW,JUICE Short Sleeve Jersey; Tall; W: XS-3XL*; Power Stretch/Pin-Dot Mesh; Athletic Fit - Ea.,32
JVJ6TG,JUICE Short Sleeve Jersey; Tall; G: S-XL; Power Stretch/Pin-Dot Mesh; Athletic Fit - Ea.,32
JVJ3W,JUICE Sleeveless Jersey; W: XS-3XL*; Power Stretch/Pin-Dot Mesh; Athletic Fit - Ea.,32
JVJ3G,JUICE Sleeveless Jersey; G: S-XL; Power Stretch/Pin-Dot Mesh; Athletic Fit - Ea.,32
JVJ3TW,JUICE Sleeveless Jersey; Tall; W: XS-3XL*; Power Stretch/Pin-Dot Mesh; Athletic Fit - Ea.,32
JVJ3TG,JUICE Sleeveless Jersey; Tall; G: S-XL; Power Stretch/Pin-Dot Mesh; Athletic Fit - Ea.,32
VJ12W,Point Short Sleeve Jersey; W: S-2XL*,32
VJ12G,Point Short Sleeve Jersey; G: S-L,32
VJ10W,Rally Long Sleeve Jersey; W: S-2XL*,32
VJ10G,Rally Long Sleeve Jersey; G: S-L,32
VJ8W,Triumphant Jersey; W: S-2XL* - Limited Quantities,32
VJ8G,Triumphant Jersey; G:: S-L - Limited Quantities,32
VJ13W,Spike Active Jersey; W: XS-2XL* -  Limited Quantities,32
VS1W,"Set Volleyball Short; 2.5"" Inseam; W: XS-2XL* -  Limited Quantities",32
VS2W,"Set Volleyball Short; 4"" Inseam; W: XS-2XL* -  Limited Quantities",32
VBST4000,ST-4000 Volleyball; NFHS Approved,33
VBST5000,Titan Volleyball; NFHS Approved,33
VBST2500,ST-2500 Volleyball; NFHS Approved,33
VBST800,ST-800 Volleyball,33
VBST900,ST-900 Volleyball,33
VBST2,ST2 Indoor/Outdoor Volleyball,33
VB41,300 Competition Rubber,33
VBL2,Featherlite Volleyball,33
A1004,"High Compression/Low Profile Knee Pad; Adult: 10"" Length; Colors: Black, White",33
A1004JR,"High Compression/Low Profile Knee Pad; Junior: 9 1/2"" Length; Colors: Black, White",33
A2001,"High Compression/Low Profile Knee Pad; Adult: 10"" Length; Colors: Black, White; LIMITED QUANTITIES",33
A3001,"MVP Low-Profile Knee pad; S-L; Colors: Black, White",33
NV01,"3.0 MM Braided PE 32'; ""POWER"" Net, Steel Cable Top & Bottom",33
NV05,"2.5 MM Twisted PE 30'; Indoor/Outdoor Net, PE Rope Top Cable",33
NV09,"1.7 MM Twisted PE 30'; Recreational Net, PE Rope Cable Top",33
NVA1,Volleyball Antenna with Sleeve; Official Size,33
BR22,"Hammock Volleyball Cart 55.5""L x 22.5""W x 41""H",33
JHKJ5A,"JUICE Single-Ply Reversible Jersey; A: S-3XL*; Intermediate Goalie, Goalie; Fusion Mesh; Classic Fit - Ea.",33
JHKJ5Y,"JUICE Single-Ply Reversibile Jersey; Y: XS(Mites); S/M, L/XL, Goalie; Fusion Mesh; Classic Fit - Ea.",33
JHKJ4A,"JUICE Elite Lace-Neck Jersey; A: S-3XL*; Intermediate Goalie, Goalie; Fusion Mesh; Classic Fit - Ea.",33
JHKJ4Y,"JUICE Elite Lace-Neck Jersey; Y: XS(Mites), S/M, L/XL, Goalie; Fusion Mesh; Classic Fit - Ea.",33
JHKJ3A,"JUICE Elite V-Neck Jersey; A: S-3XL* Intermediate Goalie, Goalie; Fusion Mesh; Classic Fit - Ea.",33
JHKJ3Y,"JUICE Elite V-Neck Jersey; Y: XS (Mites), S/M, L/XL, Goalie; Fusion Mesh; Classic Fit - Ea.",34
JHKJ1A,JUICE V-Neck Jersey; A: S-3XL*; Intermediate Goalie; Goalie; Fusion Mesh; Classic Fit - Ea.,34
JHKJ1Y,"JUICE V-Neck Jersey; Y: YXS(Mites), S/M, L/XL, Goalie; Fusion Mesh; Classic Fit - Ea.",34
JHKJ1KA,JUICE Keyhole Neck Jersey; A: S-3XL*; Intermediate Goalie; Goalie; Fusion Mesh; Classic Fit - Ea.,34
JHKJ1KY,"JUICE Keyhole Neck Jersey; Y: XS (Mites), S/M, L/XL, Goalie; Fusion Mesh; Classic Fit - Ea.",34
JHKJ1LA,JUICE Lace Neck Jersey; A: S-3XL*; Intermediate Goalie; Goalie; Fusion Mesh; Classic Fit - Ea.,34
JHKJ1LY,"JUICE Lace Neck Jersey; Y: XS (Mites), S/M, L/XL, Goalie; Fusion Mesh; Classic Fit - Ea.",34
JHKB2A,JUICE Hockey Shell; A: S-3XL; Rink Rigid Warp/Tek-Knit; Classic Fit - Ea.,34
JHKB2Y,JUICE Hockey Shell; Y: XS-XL; Rink Rigid Warp/Tek-Knit; Classic Fit - Ea.,34
JHKS1A,"JUICE Hockey Socks; A: S/M (28"" Length), L/XL (30"" Length); Fusion Mesh; Classic Fit - Ea.",34
JHKS1Y,"JUICE Hockey Socks; Y:XS (19"" Length),S/M (22"" Length), L/XL (25"" Length); Fusion Mesh; Classic Fit - Ea.",34
JHKS5A,"JUICE Single-Ply Reversible Hockey Socks; A: S/M(28"" Length), L/XL(30"" Length); Fusion Mesh; Classic Fit - Ea.",34
JHKS5Y,"JUICE Single-Ply Reversible Hockey Socks; Y: XS(19"" Length), S/M(22"" Length), L/XL(25"" Length); Classic",34
HJ2A,Faceoff Jersey; A: S-2XL*,34
HJ2GA,Faceoff Jersey; A: Goalie,34
HJ2Y,"Faceoff Jersey; Y: S/M, L/XL",34
HJ2M,Faceoff Jersey; Mites: XS,34
HS1A,"Shift Hockey Socks; A: S/M, L/XL",34
HS1Y,"Shift Hockey Socks; Y: XS (Mites), L/XL",34
HCC1A,Crease Compression Jock Short; A: S-2XL*,34
HCC1Y,Crease Compression Jock Short; Y:: S-L,34
HCC2A,Blade Compression Jock Tight; A: S-2XL,34
HCC2Y,Blade Compression Jock Tight; Y: S-L,34
HMC1A,Rink Textured Mesh Short; A: S-2XL*,34
HMC1Y,Rink Textured Mesh Short; Y:: S-L,34
NHN2,"Replacement Hockey Net; Fits Most 72"" x 48"" Goals",34
JLJ2A,JUICE Collegiate Game Jersey; A: S-3XL*; FlexDri Mesh; Classic Fit - Ea.,34
JLJ2Y,JUICE Collegiate Game Jersey; Y: S-XL; FlexDri Mesh; Classic Fit - Ea.,34
JLJ7A,JUICE Reversible Raglan Sleeve Jersey; A: S-3XL*; Fusion Mesh; Classic Fit - Ea.,34
JLJ7Y,JUICE Reversible Raglan Sleeve Jersey; Y: S-XL; Fusion Mesh; Classic Fit - Ea.,34
JLJ6A,JUICE Single-Ply Reversible Short Sleeve Jersey; A: S-3XL*; Fusion Mesh; Classic Fit - Ea.,34
JLJ6Y,JUICE Single-Ply Reversible Short Sleeve Jersey; Y: S-XL; Fusion Mesh; Classic Fit - Ea.,34
JLJ1A,JUICE Single-Ply Reversible Sleeveless Jersey; A: S-3XL*; Fusion Mesh; Classic Fit - Ea.,34
JLJ1Y,JUICE Single-Ply Reversible Sleeveless Jersey; Y: S-XL; Fusion Mesh; Classic Fit - Ea.,34
JFLJ5A,JUICE Single-Ply Reversible Pinnie; A: S/M;L/XL;2XL/3XL*; Fusion Mesh; Classic Fit - Ea.,35
JFLJ5Y,JUICE Single-Ply Reversible Pinnie; Y: S/M;L/XL; Fusion Mesh; Classic Fit - Ea.,35
FLJ4A,"Stick Reversible Jersey; A: S/M, L/XL, 2XL/3XL*",35
FLJ4Y,"Stick Reversible Jersey; Y:: S/M, L/XL",35
JLJ8W,JUICE Sleeveless Jersey; W: XS-3XL*; Active Cloth/Pin-Dot Mesh; Classic Fit - Ea.,35
JLJ8G,JUICE Sleeveless Jersey; G: S-XL; Active Cloth/Pin-Dot Mesh; Classic Fit - Ea.,35
JLK2SW,JUICE Lacrosse Skort; W: XS-3XL*; Court Compression; Classic Fit - Ea.,35
JLK2SG,JUICE Lacrosse Skort; G: S-XL; Court Compression; Classic Fit - Ea.,35
JLK2W,JUICE Lacrosse Skirt; W: XS-3XL*; Active Cloth; Classic Fit - Ea.,35
JLK2G,JUICE Lacrosse Skirt; G: S-XL; Active Cloth; Classic Fit - Ea.,35
JSBJ1W,JUICE Modified Racerback Jersey; W: XS-3XL*; Active Cloth; Classic Fit - Ea.,35
JSBJ1G,JUICE Modified Racerback Jersey; Y: S-XL; Active Cloth; Classic Fit - Ea.,35
JSBJ3W,JUICE Full Racerback Sleeveless Jersey; A: XS-3XL*; Active Cloth; Classic Fit - Ea.,35
JSBJ3G,JUICE Full Racerback Sleeveless Jersey; Y: S-XL; Active Cloth; Classic Fit - Ea.,35
JLP2W,"JUICE Single-Ply Reversible Racerback Pinnie; S/M, L/XL, 2XL; Fusion Mesh; Classic Fit - Ea.",35
JLP2G,"JUICE Single -Ply Reversible Racerback Pinnie; XS/S, M/L; Fusion Mesh; Classic Fit - Ea.",35
LXJ01W,"Middie Micro Mesh Reverisble Pinnie; W: S/M, L/XL, 2XL*",36
LXJ01G,Middie Micro Mesh Reverisble Lacrosse Pinnie; G: M/L,36
LSX,LRX9 Women's Lacrosse Stick,36
LS3,LRX7 Adult Lacrosse Stick; White,36
LS4,LRX7 Youth Lacrosse Stick; Black,36
LSB,Lacrosse Ball Stopper,36
LSCA,Lacrosse Stick End Cap for LS1,36
LSCY,Lacrosse Stick End Cap for LS2,36
LBN,"NOCSAE Lacrosse Balls; Orange, Gold, Lime Green & White",36
LB3NW,NOCSAE Lacrosse Balls 3 Pack Retail Packaging; White,36
LB6NW,NOCSAE Lacrosse Balls 6 Pack Retail Packaging; White,36
LBSP,Foam Lacrosse Balls,36
NL2,Recreational Lacrosse Goal; 6' x 6' x 7',36
NLR3B4,Lacrosse Goal Net; 4mm,36
NLR3B6,Lacrosse Goal Net; 6mm,36
NLR1,"Rebound Target; 86"" x 37 1/2""",36
NLR2,Rebound Screen; 4' X 3',36
JTRKJ1A,JUICE Track Singlet; A: S-4XL*; Z-Cloth; Classic Fit - Ea.,36
JTRKJ1Y,JUICE Track Singlet; Y: S-XL; Z-Cloth; Classic Fit - Ea.,36
JTRKJ7A,JUICE Racerback Jersey; A: S-3XL*; FlexDri Mesh/Pin-Dot Mesh; Classic Fit - Ea.,36
JTRKJ7Y,JUICE Racerback Jersey; Y: S-XL; FlexDri Mesh/Pin-Dot Mesh; Classic Fit - Ea.,36
JTRKS13A,JUICE Track Shorts with Brief; A: S-3XL*; FlexDri Mesh/Ice Compression; Classic Fit - Ea.,36
JTRKS13Y,JUICE Track Shorts with Brief; A: S-L; FlexDri Mesh/Ice Compression; Classic Fit - Ea.,36
JTRKJ2A,JUICE Athletic Fit Track Singlet; A: S-3XL*; Power Stretch; Athletic Fit - Ea.,36
JTRKJ2Y,JUICE Athletic Fit Track Singlet; Y: S-XL; Power Stretch; Athletic Fit - Ea.,36
JTRKS1A,JUICE Track Short; A: S-3XL*; Z-Cloth; Classic Fit - Ea.,36
JTRKS1Y,JUICE Track Short; Y: S-L; Z-Cloth; Classic Fit - Ea.,36
JTRKS6A,JUICE Split Short with Inner Brief; A: S-3XL*; Stretch Woven; Classic Fit - Ea.,36
JTRKS6Y,JUICE Split Short with Inner Brief; Y: S-L; Strech Woven; Classic Fit - Ea.,36
TRKJ5A,Speed Jersey; A: S-3XL*,36
TRKJ5Y,Speed Jersey; Y: S-L,36
TRKS5A,Speed Woven Short; A: S-3XL*,36
TRKS5Y,Speed Woven Short; Y: S-L,36
TFJ01A,Miler Track Jersey; A: S-3XL*,36
TFJ01Y,Miler Track Jersey; Y: S-L,36
TFS02A,Sprinter Track Short; A: S-3XL*,36
TFS02Y,Sprinter Track Short; Y: S-L,36
TRKS7A,Speed Compression Short; A: S-2XL*,36
TRKS7Y,Speed Compression Short; Y: S-L,36
JTRKJ2W,JUICE Athletic Fit Track Singlet; W: XS-4XL*; Power Stretch; Athletic Fit - Ea.,37
JTRKS2W,JUICE Compression Track Short; W: XS-2XL*; Court Compression; Stretch Fit - Ea.,37
JTRKJ6W,JUICE Racerback Jersey; W: S-2XL*; FlexDri Mesh/Pin-Dot Mesh; Classic Fit - Ea.,37
JTRKJ6G,JUICE Racerback Jersey; G: S-L; FlexDri Mesh/Pin-Dot Mesh; Classic Fit - Ea.,37
JTRKS12W,JUICE Track Shorts with Brief; W: S-2XL*; FlexDri Mesh/Ice Compression; Classic Fit - Ea.,37
JTRKJ1W,JUICE Singlet; W: XS-2XL*; Z-Cloth; Classic Fit - Ea.,37
JTRKS1W,JUICE Track Short; W: XS-2XL*; Z-Cloth; Classic Fit - Ea.,37
JTRKS6W,JUICE Split Short with Inner Brief; W: XS-2XL*; Strech Woven; Classic Fit - Ea.,37
TRKJ4W,Speed Track Jersey; W: XS-2XL*,37
TRKS4W,Speed Woven Short; W: XS-2XL*,37
TFJ01W,Miler Track Jersey; W: S-2XL*,37
TFS02W,Sprinter Track Short; W: S-2XL*,37
TSC106,2.7 Kg./6 Lb. Cast Iron Shot Put; Blue,37
TSC108,3.6 Kg./8 Lb. Cast Iron Shot Put; Blue,37
TSC112,5.45 Kg./ 12 Lb. Cast Iron Shot; Blue,37
TSC116,7.26 Kg./16 Lb. Cast Iron Shot Put; Blue,37
TSC206,2.7 Kg./6 Lb. Cast Iron Shot Put; Gray,37
TSC208,3.6 Kg./8 Lb. Cast Iron Shot Put; Gray,37
TSC212,5.45 Kg./ 12 Lb. Cast Iron Shot; Gray,37
TSC216,7.26 Kg./16 Lb. Cast Iron Shot Put; Gray,37
TD110,1.0 Kg. Rubber Discus,37
TD116,1.6 Kg. Rubber Discus,37
TD120,2.0 Kg. Rubber Discus,37
A170,50' Open Reel Tape Measure,37
A171,100' Open Reel Tape Measure,37
A172,165' Open Reel Tape Measure,37
A173,200' Open Reel Tape Measure,37
A174,300' Open Reel Tape Measure,37
A151,Stopwatch,37
A152,Water Resistant Stopwatch,37
A810,"6"" Orange Training Hurdle",37
A811,"12"" Orange Training Hurdle",37
A812,"18"" Orange Training Hurdle",37
A813,Collapsible Speed Hurdles; Set of 5,37
A817,"Agility Spring Poles - 60""  (Set of 6)",37
A820,"Training Ladder - 20' X 17""; Splits into two 10' x 17"" sections",37
A822,"Speed Chute - 40""",37
A823,"Speed Chute - 48""",37
A237,7' Speed Rope,37
A238,8' Speed Rope,37
A239,9' Speed Rope,37
A240,10' Speed Rope,37
A246,16' Speed Rope,37
A207,7' Plastic Segmented Jump Rope - Limited Quantities,37
A130,"9"" Plastic Marker Cone",38
A130C,"9"" Collapsible Cone",38
A131,"12"" Plastic Marker Cone",38
A131V,"12"" Heavy Weight Collapsible Vinyl Cone - LIMITED QUANTITIES",38
A132,"15"" Plastic Marker Cone",38
A133,"18"" Plastic Marker Cone",38
A134B,10 Marker Discs; Colors; Orange,38
A134BY,10 Marker Discs; Colors; Optic Yellow,38
A134C,Marker Disc Caddy (discs not included),38
A134CS,Marker Disc Carrying Strap (discs not included),38
A131C,"12"" Collapsible Cone -  Limited Quantities",38
A137OR,Flat Disc Markers; Optic Yellow or Orange; 10 Pack,38
A137OY,Flat Disc Markers; Optic Yellow; 10 Pack,38
WB26,Hydration Pro Water Bottle 22 oz,38
CWB26,Hydration Pro 6-Bottle Carrier,38
WBCS26,Hydration Pro 6-Bottle Team Set,38
A147D,Apex Digital Smart Pump,38
A153,Stealth Handheld Digital Pump,38
A141,"12"" Inflation Pump",38
A141PG,"12"" Pump with Pressure Gauge",38
A144,"8"" Dual Action Pump",38
A145B,Inflation Needles - 3/card; Retail Packaging,38
A142RN,Replacement Needle,38
A142,"10"" Dual Action Pump - Limited Quantities",38
A149,Pressure Gauge with Release Button - Limited Quantities,38
