style,color_name,size,upc_to_write,netsuite_item_id,match_method
29M,White,Small,00042463028870,180284,option:name
29M,White,Medium,00042463028863,180216,mainframe
29M,White,Large,00042463028856,180215,mainframe
29M,White,X-Large,00042463028887,180342,mainframe
29M,White,3X-Large,00042463765140,180282,option:name
29M,White,2X-Large,00042463608379,180283,option:name
29M,Ash,Small,00042463063093,180356,mainframe
29M,Ash,Medium,00042463061365,180355,mainframe
29M,Ash,Large,00042463061358,180354,mainframe
29M,Ash,X-Large,00042463061389,180353,mainframe
29M,Ash,3X-Large,00042463742578,180351,mainframe
29M,Ash,2X-Large,00042463535149,180352,mainframe
29M,Black,Small,00042463008513,180494,option:name
29M,Black,Medium,00042463008520,180491,option:name
29M,Black,Large,00042463008537,180487,option:name
29M,Black,X-Large,00042463008544,180484,option:name
29M,Black,3X-Large,00042463008551,180477,option:name
29M,Black,2X-Large,00042463008568,180481,option:name
29M,Burnt Orange,Small,00042463063109,180322,mainframe
29M,Burnt Orange,Medium,00042463064601,180321,mainframe
29M,Burnt Orange,Large,00042463064595,180320,mainframe
29M,Burnt Orange,X-Large,00042463064229,180319,mainframe
29M,Burnt Orange,2X-Large,00042463701506,180318,mainframe
29M,Burnt Orange,3X-Large,00042463965359,180317,mainframe
29M,Gold,Small,00042463056507,180432,mainframe
29M,Gold,Medium,00042463056491,180430,mainframe
29M,Gold,Large,00042463056484,180428,mainframe
29M,Gold,X-Large,00042463056514,180426,mainframe
29M,Gold,2X-Large,00042463768110,180425,mainframe
29M,Maroon,Small,00042463052264,180380,option:name
29M,Maroon,Medium,00042463052257,180379,option:name
29M,Maroon,Large,00042463052240,180377,option:name
29M,Maroon,X-Large,00042463052271,180375,option:name
29M,Maroon,2X-Large,00042463770984,180373,option:name
29M,Maroon,3X-Large,00042463693856,180371,option:name
29M,White,4X-Large,00042463137992,180281,option:name
29M,Ash,4X-Large,00042463138012,180253,mainframe
29M,Black,4X-Large,00042463259946,180475,option:name
29M,Ash,5X-Large,00042463331550,180252,mainframe
29M,Black,5X-Large,00042463274000,180474,option:name
29M,Gold,4X-Large,00042463331581,180183,mainframe
29M,Kiwi,Small,00885306016388,180397,mainframe
29M,Kiwi,Medium,00885306016395,180396,mainframe
29M,Kiwi,Large,00885306016401,180394,mainframe
29M,Kiwi,2X-Large,00885306016425,180260,mainframe
29M,Kiwi,3X-Large,00885306016432,180259,mainframe
29M,Royal,Small,00885306019099,180310,option:name
29M,Royal,Medium,00885306019105,180306,option:name
29M,Royal,Large,00885306019112,180302,option:name
29M,Royal,X-Large,00885306019129,180297,option:name
29M,Royal,2X-Large,00885306016739,180292,option:name
29M,Royal,3X-Large,00885306016746,180288,option:name
29M,Royal,4X-Large,00885306016753,180286,option:name
29M,Columbia Blue,Small,00885306016487,180211,mainframe
29M,Columbia Blue,Medium,00885306016494,180210,mainframe
29M,Columbia Blue,Large,00885306016500,180209,mainframe
29M,Columbia Blue,X-Large,00885306016517,180208,mainframe
29M,Columbia Blue,2X-Large,00885306016524,180198,mainframe
29M,Columbia Blue,3X-Large,00885306016531,180196,mainframe
29M,Black Heather,Small,00042463274123,180432,option:name
29M,Black Heather,Medium,00042463274130,180430,option:name
29M,Black Heather,Large,00042463274147,180428,option:name
29M,Black Heather,X-Large,00042463274154,180426,option:name
29M,Black Heather,2X-Large,00042463274161,180425,option:name
29M,Black Heather,3X-Large,00042463274178,180422,option:name
29M,Black Heather,4X-Large,00885306105105,180421,option:name
29M,Burnt Orange,4X-Large,00042463331543,180236,mainframe
29M,Kiwi,4X-Large,00885306016449,180258,mainframe
29M,Maroon,4X-Large,00885306105389,180370,option:name
29M,Charcoal Grey,Small,00885306084233,100757,option:heur
29M,Charcoal Grey,Medium,00885306084240,100756,option:heur
29M,Charcoal Grey,Large,00885306084257,100755,option:heur
29M,Charcoal Grey,X-Large,00885306084264,100754,option:heur
29M,Charcoal Grey,2X-Large,00885306084196,100753,option:heur
29M,Charcoal Grey,3X-Large,00885306084202,100752,option:heur
29M,Neon Green,Small,00885306165949,100764,option:heur
29M,Neon Green,2X-Large,00885306166106,100763,option:heur
29M,Neon Green,3X-Large,00885306166113,100762,option:heur
29M,Silver,Small,00885306165901,180439,option:name
29M,Silver,Medium,00885306165918,180438,option:name
29M,Silver,Large,00885306165925,180437,option:name
29M,Silver,X-Large,00885306165932,180436,option:name
29M,Silver,3X-Large,00885306166199,180435,option:name
29M,Silver,4X-Large,00885306166205,180434,option:name
29M,Athletic Heather,Small,00885306250324,180335,option:name
29M,Athletic Heather,Medium,00885306250331,180333,option:name
29M,Athletic Heather,Large,00885306250348,180330,option:name
29M,Athletic Heather,X-Large,00885306250355,180328,option:name
29M,Athletic Heather,2X-Large,00885306249922,180326,option:name
29M,Athletic Heather,3X-Large,00885306249939,180325,option:name
29M,Athletic Heather,4X-Large,00885306249946,180324,option:name
29M,Athletic Heather,5X-Large,00885306249953,180323,option:name
29M,Gold,5X-Large,00885306105235,180182,mainframe
29M,Kiwi,5X-Large,00885306016456,180257,mainframe
29M,Royal,5X-Large,00885306016760,180285,option:name
29M,Scuba Blue,3X-Large,00885306558086,100758,option:heur
29M,Scuba Blue,Large,00885306557393,100759,option:heur
29M,Scuba Blue,Medium,00885306557386,100760,option:heur
29M,Scuba Blue,Small,00885306557362,100761,option:heur
4662M,Ash,Small,00042463088911,182951,mainframe
4662M,Ash,Medium,00042463088928,182950,mainframe
4662M,Ash,Large,00042463088935,182949,mainframe
4662M,Ash,X-Large,00042463088904,182948,mainframe
4662M,Black,Small,00042463009640,182957,mainframe
4662M,Black,Medium,00042463009657,182956,mainframe
4662M,Black,Large,00042463009664,182955,mainframe
4662M,Black,X-Large,00042463009671,182954,mainframe
4662M,Ash,2X-Large,00042463769384,182947,mainframe
4662M,Black,2X-Large,00042463009688,182953,mainframe
4662M,Ash,3X-Large,00042463797486,182946,mainframe
4662M,Black,3X-Large,00042463009695,182952,mainframe
562M,White,Small,00042463733569,34917,option:name
562M,White,Medium,00042463519835,34918,option:name
562M,White,Large,00042463133154,34919,option:name
562M,White,X-Large,00042463849253,34920,option:name
562M,White,3X-Large,00042463537464,34922,option:name
562M,White,2X-Large,00042463664726,34921,option:name
562M,Ash,Small,00042463185306,34923,option:name
562M,Ash,Medium,00042463863679,34924,option:name
562M,Ash,Large,00042463131495,34925,option:name
562M,Ash,X-Large,00042463672998,34926,option:name
562M,Ash,3X-Large,00042463982899,34928,option:name
562M,Ash,2X-Large,00042463811182,34927,option:name
562M,Black,Small,00042463009282,34930,option:name
562M,Black,Medium,00042463009299,34931,option:name
562M,Black,Large,00042463009305,34932,option:name
562M,Black,X-Large,00042463009312,34933,option:name
562M,Black,3X-Large,00042463009336,34935,option:name
562M,Black,2X-Large,00042463009329,34934,option:name
562M,Ash,4X-Large,00042463748372,34929,option:name
562M,Black,4X-Large,00042463009343,34936,option:name
562M,Oxford,Small,00042463684083,39747,option:name
562M,Oxford,Medium,00042463871261,39748,option:name
562M,Oxford,Large,00042463558940,39749,option:name
562M,Oxford,X-Large,00042463888511,39750,option:name
562M,Oxford,2X-Large,00042463668076,39751,option:name
562M,Oxford,3X-Large,00042463957477,39752,option:name
562M,Oxford,4X-Large,00042463592920,39753,option:name
562M,Maroon,Small,00042463864676,34943,option:name
562M,Maroon,Medium,00042463283002,34944,option:name
562M,Maroon,Large,00042463194223,34945,option:name
562M,Maroon,X-Large,00042463131648,34946,option:name
562M,Maroon,2X-Large,00042463850570,34947,option:name
562M,Black Heather,Small,00042463379163,39089,option:name
562M,Black Heather,Medium,00042463379170,39090,option:name
562M,Black Heather,Large,00042463379187,39091,option:name
562M,Black Heather,X-Large,00042463379194,39092,option:name
562M,Black Heather,2X-Large,00042463379200,39093,option:name
562M,Black Heather,3X-Large,00042463379217,39094,option:name
562M,Royal,Small,00885306017071,34958,option:name
562M,Royal,Medium,00885306017088,34959,option:name
562M,Royal,Large,00885306017095,34898,option:name
562M,Royal,X-Large,00885306017101,34899,option:name
562M,Royal,2X-Large,00885306016043,34900,option:name
562M,Royal,3X-Large,00885306016050,34901,option:name
562M,Safety Orange,Small,00885306160166,34910,option:heur
562M,Safety Orange,Medium,00885306160173,34911,option:heur
562M,Safety Orange,Large,00885306160180,34912,option:heur
562M,Safety Orange,X-Large,00885306160197,34913,option:heur
562M,Safety Orange,2X-Large,00885306160401,34914,option:heur
562M,Safety Orange,3X-Large,00885306160418,34915,option:heur
562M,Royal,4X-Large,00885306016067,34902,option:name
562M,Black Heather,4X-Large,00885306024468,39095,option:name
562M,Safety Green,Small,00042463143436,34903,option:heur
562M,Safety Green,Medium,00042463143443,34904,option:heur
562M,Safety Green,Large,00042463143450,34905,option:heur
562M,Safety Green,X-Large,00042463143467,34906,option:heur
562M,Safety Green,2X-Large,00042463143474,34907,option:heur
562M,Safety Green,3X-Large,00042463143481,34908,option:heur
562M,Safety Green,4X-Large,00885306024666,34909,option:heur
562M,Safety Orange,4X-Large,00885306160586,34916,option:heur
562M,Vintage Heather Blue,2X-Large,00885306256494,40791,option:heur
562M,Vintage Heather Blue,3X-Large,00885306256500,40792,option:heur
562M,Vintage Heather Blue,4X-Large,00885306256609,40793,option:heur
562M,Vintage Heather Blue,Large,00885306256470,40789,option:heur
562M,Athletic Heather,Medium,00885306256302,38848,option:name
562M,Vintage Heather Blue,Medium,00885306256463,40788,option:heur
562M,Athletic Heather,X-Large,00885306256326,38849,option:name
562M,Vintage Heather Blue,X-Large,00885306256487,40790,option:heur
562M,Vintage Heather Blue,Small,00885306256456,40787,option:heur
562M,Scuba Blue,2X-Large,00885306340704,101344,option:heur
562M,Scuba Blue,3X-Large,00885306340711,101343,option:heur
562M,Scuba Blue,4X-Large,00885306340650,101342,option:heur
562M,Scuba Blue,Large,00885306340551,101346,option:heur
562M,Scuba Blue,Medium,00885306340544,101347,option:heur
562M,Scuba Blue,Small,00885306340537,101348,option:heur
562M,Scuba Blue,X-Large,00885306340568,101345,option:heur
562B,Ash,Small,00042463190676,25220,option:name
562B,Ash,Medium,00042463160723,25221,option:name
562B,Ash,Large,00042463980437,25222,option:name
562B,Ash,X-Large,00042463363605,25223,option:name
4528M,Ash,Small,00042463533961,182913,mainframe
4528M,Ash,Medium,00042463251773,182912,mainframe
4528M,Ash,Large,00042463872596,182917,mainframe
4528M,Ash,X-Large,00042463410422,182916,mainframe
4528M,Black,Small,00042463009008,182918,mainframe
4528M,Black,Medium,00042463009015,182911,mainframe
4528M,Black,Large,00042463009022,182910,mainframe
4528M,Black,X-Large,00042463009039,182909,mainframe
4528M,Ash,2X-Large,00042463433131,182915,mainframe
4528M,Black,2X-Large,00042463009046,182908,mainframe
4528M,Ash,3X-Large,00042463331499,182914,mainframe
4528M,Black,3X-Large,00042463303519,182907,mainframe
973M,Black,Small,00042463009497,35850,option:name
973M,Black,Medium,00042463009503,35851,option:name
973M,Black,Large,00042463009510,35852,option:name
973M,Black,X-Large,00042463009527,35853,option:name
973M,Black,2X-Large,00042463009534,35854,option:name
973M,Oxford,Small,00042463985845,41640,option:name
973M,Oxford,Medium,00042463746620,41641,option:name
973M,Oxford,Large,00042463861989,41642,option:name
973M,Oxford,X-Large,00042463648375,41643,option:name
973M,Oxford,2X-Large,00042463937509,41644,option:name
973M,Ash,2X-Large,00042463557592,35849,option:name
973M,Ash,Large,00042463064441,35847,option:name
973M,Ash,Medium,00042463064458,35846,option:name
973M,Ash,Small,00042463064465,35845,option:name
973M,Ash,X-Large,00042463064472,35848,option:name
S600T,Black,Small,00191265201551,73719,option:name
S600T,Black,Medium,00191265201568,73720,option:name
S600T,Black,Large,00191265201599,73721,option:name
S600T,Black,X-Large,00191265201612,73722,option:name
S600T,Black,2X-Large,00191265201520,73723,option:name
S600T,Black,3X-Large,00191265201544,73724,option:name
S600T,Black,4X-Large,00191265201575,73725,option:name
S600T,Black,5X-Large,00191265201582,73726,option:name
996Y,Ash,Small,00042463332724,36128,option:name
996Y,Ash,Medium,00042463560097,36129,option:name
996Y,Ash,Large,00042463157778,36130,option:name
996Y,Ash,X-Large,00042463327942,36131,option:name
996Y,Black,Small,00042463009619,36132,option:name
996Y,Black,Medium,00042463009626,36133,option:name
996Y,Black,Large,00042463009633,36134,option:name
996Y,Black,X-Large,00042463328048,36135,option:name
996Y,Oxford,Small,00042463017744,41657,option:name
996Y,Oxford,Medium,00042463017751,41658,option:name
996Y,Oxford,Large,00042463017768,41659,option:name
996Y,Oxford,X-Large,00042463328147,41660,option:name
996Y,White,Large,00042463177295,36155,option:name
996Y,Maroon,Large,00042463328116,36136,option:name
996Y,Royal,Large,00885306019488,36148,option:name
996Y,Black Heather,Large,00885306249182,41345,option:name
996Y,Athletic Heather,Medium,00885306249137,41298,option:name
29B,White,Small,00042463140398,180107,mainframe
29B,White,X-Large,00042463349555,180100,mainframe
29B,Ash,X-Small,00042463641178,180029,mainframe
29B,Ash,Small,00042463140374,180030,mainframe
29B,Ash,Medium,00042463486328,180026,mainframe
29B,Ash,Large,00042463426072,180120,mainframe
29B,Ash,X-Large,00042463143634,180119,mainframe
29B,Black,X-Small,00042463008506,180089,mainframe
29B,Black,Small,00042463008476,180090,mainframe
29B,Black,Medium,00042463008483,180087,mainframe
29B,Black,Large,00042463008490,180085,mainframe
29B,Gold,X-Small,00042463503421,180049,mainframe
29B,Gold,Small,00042463583386,180050,mainframe
29B,Gold,Medium,00042463447237,180046,mainframe
29B,Gold,Large,00042463995844,180043,mainframe
29B,Gold,X-Large,00042463145997,180041,mainframe
29B,Maroon,Medium,00042463388271,180096,mainframe
29B,Maroon,Large,00042463147137,180095,mainframe
29B,Maroon,X-Large,00042463387205,180094,mainframe
29B,Columbia Blue,X-Small,00885306018122,180140,mainframe
29B,Columbia Blue,Small,00885306018139,180141,mainframe
29B,Columbia Blue,Medium,00885306018146,180139,mainframe
29B,Columbia Blue,Large,00885306018153,180138,mainframe
29B,Columbia Blue,X-Large,00885306018160,180137,mainframe
S500T,Black,Small,00191265197656,73605,option:name
S500T,Black,Medium,00191265197670,73606,option:name
S500T,Black,Large,00191265197687,73607,option:name
S500T,Black,X-Large,00191265197694,73608,option:name
S500T,Black,2X-Large,00191265197632,73609,option:name
993M,Ash,Small,00042463064809,35888,option:name
993M,Ash,Medium,00042463064793,35889,option:name
993M,Ash,Large,00042463064786,35890,option:name
993M,Ash,X-Large,00042463064816,35891,option:name
993M,Black,Small,00042463010981,35894,option:name
993M,Black,Medium,00042463010998,35895,option:name
993M,Black,Large,00042463011001,35896,option:name
993M,Black,X-Large,00042463011018,35897,option:name
993M,Ash,2X-Large,00042463621187,35892,option:name
993M,Black,2X-Large,00042463011025,35898,option:name
993M,Ash,3X-Large,00042463003976,35893,option:name
993M,Black,3X-Large,00042463011032,35899,option:name
993M,Oxford,Small,00042463638239,41645,option:name
993M,Oxford,Medium,00042463720200,41646,option:name
993M,Oxford,Large,00042463971459,41647,option:name
993M,Oxford,X-Large,00042463834051,41648,option:name
993M,Oxford,2X-Large,00042463642564,41649,option:name
993M,Oxford,3X-Large,00042463004010,41650,option:name
993M,Maroon,Small,00042463639281,35913,option:name
993M,Maroon,Medium,00042463668984,35914,option:name
993M,Maroon,Large,00042463512423,35915,option:name
993M,Maroon,X-Large,00042463892389,35916,option:name
993M,Maroon,2X-Large,00042463768714,35917,option:name
993M,Maroon,3X-Large,00042463004003,35918,option:name
993M,Royal,Small,00885306018788,35933,option:name
993M,Royal,Medium,00885306018795,35934,option:name
993M,Royal,Large,00885306018801,35935,option:name
993M,Royal,X-Large,00885306018818,35936,option:name
993M,Royal,2X-Large,00885306018597,35937,option:name
993M,Royal,3X-Large,00885306018603,35938,option:name
993M,Black Heather,Small,00885306178611,41339,option:name
993M,Black Heather,Medium,00885306178628,41340,option:name
993M,Black Heather,Large,00885306178635,41341,option:name
993M,Black Heather,X-Large,00885306178642,41342,option:name
993M,Black Heather,2X-Large,00885306178710,41343,option:name
993M,Black Heather,3X-Large,00885306178727,41344,option:name
993M,Safety Orange,Small,00885306102128,35939,option:heur
993M,Safety Orange,Medium,00885306102135,35940,option:heur
993M,Safety Orange,Large,00885306102142,35941,option:heur
993M,Safety Orange,X-Large,00885306102159,35942,option:heur
993M,Safety Orange,2X-Large,00885306102166,35943,option:heur
993M,Safety Orange,3X-Large,00885306102173,35944,option:heur
993M,Athletic Heather,2X-Large,00885306250652,41262,option:name
993M,Athletic Heather,3X-Large,00885306250669,41263,option:name
993M,Athletic Heather,Large,00885306250577,41260,option:name
993M,Athletic Heather,Medium,00885306250560,41259,option:name
993M,Athletic Heather,Small,00885306250553,41258,option:name
993M,Athletic Heather,X-Large,00885306250584,41261,option:name
437M,Black,Small,00194422163556,182241,option:name
437M,Maroon,Small,00194422163105,182241,mainframe
437M,Maroon,Medium,00194422163280,182234,option:name
437M,Maroon,Large,00194422163372,182233,option:name
437M,Maroon,X-Large,00194422163310,182232,option:name
437M,Maroon,2X-Large,00194422163907,182231,option:name
437M,Maroon,3X-Large,00194422164324,182235,mainframe
437M,Gold,Small,00194422162788,182240,option:name
437M,Gold,Medium,00194422163075,182239,option:name
437M,Gold,Large,00194422163143,182238,option:name
437M,Gold,X-Large,00194422162610,182237,option:name
437M,Gold,2X-Large,00194422164225,182236,option:name
437M,Gold,3X-Large,00194422164157,182235,option:name
K420,Black,Small,00191265366007,50287,option:name
K420,Black,Medium,00191265366021,50288,option:name
K420,Black,Large,00191265366052,50289,option:name
K420,Black,X-Large,00191265366069,50290,option:name
K420,Black,2X-Large,00191265365987,50291,option:name
K420,Black,3X-Large,00191265366014,50292,option:name
K420,Red,X-Small,00191265367394,50308,mainframe
K420,Red,Small,00191265367400,50308,option:name
K420,Red,Medium,00191265367431,50310,option:name
K420,Red,Large,00191265367448,50311,option:name
K420,Red,X-Large,00191265367462,50312,option:name
K420,Red,2X-Large,00191265367387,50313,option:name
K420,Red,3X-Large,00191265367417,50314,option:name
K420,Red,4X-Large,00191265367424,50315,option:name
K420,White,X-Small,00191265367899,50324,mainframe
K420,White,Small,00191265367905,50324,option:name
K420,White,Medium,00191265367929,50326,option:name
K420,White,Large,00191265367950,50327,option:name
K420,White,X-Large,00191265367967,50328,option:name
K420,White,2X-Large,00191265367882,50329,option:name
K420,White,3X-Large,00191265367912,50330,option:name
K420,Light Blue,Small,00191265366809,52638,option:name
K420,Light Blue,Medium,00191265366823,52639,option:name
K420,Light Blue,Large,00191265366854,52640,option:name
K420,Light Blue,X-Large,00191265366861,52641,option:name
K420,Light Blue,2X-Large,00191265366786,52642,option:name
K420,Light Blue,3X-Large,00191265366816,52643,option:name
K420,Red,5X-Large,00191265367455,50316,option:name
K420,Royal,Small,00191265367516,50318,option:name
K420,Royal,Medium,00191265367530,50319,option:name
K420,Royal,Large,00191265367554,50320,option:name
K420,Royal,X-Large,00191265367561,50321,option:name
K420,Royal,2X-Large,00191265367486,50322,option:name
K420,Royal,3X-Large,00191265367509,50323,option:name
L420,Red,Small,00191265147200,53784,option:name
L420,Red,Medium,00191265147224,53785,option:name
L420,Red,Large,00191265147231,53786,option:name
L420,Red,X-Large,00191265147248,53787,option:name
L420,White,X-Small,00191265147491,53796,option:name
L420,White,Small,00191265147521,53797,option:name
L420,White,Medium,00191265147545,53798,option:name
L420,White,Large,00191265147552,53799,option:name
L420,White,X-Large,00191265147569,53800,option:name
L420,Black,X-Small,00191265146371,53768,option:name
L420,Black,Small,00191265146401,53769,option:name
L420,Black,Medium,00191265146418,53770,option:name
L420,Black,Large,00191265146432,53771,option:name
L420,Black,X-Large,00191265146449,53772,option:name
L420,Black,2X-Large,00191265146388,53773,option:name
L420,Red,2X-Large,00191265147187,53788,option:name
L420,White,2X-Large,00191265147507,53801,option:name
L420,Royal,Small,00191265147286,53790,option:name
L420,Royal,Medium,00191265147293,53791,option:name
L420,Royal,Large,00191265147316,53792,option:name
L420,Royal,X-Large,00191265147323,53793,option:name
L420,Royal,2X-Large,00191265147262,53794,option:name
L420,Red,3X-Large,00191265147194,53789,option:name
L420,White,3X-Large,00191265147514,53802,option:name
L420,White,4X-Large,00191265147538,53803,option:name
L420,Black,3X-Large,00191265146395,53774,option:name
L420,Black,4X-Large,00191265146425,53775,option:name
L420,Royal,3X-Large,00191265147279,53795,option:name
996M,Ash,Small,00042463065707,35998,option:name
996M,Ash,Medium,00042463065677,35999,option:name
996M,Ash,Large,00042463065684,36000,option:name
996M,Ash,X-Large,00042463065691,36001,option:name
996M,Ash,2X-Large,00042463297580,36002,option:name
996M,Black,Small,00042463009558,36005,option:name
996M,Black,Medium,00042463009565,36006,option:name
996M,Black,Large,00042463009572,36007,option:name
996M,Black,X-Large,00042463009589,36008,option:name
996M,Black,2X-Large,00042463009596,36009,option:name
996M,White,Small,00042463380534,36122,option:name
996M,White,Medium,00042463380541,36123,option:name
996M,White,Large,00042463380558,36124,option:name
996M,White,X-Large,00042463380565,36125,option:name
996M,White,2X-Large,00042463589791,36126,option:name
996M,Oxford,Small,00042463859092,41669,option:name
996M,Oxford,Medium,00042463673339,41670,option:name
996M,Oxford,Large,00042463935277,41671,option:name
996M,Oxford,X-Large,00042463683710,41672,option:name
996M,Oxford,2X-Large,00042463797011,41673,option:name
996M,Ash,3X-Large,00042463004089,36003,option:name
996M,Black,3X-Large,00042463009602,36010,option:name
996M,Oxford,3X-Large,00042463004164,41674,option:name
996M,Burnt Orange,Small,00042463123094,36012,option:name
996M,Burnt Orange,Medium,00042463123100,36013,option:name
996M,Burnt Orange,Large,00042463328208,36014,option:name
996M,Burnt Orange,X-Large,00042463464616,36015,option:name
996M,Burnt Orange,2X-Large,00042463123117,36016,option:name
996M,Burnt Orange,3X-Large,00042463004072,36017,option:name
996M,Oxford,4X-Large,00042463280216,41675,option:name
996M,Black,4X-Large,00042463280193,36011,option:name
996M,Maroon,Small,00042463728800,36058,option:name
996M,Maroon,Medium,00042463829378,36059,option:name
996M,Maroon,Large,00042463926091,36060,option:name
996M,Maroon,X-Large,00042463652396,36061,option:name
996M,Maroon,2X-Large,00042463980802,36062,option:name
996M,Maroon,3X-Large,00042463004157,36063,option:name
996M,Cardinal,Small,00042463065868,41440,option:name
996M,Cardinal,Medium,00042463065875,41441,option:name
996M,Cardinal,Large,00042463065882,41442,option:name
996M,Cardinal,X-Large,00042463065851,41443,option:name
996M,Cardinal,2X-Large,00042463728022,41444,option:name
996M,Cardinal,3X-Large,00042463004096,41445,option:name
996M,Safety Green,Small,00042463143498,36099,option:heur
996M,Safety Green,Medium,00042463143504,36100,option:heur
996M,Safety Green,Large,00042463143511,36101,option:heur
996M,Safety Green,X-Large,00042463143528,36102,option:heur
996M,Safety Green,2X-Large,00042463143535,36103,option:heur
996M,Safety Green,3X-Large,00042463143559,36104,option:heur
996M,Gold,Small,00042463641802,36040,option:name
996M,Gold,Medium,00042463641819,36041,option:name
996M,Gold,Large,00042463641826,36042,option:name
996M,Gold,X-Large,00042463641833,36043,option:name
996M,Gold,2X-Large,00042463899609,36044,option:name
996M,Gold,3X-Large,00042463004126,36045,option:name
996M,Royal,Small,00885306019389,36092,option:name
996M,Royal,Medium,00885306019396,36093,option:name
996M,Royal,Large,00885306019402,36094,option:name
996M,Royal,X-Large,00885306019419,36095,option:name
996M,Royal,2X-Large,00885306019280,36096,option:name
996M,Royal,3X-Large,00885306019297,36097,option:name
996M,Columbia Blue,Small,00885306101206,36018,option:name
996M,Columbia Blue,Medium,00885306101213,36019,option:name
996M,Columbia Blue,Large,00885306101220,36020,option:name
996M,Columbia Blue,X-Large,00885306101237,36021,option:name
996M,Columbia Blue,2X-Large,00885306101282,36022,option:name
996M,Columbia Blue,3X-Large,00885306101299,36023,option:name
996M,Cyber Pink,Small,00885306101244,42103,option:heur
996M,Cyber Pink,Medium,00885306101251,42104,option:heur
996M,Cyber Pink,Large,00885306101268,42105,option:heur
996M,Cyber Pink,X-Large,00885306101275,42106,option:heur
996M,Cyber Pink,2X-Large,00885306101305,42107,option:heur
996M,Cyber Pink,3X-Large,00885306101312,42108,option:heur
996M,Safety Orange,Small,00885306094959,36106,option:heur
996M,Safety Orange,Medium,00885306094966,36107,option:heur
996M,Safety Orange,Large,00885306094973,36108,option:heur
996M,Safety Orange,X-Large,00885306094980,36109,option:heur
996M,Safety Orange,2X-Large,00885306094881,36110,option:heur
996M,Safety Orange,3X-Large,00885306094898,36111,option:heur
996M,Light Blue,Small,00885306162610,41569,option:name
996M,Light Blue,Medium,00885306162627,41570,option:name
996M,Light Blue,Large,00885306162634,41571,option:name
996M,Light Blue,X-Large,00885306162641,41572,option:name
996M,Light Blue,2X-Large,00885306162412,41573,option:name
996M,Light Blue,3X-Large,00885306162429,41574,option:name
996M,Neon Green,Small,00885306162573,36077,option:heur
996M,Neon Green,Medium,00885306162580,36078,option:heur
996M,Neon Green,Large,00885306162597,36079,option:heur
996M,Neon Green,X-Large,00885306162603,36080,option:heur
996M,Neon Green,2X-Large,00885306162351,36081,option:heur
996M,Neon Green,3X-Large,00885306162368,36082,option:heur
996M,Neon Pink,Small,00885306162535,41616,option:name
996M,Neon Pink,Medium,00885306162542,41617,option:name
996M,Neon Pink,Large,00885306162559,41618,option:name
996M,Neon Pink,X-Large,00885306162566,41619,option:name
996M,Neon Pink,2X-Large,00885306162436,41620,option:name
996M,Neon Pink,3X-Large,00885306162443,41621,option:name
996M,Royal,4X-Large,00885306177386,36098,option:name
996M,Ash,4X-Large,00042463470822,36004,option:name
996M,Athletic Heather,Small,00885306257071,102497,option:name
996M,Athletic Heather,Medium,00885306257088,102496,option:name
996M,Athletic Heather,Large,00885306257095,41293,option:name
996M,Athletic Heather,X-Large,00885306257101,41294,option:name
996M,Athletic Heather,2X-Large,00885306256807,102495,option:name
996M,Athletic Heather,3X-Large,00885306256814,41296,option:name
996M,Athletic Heather,4X-Large,00885306256883,41297,option:name
996M,Cardinal,4X-Large,00885306177409,41446,option:name
996M,Cyber Pink,4X-Large,00885306177492,42109,option:heur
996M,Military Green,Small,00885306162498,36064,option:heur
996M,Military Green,Medium,00885306162504,36065,option:heur
996M,Military Green,Large,00885306162511,36066,option:heur
996M,Military Green,X-Large,00885306162528,36067,option:heur
996M,Military Green,2X-Large,00885306162375,36068,option:heur
996M,Military Green,3X-Large,00885306162382,36069,option:heur
996M,Military Green Heather,2X-Large,00194422028329,42625,option:heur
996M,Blush Pink,2X-Large,00194422028381,102499,option:heur
996M,Military Green Heather,3X-Large,00194422028343,42626,option:heur
996M,Blush Pink,3X-Large,00194422028312,102498,option:heur
996M,Military Green Heather,Large,00194422028190,42623,option:heur
996M,Blush Pink,Large,00194422028282,102501,option:heur
996M,Military Green Heather,Medium,00194422028206,42622,option:heur
996M,Blush Pink,Medium,00194422028268,102502,option:heur
996M,Military Green Heather,Small,00194422028183,42621,option:heur
996M,Blush Pink,Small,00194422028275,102503,option:heur
996M,Military Green Heather,X-Large,00194422028176,42624,option:heur
996M,Blush Pink,X-Large,00194422028251,102500,option:heur
996M,Rock,2X-Large,00885306981143,42787,option:name
996M,Rock,3X-Large,00885306981174,42788,option:name
996M,Rock,Large,00885306980139,42785,option:name
996M,Rock,Medium,00885306980108,42784,option:name
996M,Rock,Small,00885306980122,42783,option:name
996M,Rock,X-Large,00885306980092,42786,option:name
996M,Classic Pink,2X-Large,00885306023638,102480,option:heur
996M,Classic Pink,3X-Large,00885306023645,102479,option:heur
996M,Classic Pink,Large,00885306023676,102482,option:heur
996M,Classic Pink,Medium,00885306023669,102483,option:heur
996M,Classic Pink,Small,00885306023652,102484,option:heur
996M,Classic Pink,X-Large,00885306023683,102481,option:heur
996M,Scuba Blue,2X-Large,00885306340810,42806,option:heur
996M,Scuba Blue,3X-Large,00885306340827,102485,option:heur
996M,Scuba Blue,Large,00885306340919,42804,option:heur
996M,Scuba Blue,Medium,00885306340902,42803,option:heur
996M,Scuba Blue,Small,00885306340896,42802,option:heur
996M,Scuba Blue,X-Large,00885306340926,42805,option:heur
PC90H,White,Small,00191265315791,72948,option:name
PC90H,White,Medium,00191265315821,72949,option:name
PC90H,White,Large,00191265315838,72950,option:name
PC90H,White,X-Large,00191265315845,72951,option:name
PC90H,White,2X-Large,00191265315784,72952,option:name
PC90H,Ash,Small,00191265314619,72848,option:name
PC90H,Ash,Medium,00191265314626,72849,option:name
PC90H,Ash,Large,00191265314640,72850,option:name
PC90H,Ash,X-Large,00191265314657,72851,option:name
PC90H,Ash,2X-Large,00191265314596,72852,option:name
PC90H,Navy,Small,00191265315319,72901,option:name
PC90H,Navy,Medium,00191265315333,72902,option:name
PC90H,Navy,Large,00191265315340,72903,option:name
PC90H,Navy,X-Large,00191265315357,72904,option:name
PC90H,Navy,2X-Large,00191265315296,72905,option:name
PC90H,Athletic Heather,Small,00191265314671,72854,option:heur
PC90H,Athletic Heather,Medium,00191265314701,72855,option:heur
PC90H,Athletic Heather,Large,00191265314718,72856,option:heur
PC90H,Athletic Heather,X-Large,00191265314725,72857,option:heur
PC90H,Athletic Heather,2X-Large,00191265314664,72858,option:heur
PC90H,Ash,3X-Large,00191265314602,72853,option:name
PC90H,Navy,3X-Large,00191265315302,72906,option:name
PC90H,White,3X-Large,00191265315807,72953,option:name
PC90H,Athletic Heather,3X-Large,00191265314688,72859,option:heur
PC90H,Athletic Heather,4X-Large,00191265314695,72860,option:heur
PC90H,White,4X-Large,00191265315814,72954,option:name
PC90H,Orange,Small,00191265315371,72907,option:name
PC90H,Orange,Medium,00191265315395,72908,option:name
PC90H,Orange,Large,00191265315418,72909,option:name
PC90H,Orange,X-Large,00191265315425,72910,option:name
PC90H,Orange,2X-Large,00191265315364,72911,option:name
PC90H,Orange,3X-Large,00191265315388,72912,option:name
PC90H,Red,Small,00191265315524,72920,option:name
PC90H,Red,Medium,00191265315548,72921,option:name
PC90H,Red,Large,00191265315555,72922,option:name
PC90H,Red,X-Large,00191265315562,72923,option:name
PC90H,Red,2X-Large,00191265315500,72924,option:name
PC90H,Red,3X-Large,00191265315517,72925,option:name
PC90H,Red,4X-Large,00191265315531,72926,option:name
PC90H,Royal,Small,00191265315586,72927,option:name
PC90H,Royal,Medium,00191265315616,72928,option:name
PC90H,Royal,Large,00191265315623,72929,option:name
PC90H,Royal,X-Large,00191265315630,72930,option:name
PC90H,Royal,2X-Large,00191265315579,72931,option:name
PC90H,Royal,3X-Large,00191265315593,72932,option:name
PC90H,Royal,4X-Large,00191265315609,72933,option:name
PC90H,Purple,Small,00191265315449,72913,option:name
PC90H,Purple,Medium,00191265315463,72914,option:name
PC90H,Purple,Large,00191265315487,72915,option:name
PC90H,Purple,X-Large,00191265315494,72916,option:name
PC90H,Purple,2X-Large,00191265315432,72917,option:name
PC90H,Purple,3X-Large,00191265315456,72918,option:name
PC90H,Purple,4X-Large,00191265315470,72919,option:name
PC90H,Maroon,Small,00191265315234,72895,option:name
PC90H,Maroon,Medium,00191265315265,72896,option:name
PC90H,Maroon,Large,00191265315272,72897,option:name
PC90H,Maroon,X-Large,00191265315289,72898,option:name
PC90H,Maroon,2X-Large,00191265315227,72899,option:name
PC90H,Maroon,3X-Large,00191265315241,72900,option:name
PC90H,Dark Green,Small,00191265314893,72876,option:name
PC90H,Dark Green,Medium,00191265314916,72877,option:name
PC90H,Dark Green,Large,00191265314923,72878,option:name
PC90H,Dark Green,X-Large,00191265314930,72879,option:name
PC90H,Dark Green,2X-Large,00191265314879,72880,option:name
PC90H,Dark Green,3X-Large,00191265314886,72881,option:name
PC90H,Dark Green,4X-Large,00191265314909,72882,option:name
PC90H,Safety Green,Small,00191265315654,72934,option:heur
PC90H,Safety Green,Medium,00191265315678,72935,option:heur
PC90H,Safety Green,Large,00191265315692,72936,option:heur
PC90H,Safety Green,X-Large,00191265315708,72937,option:heur
PC90H,Safety Green,2X-Large,00191265315647,72938,option:heur
PC90H,Safety Green,3X-Large,00191265315661,72939,option:heur
PC90H,Safety Green,4X-Large,00191265315685,72940,option:heur
PC90H,Gold,Small,00191265315029,72883,option:name
PC90H,Gold,Medium,00191265315050,72884,option:name
PC90H,Gold,Large,00191265315067,72885,option:name
PC90H,Gold,X-Large,00191265315074,72886,option:name
PC90H,Gold,2X-Large,00191265315012,72887,option:name
PC90H,Gold,3X-Large,00191265315036,72888,option:name
PC90H,Cardinal,Small,00191265314756,75755,option:name
PC90H,Cardinal,Medium,00191265314770,75756,option:name
PC90H,Cardinal,Large,00191265314787,75757,option:name
PC90H,Cardinal,X-Large,00191265314794,75758,option:name
PC90H,Cardinal,2X-Large,00191265314732,75759,option:name
PC90H,Cardinal,3X-Large,00191265314749,75760,option:name
PC90H,Safety Orange,Small,00191265315739,72941,option:heur
PC90H,Safety Orange,Medium,00191265315753,72942,option:heur
PC90H,Safety Orange,Large,00191265315760,72943,option:heur
PC90H,Safety Orange,X-Large,00191265315777,72944,option:heur
PC90H,Safety Orange,2X-Large,00191265315715,72945,option:heur
PC90H,Safety Orange,3X-Large,00191265315722,72946,option:heur
PC90H,Safety Orange,4X-Large,00191265315746,72947,option:heur
PC90H,Charcoal,Small,00191265314824,72869,option:name
PC90H,Charcoal,Medium,00191265314848,72870,option:name
PC90H,Charcoal,Large,00191265314855,72871,option:name
PC90H,Charcoal,X-Large,00191265314862,72872,option:name
PC90H,Charcoal,2X-Large,00191265314800,72873,option:name
PC90H,Charcoal,3X-Large,00191265314817,72874,option:name
PC55,Light Blue,X-Large,00191265384339,108893,option:name
PC55,Neon Pink,2X-Large,00197908123365,108888,option:name
PC55,Neon Pink,3X-Large,00197908123372,108887,option:name
PC55,Neon Pink,Large,00197908123341,108890,option:name
PC55,Neon Pink,Medium,00197908123334,108891,option:name
PC55,Neon Pink,Small,00197908123327,108892,option:name
PC55,Neon Pink,X-Large,00197908123358,108889,option:name
K455,Dark Green,Small,00191265465045,205705,option:name
K455,Dark Green,Medium,00191265465069,205700,option:name
K455,Dark Green,Large,00191265465090,205696,option:name
K455,Dark Green,X-Large,00191265465113,205709,option:name
K455,Dark Green,2X-Large,00191265465038,205689,option:name
K455,Dark Green,3X-Large,00191265465052,50337,option:name
K455,Royal,Small,00191265465557,205707,option:name
K455,Royal,Medium,00191265465564,205702,option:name
K455,Royal,Large,00191265465595,205698,option:name
K455,Royal,X-Large,00191265465618,205711,option:name
K455,Royal,2X-Large,00191265465533,50338,option:name
K455,Royal,3X-Large,00191265465540,205693,option:name
K455,Red,Small,00191265465342,205706,option:name
K455,Red,Medium,00191265465366,205701,option:name
K455,Red,Large,00191265465397,205697,option:name
K455,Red,X-Large,00191265465403,205710,option:name
K455,Red,2X-Large,00191265465328,205690,option:name
K455,Red,3X-Large,00191265465359,205692,option:name
K455,Charcoal,Small,00191265369480,205704,option:name
K455,Charcoal,Medium,00191265369503,50335,option:name
K455,Charcoal,Large,00191265464895,205695,option:name
K455,Charcoal,X-Large,00191265464901,205708,option:name
K455,Charcoal,2X-Large,00191265369466,205688,option:name
K455,Charcoal,3X-Large,00191265369497,50336,option:name
J763,Black,X-Small,00191265280945,49533,mainframe
J763,Black,Small,00191265280952,49533,option:name
J763,Black,Medium,00191265280976,49535,option:name
J763,Black,Large,00191265281003,49536,option:name
J763,Black,X-Large,00191265281010,49537,option:name
J763,Black,2X-Large,00191265280938,49538,option:name
J763,Black,3X-Large,00191265280969,49539,option:name
J763,Black,4X-Large,00191265280983,49540,option:name
J763,Black,5X-Large,00191265280990,49541,option:name
J763,Charcoal,Small,00191265808750,49543,option:name
J763,Charcoal,Medium,00191265808743,49544,option:name
J763,Charcoal,Large,00191265808736,49545,option:name
J763,Charcoal,X-Large,00191265808767,49546,option:name
J763,Charcoal,2X-Large,00191265808682,49547,option:name
J763,Charcoal,3X-Large,00191265808699,49548,option:name
J763,Charcoal,4X-Large,00191265808705,49549,option:name
29LS,Classic Pink,Small,00885306165147,100744,option:name
29LS,Classic Pink,Medium,00885306165154,100743,option:name
29LS,Classic Pink,Large,00885306165161,100742,option:name
29LS,Classic Pink,X-Large,00885306165178,100741,option:name
29LS,Classic Pink,2X-Large,00885306165499,100740,option:name
29LS,Classic Pink,3X-Large,00885306165505,100739,option:name
K321,Black,Small,00191265365611,50259,option:name
K321,Black,Medium,00191265365628,50260,option:name
K321,Black,Large,00191265365642,50261,option:name
K321,Black,X-Large,00191265365673,50262,option:name
K321,Black,2X-Large,00191265365598,50263,option:name
K321,White,Small,00191265365901,50268,option:name
K321,White,Medium,00191265365925,50269,option:name
K321,White,Large,00191265365949,50270,option:name
K321,White,X-Large,00191265365970,50271,option:name
K321,White,2X-Large,00191265365888,50272,option:name
K500,Black,X-Small,00191265466905,50404,mainframe
K500,Black,Small,00191265466929,50404,option:name
K500,Black,Medium,00191265466950,50406,option:name
K500,Black,Large,00191265466974,50407,option:name
K500,Black,X-Large,00191265466998,50408,option:name
K500,Black,2X-Large,00191265466912,50409,option:name
K500,Black,3X-Large,00191265466936,50410,option:name
K500,Black,4X-Large,00191265466943,50411,option:name
K500,Cool Grey,X-Small,00191265467414,52190,mainframe
K500,Cool Grey,Small,00191265467438,52190,option:name
K500,Cool Grey,Medium,00191265467452,52192,option:name
K500,Cool Grey,Large,00191265467469,52193,option:name
K500,Cool Grey,X-Large,00191265467483,52194,option:name
K500,Cool Grey,2X-Large,00191265467407,52195,option:name
K500,Cool Grey,3X-Large,00191265467421,52196,option:name
K500,Cool Grey,4X-Large,00191265467445,52197,option:name
K500,Red,X-Small,00191265469319,50449,mainframe
K500,Red,Small,00191265469333,50449,option:name
K500,Red,Medium,00191265469340,50451,option:name
K500,Red,Large,00191265469371,50452,option:name
K500,Red,X-Large,00191265469388,50453,option:name
K500,Red,2X-Large,00191265469302,50454,option:name
K500,Red,3X-Large,00191265469326,50455,option:name
K500,Red,4X-Large,00191265469357,50456,option:name
K500,Royal,Small,00191265469432,50457,option:name
K500,Royal,Medium,00191265469449,50458,option:name
K500,Royal,Large,00191265469463,50459,option:name
K500,Royal,X-Large,00191265469487,50460,option:name
K500,Royal,2X-Large,00191265469401,50461,option:name
K500,Royal,3X-Large,00191265469425,50462,option:name
K500,Royal,4X-Large,00191265469456,50463,option:name
K500,White,Small,00191265470421,50466,option:name
K500,White,Medium,00191265470452,50467,option:name
K500,White,Large,00191265470469,50468,option:name
K500,White,X-Large,00191265470483,50469,option:name
K500,White,2X-Large,00191265470414,50470,option:name
K500,Black,5X-Large,00191265466967,50412,option:name
K500,Cool Grey,5X-Large,00191265467476,52198,option:name
K500,Cool Grey,6X-Large,00191265467490,106308,option:name
K500,Royal,5X-Large,00191265469470,50464,option:name
K500,Steel Grey,X-Small,00191265469500,106301,option:name
K500,Steel Grey,Small,00191265469524,106306,option:name
K500,Steel Grey,Medium,00191265469548,106305,option:name
K500,Steel Grey,Large,00191265469562,106304,option:name
K500,Steel Grey,X-Large,00191265469593,106303,option:name
K500,Steel Grey,3X-Large,00191265469531,106302,option:name
K500,Maroon,X-Small,00191265468619,106317,option:name
K500,Maroon,Small,00191265468633,50429,option:name
K500,Maroon,Medium,00191265468640,50430,option:name
K500,Maroon,Large,00191265468664,50431,option:name
K500,Maroon,X-Large,00191265468695,50432,option:name
K500,Maroon,2X-Large,00191265468602,50433,option:name
K500,Maroon,3X-Large,00191265468626,50434,option:name
K500,Orange,X-Small,00191265469104,50443,mainframe
K500,Orange,Small,00191265469135,50443,option:name
K500,Orange,Medium,00191265469159,50445,option:name
K500,Orange,Large,00191265469166,50446,option:name
K500,Orange,X-Large,00191265469197,50447,option:name
K500,Orange,2X-Large,00191265469111,50448,option:name
L500,Black,X-Small,00191265149372,127556,option:name
L500,Black,Small,00191265149396,127554,option:name
L500,Black,Medium,00191265149419,127553,option:name
L500,Black,Large,00191265149433,127551,option:name
L500,Black,X-Large,00191265149464,127555,option:name
L500,Navy,X-Small,00191265151474,127506,option:name
L500,Navy,Small,00191265151504,127504,option:name
L500,Navy,Medium,00191265151511,127503,option:name
L500,Navy,Large,00191265151542,127501,option:name
L500,Navy,X-Large,00191265151566,127505,option:name
L500,Red,X-Small,00191265151788,127526,option:name
L500,Red,Small,00191265151801,127524,option:name
L500,Red,Medium,00191265151825,127523,option:name
L500,Red,Large,00191265151849,127521,option:name
L500,Red,X-Large,00191265151856,127525,option:name
L500,Royal,X-Small,00191265151887,127466,option:name
L500,Royal,Small,00191265151900,127464,option:name
L500,Royal,Medium,00191265151924,127463,option:name
L500,Royal,Large,00191265151948,127461,option:name
L500,Royal,X-Large,00191265151955,127465,option:name
L500,White,X-Small,00191265152884,127455,option:name
L500,White,Small,00191265152907,127453,option:name
L500,White,Medium,00191265152914,127452,option:name
L500,White,Large,00191265152938,127450,option:name
L500,White,X-Large,00191265152969,127454,option:name
L500,Black,2X-Large,00191265149389,127547,option:name
L500,Navy,2X-Large,00191265151481,127497,option:name
L500,Red,2X-Large,00191265151771,127517,option:name
L500,Royal,2X-Large,00191265151870,127457,option:name
L500,White,2X-Large,00191265152877,127446,option:name
L500,Gold,X-Small,00191265150385,127516,option:name
L500,Gold,Small,00191265150392,127514,option:name
L500,Gold,Medium,00191265150422,127513,option:name
L500,Gold,Large,00191265150446,127511,option:name
L500,Gold,X-Large,00191265150453,127515,option:name
L500,Gold,2X-Large,00191265150378,127507,option:name
L500,Kelly Green,X-Small,00191265150576,127546,option:name
L500,Kelly Green,Small,00191265150606,127544,option:name
L500,Kelly Green,Medium,00191265150613,127543,option:name
L500,Kelly Green,Large,00191265150637,127541,option:name
L500,Kelly Green,X-Large,00191265150668,127545,option:name
L500,Kelly Green,2X-Large,00191265150583,127537,option:name
L500,Maroon,X-Small,00191265151078,106529,option:name
L500,Maroon,Small,00191265151108,106533,option:name
L500,Maroon,Medium,00191265151115,127493,option:name
L500,Maroon,Large,00191265151139,106532,option:name
L500,Maroon,X-Large,00191265151160,106531,option:name
L500,Maroon,2X-Large,00191265151085,106530,option:name
L500,Purple,X-Small,00191265151672,127536,option:name
L500,Purple,Small,00191265151702,127534,option:name
L500,Purple,Medium,00191265151726,127533,option:name
L500,Purple,Large,00191265151740,127531,option:name
L500,Purple,X-Large,00191265151757,127535,option:name
L500,Purple,2X-Large,00191265151689,127527,option:name
L500,Lime,X-Small,00191265150989,127476,option:name
L500,Lime,Small,00191265150996,127474,option:name
L500,Lime,Medium,00191265151023,127473,option:name
L500,Lime,Large,00191265151047,127471,option:name
L500,Lime,X-Large,00191265151054,127475,option:name
L500,Lime,2X-Large,00191265150972,127467,option:name
L500,Orange,X-Small,00191265151580,127486,option:name
L500,Orange,Small,00191265151597,127484,option:name
L500,Orange,Medium,00191265151610,127483,option:name
L500,Orange,Large,00191265151641,127481,option:name
L500,Orange,X-Large,00191265151658,127485,option:name
L500,Orange,2X-Large,00191265151573,127477,option:name
L500,Black,3X-Large,00191265149402,127548,option:name
L500,Black,4X-Large,00191265149426,127549,option:name
L500,Navy,3X-Large,00191265151498,127498,option:name
L500,Navy,4X-Large,00191265151528,127499,option:name
L500,Red,3X-Large,00191265151795,127518,option:name
L500,Red,4X-Large,00191265151818,127519,option:name
L500,Royal,3X-Large,00191265151894,127458,option:name
L500,Royal,4X-Large,00191265151917,127459,option:name
L500,White,3X-Large,00191265152891,127447,option:name
L500,White,4X-Large,00191265152921,127448,option:name
L500,Gold,3X-Large,00191265150408,127508,option:name
L500,Gold,4X-Large,00191265150415,127509,option:name
L500,Kelly Green,3X-Large,00191265150590,127538,option:name
L500,Kelly Green,4X-Large,00191265150620,127539,option:name
L500,Maroon,3X-Large,00191265151092,127488,option:name
L500,Maroon,4X-Large,00191265151122,127489,option:name
L500,Purple,3X-Large,00191265151696,127528,option:name
L500,Purple,4X-Large,00191265151719,127529,option:name
L500,Lime,3X-Large,00191265151009,127468,option:name
L500,Lime,4X-Large,00191265151016,127469,option:name
L500,Orange,3X-Large,00191265151603,127478,option:name
L500,Orange,4X-Large,00191265151627,127479,option:name
L500,Black,5X-Large,00191265149440,127550,option:name
L500,Gold,5X-Large,00191265150439,127510,option:name
L500,Kelly Green,5X-Large,00191265150644,127540,option:name
L500,Lime,5X-Large,00191265151030,127470,option:name
L500,Maroon,5X-Large,00191265151146,127490,option:name
L500,Navy,5X-Large,00191265151535,127500,option:name
L500,Orange,5X-Large,00191265151634,127480,option:name
L500,Purple,5X-Large,00191265151733,127530,option:name
L500,Red,5X-Large,00191265151832,127520,option:name
L500,Royal,5X-Large,00191265151931,127460,option:name
L500,White,5X-Large,00191265152945,127449,option:name
Y500,Navy,Small,00191265387095,80589,option:name
Y500,Navy,Medium,00191265387101,80590,option:name
Y500,Navy,Large,00191265387118,80591,option:name
Y500,Red,Small,00191265387194,80592,option:name
Y500,Red,Medium,00191265387200,80593,option:name
Y500,Red,Large,00191265387217,80594,option:name
Y500,Red,X-Large,00191265387224,80595,option:name
Y500,Royal,Small,00191265387248,80596,option:name
Y500,Royal,Medium,00191265387255,80597,option:name
Y500,Royal,Large,00191265387262,80598,option:name
CP86,Black,One Size,00191265394925,38023,option:name
CP86,Navy,One Size,00191265394956,204680,option:name
CP86,Red,One Size,00191265394963,38027,option:name
CP86,Royal,One Size,00191265394970,38028,option:name
CP86,White,One Size,00191265394987,41774,option:name
S608,Stone,X-Small,00191265251808,73776,option:name
S608,Stone,Small,00191265251839,73777,option:name
S608,Stone,Medium,00191265251853,73778,option:name
S608,Stone,Large,00191265251860,73779,option:name
S608,Stone,X-Large,00191265251884,73780,option:name
S608,Stone,2X-Large,00191265251815,73781,option:name
S608,Stone,3X-Large,00191265251822,73782,option:name
S608,Stone,4X-Large,00191265251846,73783,option:name
S608,Stone,6X-Large,00191265251891,73784,option:name
993B,Black,Small,00042463233755,35879,option:name
993B,Black,Medium,00042463233762,35880,option:name
993B,Black,Large,00042463233779,35881,option:name
993B,Black,X-Large,00042463464883,35882,option:name
T200,White/ Black,X-Small,00191265065153,79424,mainframe
T200,White/ Black,Small,00191265065177,81108,option:abbrev
T200,White/ Black,Medium,00191265065184,81043,option:abbrev
T200,White/ Black,Large,00191265065214,80970,option:abbrev
T200,White/ Black,X-Large,00191265065221,81147,option:abbrev
T200,White/ Black,2X-Large,00191265065146,80770,option:abbrev
T200,White/ Black,3X-Large,00191265065160,80854,option:abbrev
T200,White/ Cardinal,Small,00191265065368,82704,option:name
T200,White/ Cardinal,Medium,00191265065382,82703,option:name
T200,White/ Cardinal,Large,00191265065412,82702,option:name
T200,White/ Cardinal,X-Large,00191265065429,82705,option:name
T200,White/ Cardinal,2X-Large,00191265065344,82699,option:name
T200,White/ Cardinal,3X-Large,00191265065375,82700,option:name
T200,White/ Cardinal,4X-Large,00191265065399,82701,option:name
T200,White/ Navy,X-Small,00191265066044,82725,option:name
T200,White/ Navy,Small,00191265066075,82723,option:name
T200,White/ Navy,Medium,00191265066099,82722,option:name
T200,White/ Navy,Large,00191265066105,82721,option:name
T200,White/ Navy,X-Large,00191265066136,82724,option:name
T200,White/ Navy,2X-Large,00191265066051,82719,option:name
T200,White/ Navy,3X-Large,00191265066068,82720,option:name
T200,White/ Red,Small,00191265066273,82741,option:name
T200,White/ Red,Medium,00191265066297,82740,option:name
T200,White/ Red,Large,00191265066303,82739,option:name
T200,White/ Red,X-Large,00191265066334,82742,option:name
T200,White/ Red,2X-Large,00191265066259,82737,option:name
T200,White/ Red,3X-Large,00191265066266,82738,option:name
T200,White/ Royal,Small,00191265066372,82757,option:name
T200,White/ Royal,Medium,00191265066396,82754,option:name
T200,White/ Royal,Large,00191265066402,82751,option:name
T200,White/ Royal,X-Large,00191265066433,82760,option:name
T200,White/ Royal,2X-Large,00191265066358,82744,option:name
T200,White/ Royal,3X-Large,00191265066365,82747,option:name
T200,White/ Purple,Small,00191265066174,82730,option:name
T200,White/ Purple,Medium,00191265066181,82729,option:name
T200,White/ Purple,Large,00191265066211,82728,option:name
T200,White/ Purple,X-Large,00191265066235,82731,option:name
T200,White/ Purple,2X-Large,00191265066143,82726,option:name
T200,White/ Purple,3X-Large,00191265066167,82727,option:name
YT200,White/ Black,X-Small,00191265168168,83701,option:abbrev
YT200,White/ Black,Small,00191265168175,83702,option:abbrev
YT200,White/ Black,Medium,00191265168182,83703,option:abbrev
YT200,White/ Black,Large,00191265168199,83704,option:abbrev
YT200,White/ Black,X-Large,00191265168205,83705,option:abbrev
YT200,White/ Navy,X-Small,00191265168618,92793,option:name
YT200,White/ Navy,Small,00191265168625,92794,option:name
YT200,White/ Navy,Medium,00191265168632,92795,option:name
YT200,White/ Navy,Large,00191265168649,92796,option:name
YT200,White/ Navy,X-Large,00191265168656,92797,option:name
YT200,White/ Red,X-Small,00191265168717,92801,option:name
YT200,White/ Red,Small,00191265168724,92802,option:name
YT200,White/ Red,Medium,00191265168731,92803,option:name
YT200,White/ Red,Large,00191265168748,92804,option:name
YT200,White/ Red,X-Large,00191265168755,92805,option:name
YT200,White/ Royal,Small,00191265168779,92807,option:name
YT200,White/ Royal,Medium,00191265168786,92808,option:name
YT200,White/ Royal,Large,00191265168793,92809,option:name
YT200,White/ Royal,X-Large,00191265168809,92810,option:name
YT200,White/ Purple,Small,00191265168670,92798,option:name
YT200,White/ Purple,Medium,00191265168687,92799,option:name
YT200,White/ Purple,Large,00191265168694,92800,option:name
K500LS,White,Small,00191265472876,106342,option:name
K500LS,White,Medium,00191265472906,106341,option:name
K500LS,White,Large,00191265472920,106340,option:name
K500LS,White,X-Large,00191265472944,106339,option:name
K500LS,White,2X-Large,00191265472852,106338,option:name
K500LS,White,3X-Large,00191265472883,106337,option:name
K500LS,Red,2X-Large,00191265472555,106332,option:name
K500LS,Red,3X-Large,00191265472579,106331,option:name
K500LS,Royal,Small,00191265472685,106330,option:name
K500LS,Royal,Medium,00191265472692,106329,option:name
K500LS,Royal,Large,00191265472722,106328,option:name
K500LS,Royal,X-Large,00191265472746,106327,option:name
K500LS,Royal,2X-Large,00191265472661,106326,option:name
K500LS,Royal,3X-Large,00191265472678,106325,option:name
K500LS,Royal,4X-Large,00191265472708,106324,option:name
K469,Black,X-Large,00191265099448,50378,option:name
K469,Red,Small,00191265100199,50390,option:name
K469,Red,Medium,00191265100212,50391,option:name
K469,Red,Large,00191265100236,50392,option:name
K469,Red,X-Large,00191265100243,50393,option:name
K469,Red,2X-Large,00191265100175,50394,option:name
K469,Red,3X-Large,00191265100205,50395,option:name
K469,Purple,Small,00191265100120,50384,option:name
K469,Purple,Medium,00191265100144,50385,option:name
K469,Purple,Large,00191265100151,50386,option:name
K469,Purple,X-Large,00191265100168,50387,option:name
K469,Purple,2X-Large,00191265100090,50388,option:name
K469,Purple,3X-Large,00191265100113,50389,option:name
18500,White,Small,00821780033342,161508,option:name
18500,White,Medium,00821780010007,161649,option:name
18500,White,Large,00821780010008,161384,option:name
18500,White,X-Large,00821780010009,161668,option:name
18500,White,2X-Large,00821780010010,161630,option:name
18500,Ash,Small,00821780000423,161464,option:name
18500,Ash,Medium,00821780000424,161375,option:name
18500,Ash,Large,00821780000425,161598,option:name
18500,Ash,X-Large,00821780000426,161576,option:name
18500,Ash,2X-Large,00821780000427,161448,option:name
18500,Sport Grey,Small,00821780033351,161385,option:heur
18500,Sport Grey,Medium,00821780010027,161579,option:heur
18500,Sport Grey,Large,00821780010028,161519,option:heur
18500,Sport Grey,X-Large,00821780010029,161403,option:heur
18500,Sport Grey,2X-Large,00821780010030,161670,option:heur
18500,Black,Small,00821780033344,161426,option:name
18500,Black,Medium,00821780010015,161666,option:name
18500,Black,Large,00821780010016,161596,option:name
18500,Black,X-Large,00821780010017,161411,option:name
18500,Black,2X-Large,00821780010018,161590,option:name
18500,Navy,Small,00821780033343,204998,option:name
18500,Navy,Medium,00821780010011,204997,option:name
18500,Navy,Large,00821780010012,204996,option:name
18500,Navy,X-Large,00821780010013,204999,option:name
18500,Navy,2X-Large,00821780010014,204935,option:name
18500,Orange,Small,00821780041988,161434,option:name
18500,Orange,Medium,00821780042091,161417,option:name
18500,Orange,Large,00821780041990,161610,option:name
18500,Orange,X-Large,00821780041991,161566,option:name
18500,Orange,2X-Large,00821780041992,161559,option:name
18500,Red,Small,00821780033345,161638,option:name
18500,Red,Medium,00821780010019,161453,option:name
18500,Red,Large,00821780010020,161499,option:name
18500,Red,X-Large,00821780010021,161369,option:name
18500,Red,2X-Large,00821780010022,161606,option:name
18500,Royal,Small,00821780033346,161568,option:name
18500,Royal,Medium,00821780010023,161524,option:name
18500,Royal,Large,00821780010024,161607,option:name
18500,Royal,X-Large,00821780010025,161599,option:name
18500,Royal,2X-Large,00821780010026,161492,option:name
18500,Sport Grey,3X-Large,00821780056642,161614,option:heur
18500,White,3X-Large,00821780056639,161449,option:name
18500,Black,3X-Large,00821780056641,161424,option:name
18500,Navy,3X-Large,00821780056640,204941,option:name
18500,Red,3X-Large,00821780060804,161514,option:name
18500,Ash,3X-Large,00821780000428,161660,option:name
18500,Sand,Small,00821780067065,161569,option:name
18500,Sand,Medium,00821780067067,161477,option:name
18500,Sand,Large,00821780067069,161621,option:name
18500,Sand,X-Large,00821780067072,161581,option:name
18500,Sand,2X-Large,00821780067076,161401,option:name
18500,Maroon,Small,00821780059159,161494,option:name
18500,Maroon,Medium,00821780059160,161493,option:name
18500,Maroon,Large,00821780059161,161409,option:name
18500,Maroon,X-Large,00821780059162,161414,option:name
18500,Maroon,2X-Large,00821780059163,161420,option:name
18500,Purple,Small,00821780056643,161389,option:name
18500,Purple,Medium,00821780056644,161561,option:name
18500,Purple,Large,00821780056645,161427,option:name
18500,Purple,X-Large,00821780056646,161404,option:name
18500,Purple,2X-Large,00821780056647,161472,option:name
18500,White,4X-Large,00821780089140,161626,option:name
18500,White,5X-Large,00821780089141,161484,option:name
18500,Black,4X-Large,00821780089132,161530,option:name
18500,Black,5X-Large,00821780089133,161460,option:name
18500,Sport Grey,4X-Large,00821780089130,161394,option:heur
18500,Sport Grey,5X-Large,00821780089131,161373,option:heur
18500,Navy,4X-Large,00821780089138,204959,option:name
18500,Navy,5X-Large,00821780089139,204987,option:name
18500,Maroon,3X-Large,00821780059164,161543,option:name
18500,Orange,3X-Large,00821780000620,161456,option:name
18500,Royal,3X-Large,00821780060805,161656,option:name
18500,Gold,Small,00821780073766,161407,option:name
18500,Gold,Medium,00821780073768,161628,option:name
18500,Gold,Large,00821780073769,161591,option:name
18500,Gold,X-Large,00821780073771,161379,option:name
18500,Gold,2X-Large,00821780073772,161391,option:name
18500,Gold,3X-Large,00821780000646,161372,option:name
18500,Ash,4X-Large,00821780015345,204944,option:name
18500,Ash,5X-Large,00821780015324,204969,option:name
18500,Gold,4X-Large,00821780015327,161520,option:name
18500,Gold,5X-Large,00821780015303,161471,option:name
18500,Maroon,4X-Large,00821780015336,161570,option:name
18500,Maroon,5X-Large,00821780015312,161441,option:name
18500,Orange,4X-Large,00821780015329,161412,option:name
18500,Orange,5X-Large,00821780015305,161541,option:name
18500,Purple,3X-Large,00821780015350,161481,option:name
18500,Purple,4X-Large,00821780015335,161397,option:name
18500,Purple,5X-Large,00821780015311,161540,option:name
18500,Red,4X-Large,00821780015331,161425,option:name
18500,Red,5X-Large,00821780015307,161567,option:name
18500,Royal,4X-Large,00821780015332,161554,option:name
18500,Royal,5X-Large,00821780015308,161589,option:name
18500,Sand,3X-Large,00821780015349,161549,option:name
18500,Sand,4X-Large,00821780015330,204962,option:name
18500,Sand,5X-Large,00821780015306,204990,option:name
18500,Charcoal,Small,00821780011576,161416,option:name
18500,Charcoal,Medium,00821780011581,161458,option:name
18500,Charcoal,Large,00821780011580,161533,option:name
18500,Charcoal,X-Large,00821780011579,161371,option:name
18500,Charcoal,2X-Large,00821780011578,161542,option:name
18500,Charcoal,3X-Large,00821780011577,161475,option:name
18500,Charcoal,4X-Large,00821780011584,161392,option:name
18500,Charcoal,5X-Large,00821780011583,204971,option:name
18500,Indigo Blue,Small,00821780074378,161429,option:heur
18500,Indigo Blue,Medium,00821780074379,161560,option:heur
18500,Indigo Blue,Large,00821780074380,161470,option:heur
18500,Indigo Blue,X-Large,00821780074381,161511,option:heur
18500,Indigo Blue,2X-Large,00821780074382,161548,option:heur
18500,Indigo Blue,3X-Large,00821780000641,161509,option:heur
18500,Indigo Blue,4X-Large,00821780015334,204951,option:heur
18500,Indigo Blue,5X-Large,00821780015310,204978,option:heur
18500,Military Green,Small,00821780008276,161594,option:heur
18500,Military Green,Medium,00821780008275,161510,option:heur
18500,Military Green,Large,00821780008273,161652,option:heur
18500,Military Green,X-Large,00821780008272,161536,option:heur
18500,Military Green,2X-Large,00821780008271,161515,option:heur
18500,Military Green,3X-Large,00821780008270,161643,option:heur
18500,Military Green,4X-Large,00821780008269,204957,option:heur
18500,Military Green,5X-Large,00821780008280,204985,option:heur
18500,Safety Green,Small,00821780017018,161526,option:heur
18500,Safety Green,Medium,00821780017019,161378,option:heur
18500,Safety Green,Large,00821780017020,161595,option:heur
18500,Safety Green,X-Large,00821780017021,161575,option:heur
18500,Safety Green,2X-Large,00821780017022,161505,option:heur
18500,Safety Green,3X-Large,00821780017023,161374,option:heur
18500,Safety Green,4X-Large,00821780020753,161646,option:heur
18500,Safety Green,5X-Large,00821780020754,161555,option:heur
18500,Orchid,2X-Large,00191675227028,161489,option:name
18500,Orchid,3X-Large,00191675227035,161592,option:name
18500,Orchid,Large,00191675227004,161393,option:name
18500,Orchid,Medium,00191675226991,161537,option:name
18500,Orchid,Small,00191675226984,161487,option:name
18500,Orchid,X-Large,00191675227011,161504,option:name
18500,Mint Green,2X-Large,00191675226786,161515,option:heur
18500,Mint Green,3X-Large,00191675226793,161643,option:heur
18500,Mint Green,Large,00191675226762,161652,option:heur
18500,Mint Green,Medium,00191675226755,161510,option:heur
18500,Mint Green,Small,00191675226748,161594,option:heur
18500,Mint Green,X-Large,00191675226779,161536,option:heur
18500,Sapphire,2X-Large,00821780092643,161483,option:name
18500,Sapphire,3X-Large,00821780037512,204942,option:name
18500,Sapphire,Large,00821780092641,161558,option:name
18500,Sapphire,Medium,00821780092640,161451,option:name
18500,Sapphire,Small,00821780092639,161480,option:name
18500,Sapphire,X-Large,00821780092642,161624,option:name
18500,Violet,2X-Large,00821780074387,161625,option:name
18500,Violet,3X-Large,00821780015351,204943,option:name
18500,Violet,Large,00821780074385,161421,option:name
18500,Violet,Medium,00821780074384,161572,option:name
18500,Violet,Small,00821780074383,161659,option:name
18500,Violet,X-Large,00821780074386,161663,option:name
18500,Sapphire,4X-Large,00821780037513,204964,option:name
18500,Sapphire,5X-Large,00821780037514,204993,option:name
2000B,White,X-Small,00821780003406,164041,option:name
2000B,White,Small,00821780003408,164013,option:name
2000B,White,Medium,00821780003388,163960,option:name
2000B,White,Large,00821780003410,163920,option:name
2000B,White,X-Large,00821780003390,164045,option:name
2000B,Ash,Small,00821780003438,164025,option:name
2000B,Ash,Medium,00821780003439,163968,option:name
2000B,Ash,Large,00821780003441,163942,option:name
2000B,Ash,X-Large,00821780003417,164067,option:name
2000B,Black,X-Small,00821780002743,163990,option:name
2000B,Black,Small,00821780003778,164037,option:name
2000B,Black,Medium,00821780003814,163964,option:name
2000B,Black,Large,00821780003453,163946,option:name
2000B,Black,X-Large,00821780003416,164068,option:name
2000B,Daisy,X-Small,00821780002742,163985,option:name
2000B,Daisy,Small,00821780003413,164004,option:name
2000B,Daisy,Medium,00821780003493,163948,option:name
2000B,Daisy,Large,00821780003495,163938,option:name
2000B,Daisy,X-Large,00821780003371,164044,option:name
2000B,Gold,X-Small,00821780010431,164032,option:name
2000B,Gold,Small,00821780010432,164038,option:name
2000B,Gold,Medium,00821780010433,163961,option:name
2000B,Gold,Large,00821780010434,163914,option:name
2000B,Gold,X-Large,00821780010435,164046,option:name
2000B,Iris,X-Small,00821780009761,164028,option:name
2000B,Iris,Small,00821780009765,164018,option:name
2000B,Iris,Medium,00821780009769,163980,option:name
2000B,Iris,Large,00821780009773,163913,option:name
2000B,Iris,X-Large,00821780010437,164070,option:name
2000B,Kelly Green,X-Small,00821780030134,164033,option:name
2000B,Kelly Green,Small,00821780030135,163997,option:name
2000B,Kelly Green,Medium,00821780030136,163957,option:name
2000B,Kelly Green,Large,00821780030137,163941,option:name
2000B,Kelly Green,X-Large,00821780030138,164060,option:name
2000B,Light Blue,Small,00821780009368,164010,option:name
2000B,Light Blue,Medium,00821780009369,163963,option:name
2000B,Light Blue,Large,00821780009370,163924,option:name
2000B,Light Blue,X-Large,00821780009371,164058,option:name
2000B,Lime,X-Small,00821780003378,163995,option:name
2000B,Lime,Small,00821780003381,100120,option:name
2000B,Lime,Medium,00821780003399,163951,option:name
2000B,Lime,Large,00821780003400,163944,option:name
2000B,Lime,X-Large,00821780003368,164065,option:name
2000B,Maroon,X-Small,00821780002740,163992,option:name
2000B,Maroon,Small,00821780003486,163998,option:name
2000B,Maroon,Medium,00821780003488,163950,option:name
2000B,Maroon,Large,00821780003490,163936,option:name
2000B,Maroon,X-Large,00821780003370,164061,option:name
2000B,Orange,X-Small,00821780009357,163987,option:name
2000B,Orange,Small,00821780009358,163982,option:name
2000B,Orange,Medium,00821780009359,163949,option:name
2000B,Orange,Large,00821780009360,163931,option:name
2000B,Orange,X-Large,00821780009361,164072,option:name
2000B,Purple,X-Small,00821780009372,164003,option:name
2000B,Purple,Small,00821780009373,164008,option:name
2000B,Purple,Medium,00821780009374,163974,option:name
2000B,Purple,Large,00821780009375,163921,option:name
2000B,Purple,X-Large,00821780009376,164054,option:name
2000B,Red,X-Small,00821780002736,163994,option:name
2000B,Red,Small,00821780003815,164009,option:name
2000B,Red,Medium,00821780003455,163958,option:name
2000B,Red,Large,00821780003456,163945,option:name
2000B,Red,X-Large,00821780003458,164071,option:name
2000B,Royal,X-Small,00821780002964,164000,option:name
2000B,Royal,Small,00821780003902,163999,option:name
2000B,Royal,Medium,00821780003429,163970,option:name
2000B,Royal,Large,00821780003476,163918,option:name
2000B,Royal,X-Large,00821780003813,164055,option:name
2000B,Sapphire,X-Small,00821780002959,164007,option:name
2000B,Sapphire,Small,00821780002960,164016,option:name
2000B,Sapphire,Medium,00821780002965,163953,option:name
2000B,Sapphire,Large,00821780003401,163943,option:name
2000B,Sapphire,X-Large,00821780002936,164057,option:name
2000B,Charcoal,X-Small,00821780007324,164006,option:name
2000B,Charcoal,Small,00821780007325,163991,option:name
2000B,Charcoal,Medium,00821780007326,163965,option:name
2000B,Charcoal,Large,00821780007327,163917,option:name
2000B,Charcoal,X-Large,00821780007328,164056,option:name
2300,White,Small,00821780032475,100647,option:name
2300,White,Medium,00821780001342,165774,option:name
2300,White,Large,00821780001340,100646,option:name
2300,White,X-Large,00821780001344,165801,option:name
2300,White,2X-Large,00821780001345,165732,option:name
2300,White,3X-Large,00821780001347,100645,option:name
2300,White,4X-Large,00821780032488,100644,option:name
2300,White,5X-Large,00821780032493,100643,option:name
2300,Ash,Small,00821780032486,165795,option:name
2300,Ash,Medium,00821780001408,165776,option:name
2300,Ash,Large,00821780001411,165770,option:name
2300,Ash,X-Large,00821780001413,165797,option:name
2300,Ash,2X-Large,00821780001415,165727,option:name
2300,Ash,3X-Large,00821780001418,165742,option:name
2300,Black,Small,00821780032479,165793,option:name
2300,Black,Medium,00821780001360,165775,option:name
2300,Black,Large,00821780001361,165767,option:name
2300,Black,X-Large,00821780001363,165804,option:name
2300,Black,2X-Large,00821780001365,165726,option:name
2300,Black,3X-Large,00821780001368,165735,option:name
2300,Black,4X-Large,00821780032490,165747,option:name
2300,Black,5X-Large,00821780032495,165761,option:name
2300,Safety Green,Small,00821780089011,165787,option:heur
2300,Safety Green,Medium,00821780089012,165780,option:heur
2300,Safety Green,Large,00821780089013,165763,option:heur
2300,Safety Green,X-Large,00821780089014,165806,option:heur
2300,Safety Green,2X-Large,00821780089015,165725,option:heur
2300,Safety Green,3X-Large,00821780089016,165743,option:heur
2300,Safety Green,4X-Large,00821780089017,165748,option:heur
2300,Ash,4X-Large,00821780005415,165753,option:name
2300,Red,Small,00821780032482,165786,option:name
2300,Red,Medium,00821780001389,165782,option:name
2300,Red,Large,00821780001392,165773,option:name
2300,Red,X-Large,00821780001395,165803,option:name
2300,Red,2X-Large,00821780001397,165728,option:name
2300,Red,3X-Large,00821780001626,165744,option:name
2300,Orange,Small,00821780032480,165785,option:name
2300,Orange,Medium,00821780001369,165777,option:name
2300,Orange,Large,00821780001371,165772,option:name
2300,Orange,X-Large,00821780001373,165805,option:name
2300,Orange,2X-Large,00821780001384,165724,option:name
2300,Orange,3X-Large,00821780001386,165745,option:name
2300,Orange,4X-Large,00821780042104,165750,option:name
2300,Orange,5X-Large,00821780042105,165759,option:name
2300,Charcoal,Small,00821780007225,165788,option:name
2300,Charcoal,Medium,00821780007228,165778,option:name
2300,Charcoal,Large,00821780007231,165766,option:name
2300,Charcoal,X-Large,00821780007233,165802,option:name
2300,Charcoal,2X-Large,00821780007235,165729,option:name
2300,Charcoal,3X-Large,00821780007236,165739,option:name
2300,Charcoal,4X-Large,00821780007237,165754,option:name
2300,Charcoal,5X-Large,00821780007238,165758,option:name
2300,Maroon,Small,00821780032485,165789,option:name
2300,Maroon,Medium,00821780002807,165781,option:name
2300,Maroon,Large,00821780002808,165771,option:name
2300,Maroon,X-Large,00821780002809,165800,option:name
2300,Maroon,2X-Large,00821780002981,165731,option:name
2300,Maroon,3X-Large,00821780029551,165740,option:name
2300,Maroon,4X-Large,00821780059763,165755,option:name
12000,White,Small,00821780002584,160781,option:name
12000,White,Medium,00821780002585,160764,option:name
12000,White,Large,00821780002587,160755,option:name
12000,White,X-Large,00821780002588,160790,option:name
12000,White,2X-Large,00821780002589,160785,option:name
12000,Black,Small,00821780002622,160789,option:name
12000,Black,Medium,00821780002623,160761,option:name
12000,Black,Large,00821780002624,160758,option:name
12000,Black,X-Large,00821780002625,160777,option:name
12000,Black,2X-Large,00821780002626,160753,option:name
12000,Royal,Small,00821780002634,98795,option:name
12000,Royal,Medium,00821780002635,98794,option:name
12000,Royal,Large,00821780002636,98793,option:name
12000,Royal,X-Large,00821780002637,98792,option:name
12000,Royal,2X-Large,00821780002638,98791,option:name
12000,Royal,3X-Large,00821780002639,98790,option:name
12500,White,Small,00821780010483,151893,option:name
12500,White,Medium,00821780004473,151892,option:name
12500,White,Large,00821780004474,151891,option:name
12500,White,X-Large,00821780004475,151890,option:name
12500,White,2X-Large,00821780004440,151889,option:name
12500,Ash,Small,00821780000400,151954,option:name
12500,Ash,Medium,00821780000401,151953,option:name
12500,Ash,Large,00821780000402,151952,option:name
12500,Ash,X-Large,00821780000403,151951,option:name
12500,Ash,2X-Large,00821780000404,151950,option:name
12500,Black,Small,00821780010485,151966,option:name
12500,Black,Medium,00821780004498,151965,option:name
12500,Black,Large,00821780004499,151964,option:name
12500,Black,X-Large,00821780004500,151963,option:name
12500,Black,2X-Large,00821780004464,151962,option:name
12500,Black,3X-Large,00821780032717,151961,option:name
12500,Maroon,Small,00821780041999,151942,option:name
12500,Maroon,Medium,00821780042000,151941,option:name
12500,Maroon,Large,00821780042001,151940,option:name
12500,Maroon,X-Large,00821780042002,151939,option:name
12500,Maroon,2X-Large,00821780042003,151938,option:name
12500,Red,Small,00821780010486,151948,option:name
12500,Red,Medium,00821780009495,151947,option:name
12500,Red,Large,00821780009496,151946,option:name
12500,Red,X-Large,00821780009497,151945,option:name
12500,Red,2X-Large,00821780009498,151944,option:name
12500,Red,3X-Large,00821780032721,151943,option:name
12500,Royal,Small,00821780010487,151899,option:name
12500,Royal,Medium,00821780004439,151898,option:name
12500,Royal,Large,00821780004495,151897,option:name
12500,Royal,X-Large,00821780004445,151896,option:name
12500,Royal,2X-Large,00821780004451,151895,option:name
12500,Safety Green,Small,00821780088934,151916,option:heur
12500,Safety Green,Medium,00821780088935,151915,option:heur
12500,Safety Green,Large,00821780089148,151914,option:heur
12500,Safety Green,X-Large,00821780088936,151913,option:heur
12500,Safety Green,2X-Large,00821780088937,151912,option:heur
12500,Royal,3X-Large,00821780032722,151894,option:name
12500,Charcoal,Small,00821780017895,151932,option:name
12500,Charcoal,Medium,00821780017894,151931,option:name
12500,Charcoal,Large,00821780017893,151930,option:name
12500,Charcoal,X-Large,00821780017892,151929,option:name
12500,Charcoal,2X-Large,00821780017891,151928,option:name
12500,Charcoal,3X-Large,00821780017890,151927,option:name
18000,White,Small,00821780009940,161198,option:name
18000,White,Medium,00821780009941,161202,option:name
18000,White,Large,00821780009942,161054,option:name
18000,White,X-Large,00821780009943,161012,option:name
18000,White,2X-Large,00821780009944,161199,option:name
18000,White,3X-Large,00821780009945,160987,option:name
18000,Ash,Small,00821780000405,161108,option:name
18000,Ash,Medium,00821780000406,161148,option:name
18000,Ash,Large,00821780000407,161034,option:name
18000,Ash,X-Large,00821780000408,161045,option:name
18000,Ash,2X-Large,00821780000409,161060,option:name
18000,Ash,3X-Large,00821780000410,161083,option:name
18000,Black,Small,00821780009958,161075,option:name
18000,Black,Medium,00821780009959,161102,option:name
18000,Black,Large,00821780009960,161005,option:name
18000,Black,X-Large,00821780009961,161162,option:name
18000,Black,2X-Large,00821780009962,161155,option:name
18000,Black,3X-Large,00821780009963,161070,option:name
18000,Maroon,Small,00821780009976,161126,option:name
18000,Maroon,Medium,00821780009977,161216,option:name
18000,Maroon,Large,00821780009978,161138,option:name
18000,Maroon,X-Large,00821780009979,161217,option:name
18000,Maroon,2X-Large,00821780009980,161197,option:name
18000,Maroon,3X-Large,00821780009981,161082,option:name
18000,Navy,Small,00821780009946,205067,option:name
18000,Navy,Medium,00821780009947,205065,option:name
18000,Navy,Large,00821780009948,205061,option:name
18000,Navy,X-Large,00821780009949,205071,option:name
18000,Navy,2X-Large,00821780009950,205002,option:name
18000,Navy,3X-Large,00821780009951,205010,option:name
18000,Orange,Small,00821780041820,161017,option:name
18000,Orange,Medium,00821780041821,161046,option:name
18000,Orange,Large,00821780041822,161073,option:name
18000,Orange,X-Large,00821780041823,161106,option:name
18000,Orange,2X-Large,00821780041824,161111,option:name
18000,Orange,3X-Large,00821780041825,205011,option:name
18000,Purple,Small,00821780041832,161183,option:name
18000,Purple,Medium,00821780041833,161066,option:name
18000,Purple,Large,00821780041834,161153,option:name
18000,Purple,X-Large,00821780041835,161025,option:name
18000,Purple,2X-Large,00821780041836,161196,option:name
18000,Red,Small,00821780009964,161040,option:name
18000,Red,Medium,00821780009965,160990,option:name
18000,Red,Large,00821780009966,161181,option:name
18000,Red,X-Large,00821780009967,161009,option:name
18000,Red,2X-Large,00821780009968,161206,option:name
18000,Red,3X-Large,00821780009969,161171,option:name
18000,Royal,Small,00821780009970,161125,option:name
18000,Royal,Medium,00821780009971,161011,option:name
18000,Royal,Large,00821780009972,161210,option:name
18000,Royal,X-Large,00821780009973,161100,option:name
18000,Royal,2X-Large,00821780009974,161169,option:name
18000,Royal,3X-Large,00821780009975,161166,option:name
18000,White,4X-Large,00821780089115,205035,option:name
18000,White,5X-Large,00821780089116,205058,option:name
18000,Black,4X-Large,00821780089119,161086,option:name
18000,Black,5X-Large,00821780089120,161072,option:name
18000,Navy,4X-Large,00821780089117,205028,option:name
18000,Navy,5X-Large,00821780089118,205050,option:name
18000,Light Blue,Small,00821780042885,161128,option:name
18000,Light Blue,Medium,00821780042886,161044,option:name
18000,Light Blue,Large,00821780042887,161094,option:name
18000,Light Blue,X-Large,00821780042888,161057,option:name
18000,Light Blue,2X-Large,00821780042889,161115,option:name
18000,Light Blue,3X-Large,00821780042890,205008,option:name
18000,Ash,4X-Large,00821780015500,161023,option:name
18000,Ash,5X-Large,00821780015459,161014,option:name
18000,Orange,4X-Large,00821780015415,205029,option:name
18000,Orange,5X-Large,00821780015442,205051,option:name
18000,Purple,3X-Large,00821780041837,161069,option:name
18000,Red,4X-Large,00821780015416,161095,option:name
18000,Red,5X-Large,00821780015444,161135,option:name
18000,Royal,4X-Large,00821780015417,161145,option:name
18000,Royal,5X-Large,00821780015445,160985,option:name
18000,Charcoal,Small,00821780011219,161050,option:name
18000,Charcoal,Medium,00821780011220,161098,option:name
18000,Charcoal,Large,00821780011221,161022,option:name
18000,Charcoal,X-Large,00821780011222,161052,option:name
18000,Charcoal,2X-Large,00821780011223,161000,option:name
18000,Charcoal,3X-Large,00821780011224,161084,option:name
18000,Charcoal,4X-Large,00821780011225,161067,option:name
18000,Charcoal,5X-Large,00821780011226,161167,option:name
18000,Indigo Blue,Small,00821780074096,161175,option:heur
18000,Indigo Blue,Medium,00821780074097,161120,option:heur
18000,Indigo Blue,Large,00821780074098,161151,option:heur
18000,Indigo Blue,X-Large,00821780074099,161220,option:heur
18000,Indigo Blue,2X-Large,00821780074100,161147,option:heur
18000,Indigo Blue,3X-Large,00821780087940,161002,option:heur
18000,Gold,Small,00821780041808,161194,option:name
18000,Gold,Medium,00821780041809,161076,option:name
18000,Gold,Large,00821780041810,161032,option:name
18000,Gold,X-Large,00821780041811,161152,option:name
18000,Gold,2X-Large,00821780041812,161134,option:name
18000,Gold,3X-Large,00821780041813,161051,option:name
18000,Safety Pink,Small,00821780028783,160998,option:heur
18000,Safety Pink,Medium,00821780028784,161140,option:heur
18000,Safety Pink,Large,00821780028785,161078,option:heur
18000,Safety Pink,X-Large,00821780028786,161021,option:heur
18000,Safety Pink,2X-Large,00821780028787,161008,option:heur
18000,Safety Pink,3X-Large,00821780028788,205014,option:heur
18000,Sapphire,2X-Large,00821780040930,160984,option:name
18000,Sapphire,3X-Large,00821780040931,161200,option:name
18000,Sapphire,Large,00821780040928,161179,option:name
18000,Sapphire,Medium,00821780040927,161092,option:name
18000,Sapphire,Small,00821780040926,160991,option:name
18000,Sapphire,X-Large,00821780040929,161043,option:name
18000B,Black,X-Small,00821780060700,162777,option:name
18000B,Black,Small,00821780042904,100064,option:name
18000B,Black,Medium,00821780042905,161255,option:name
18000B,Black,Large,00821780042906,161235,option:name
18000B,Black,X-Large,00821780058979,100063,option:name
18000B,Maroon,X-Small,00821780060704,162778,option:name
18000B,Maroon,Small,00821780042918,161246,option:name
18000B,Maroon,Medium,00821780042919,161237,option:name
18000B,Maroon,Large,00821780042920,161245,option:name
18000B,Maroon,X-Large,00821780058984,161232,option:name
18000B,Red,Small,00821780042911,161238,option:name
18000B,Red,Medium,00821780042910,161252,option:name
18000B,Red,Large,00821780042907,161229,option:name
18000B,Red,X-Large,00821780058980,161244,option:name
18000B,Royal,X-Small,00821780060702,161228,mainframe
18000B,Royal,Small,00821780042912,161228,option:name
18000B,Royal,Medium,00821780042913,100062,option:name
18000B,Royal,Large,00821780042914,161247,option:name
18000B,Royal,X-Large,00821780058981,161230,option:name
18000B,White,Large,00821780042899,161225,option:name
18000B,White,Medium,00821780042898,161223,option:name
18000B,White,Small,00821780042897,161240,option:name
18000B,White,X-Large,00821780058976,161231,option:name
18000B,White,X-Small,00821780025467,161240,mainframe
18200,Black,Small,00821780033359,161266,option:name
18200,Black,Medium,00821780033358,100069,option:name
18200,Black,Large,00821780033357,100068,option:name
18200,Black,X-Large,00821780033360,100067,option:name
18200,Black,2X-Large,00821780033361,100066,option:name
18200,Ash,2X-Large,00821780000419,161271,option:name
18200,Ash,Large,00821780000417,162791,option:name
18200,Ash,Medium,00821780000416,162794,option:name
18200,Ash,Small,00821780000415,161272,option:name
18200,Ash,X-Large,00821780000418,162804,option:name
5000,Natural,Small,00821780001486,166656,option:name
5000,Natural,Medium,00821780001295,166600,option:name
5000,Natural,Large,00821780001296,166559,option:name
5000,Natural,X-Large,00821780001297,166774,option:name
5000,Natural,2X-Large,00821780001298,166365,option:name
5000,Natural,3X-Large,00821780001619,166446,option:name
5000,White,Small,00821780001483,166702,option:name
5000,White,Medium,00821780003094,166596,option:name
5000,White,Large,00821780001291,166518,option:name
5000,White,X-Large,00821780001292,166738,option:name
5000,White,2X-Large,00821780001293,166367,option:name
5000,White,3X-Large,00821780001294,166459,option:name
5000,Ash,Small,00821780001599,166644,option:name
5000,Ash,Medium,00821780001325,166590,option:name
5000,Ash,Large,00821780001326,166549,option:name
5000,Ash,X-Large,00821780001333,166788,option:name
5000,Ash,2X-Large,00821780001335,166371,option:name
5000,Ash,3X-Large,00821780001338,166409,option:name
5000,Sport Grey,Small,00821780002660,166712,option:heur
5000,Sport Grey,Medium,00821780002799,166620,option:heur
5000,Sport Grey,Large,00821780003102,166519,option:heur
5000,Sport Grey,X-Large,00821780002805,166736,option:heur
5000,Sport Grey,2X-Large,00821780002806,166370,option:heur
5000,Sport Grey,3X-Large,00821780004747,166437,option:heur
5000,Black,Small,00821780001491,166658,option:name
5000,Black,Medium,00821780001307,166570,option:name
5000,Black,Large,00821780001309,166541,option:name
5000,Black,X-Large,00821780001312,166721,option:name
5000,Black,2X-Large,00821780001314,166363,option:name
5000,Black,3X-Large,00821780001316,166425,option:name
5000,Daisy,Small,00821780003941,166670,option:name
5000,Daisy,Medium,00821780004385,166598,option:name
5000,Daisy,Large,00821780001350,166516,option:name
5000,Daisy,X-Large,00821780001643,166778,option:name
5000,Daisy,2X-Large,00821780004386,166329,option:name
5000,Gold,Small,00821780031402,166684,option:name
5000,Gold,Medium,00821780032164,166592,option:name
5000,Gold,Large,00821780032168,166561,option:name
5000,Gold,X-Large,00821780032172,166760,option:name
5000,Gold,2X-Large,00821780032176,166368,option:name
5000,Gold,3X-Large,00821780032181,166432,option:name
5000,Indigo Blue,Small,00821780032163,101186,option:name
5000,Indigo Blue,Medium,00821780032167,101185,option:name
5000,Indigo Blue,Large,00821780032171,206297,option:name
5000,Indigo Blue,X-Large,00821780032175,206304,option:name
5000,Indigo Blue,2X-Large,00821780032180,101184,option:name
5000,Indigo Blue,3X-Large,00821780032201,101183,option:name
5000,Light Blue,Small,00821780032162,166666,option:name
5000,Light Blue,Medium,00821780032166,166616,option:name
5000,Light Blue,Large,00821780032170,166509,option:name
5000,Light Blue,X-Large,00821780032174,166772,option:name
5000,Light Blue,2X-Large,00821780032179,166358,option:name
5000,Light Blue,3X-Large,00821780032200,166440,option:name
5000,Orange,Small,00821780011160,166711,option:name
5000,Orange,Medium,00821780011161,166586,option:name
5000,Orange,Large,00821780011162,166517,option:name
5000,Orange,X-Large,00821780011163,166768,option:name
5000,Orange,2X-Large,00821780032177,166396,option:name
5000,Orange,3X-Large,00821780032198,166411,option:name
5000,Red,Small,00821780001495,166668,option:name
5000,Red,Medium,00821780001318,166577,option:name
5000,Red,Large,00821780001319,166496,option:name
5000,Red,X-Large,00821780001321,166752,option:name
5000,Red,2X-Large,00821780001323,166355,option:name
5000,Red,3X-Large,00821780001622,166410,option:name
5000,Royal,Small,00821780001496,166695,option:name
5000,Royal,Medium,00821780001497,166633,option:name
5000,Royal,Large,00821780003095,166497,option:name
5000,Royal,X-Large,00821780001596,166786,option:name
5000,Royal,2X-Large,00821780001597,166400,option:name
5000,Royal,3X-Large,00821780001598,166422,option:name
5000,Sand,Small,00821780031403,166679,option:name
5000,Sand,Medium,00821780032165,166621,option:name
5000,Sand,Large,00821780032169,166531,option:name
5000,Sand,X-Large,00821780032173,166779,option:name
5000,Sand,2X-Large,00821780032178,166389,option:name
5000,Sand,3X-Large,00821780032199,166452,option:name
5000,Charcoal,Small,00821780066779,206301,option:name
5000,Charcoal,Medium,00821780066785,206299,option:name
5000,Charcoal,Large,00821780066380,206296,option:name
5000,Charcoal,X-Large,00821780066791,206303,option:name
5000,Charcoal,2X-Large,00821780066797,206052,option:name
5000,Charcoal,3X-Large,00821780066802,206054,option:name
5000,Lime,Small,00821780055153,166660,option:name
5000,Lime,Medium,00821780055154,166619,option:name
5000,Lime,Large,00821780055155,166562,option:name
5000,Lime,X-Large,00821780055156,166730,option:name
5000,Lime,2X-Large,00821780055157,166391,option:name
5000,Lime,3X-Large,00821780055158,166403,option:name
5000,Sapphire,Small,00821780058688,166705,option:name
5000,Sapphire,Medium,00821780058689,166593,option:name
5000,Sapphire,Large,00821780058690,166554,option:name
5000,Sapphire,X-Large,00821780058691,166765,option:name
5000,Sapphire,2X-Large,00821780058692,166338,option:name
5000,Sapphire,3X-Large,00821780064792,166467,option:name
5000,Purple,Small,00821780058720,166694,option:name
5000,Purple,Medium,00821780058721,166604,option:name
5000,Purple,Large,00821780058722,166514,option:name
5000,Purple,X-Large,00821780058723,166777,option:name
5000,Purple,2X-Large,00821780058724,166349,option:name
5000,Purple,3X-Large,00821780058738,166469,option:name
5000,Maroon,Small,00821780055221,166706,option:name
5000,Maroon,Medium,00821780055222,166603,option:name
5000,Maroon,Large,00821780055223,166500,option:name
5000,Maroon,X-Large,00821780055224,166718,option:name
5000,Maroon,2X-Large,00821780055225,166357,option:name
5000,Maroon,3X-Large,00821780055226,166413,option:name
5000,Military Green,Small,00821780071375,166646,option:heur
5000,Military Green,Medium,00821780071376,166588,option:heur
5000,Military Green,Large,00821780071377,166498,option:heur
5000,Military Green,X-Large,00821780071378,166784,option:heur
5000,Military Green,2X-Large,00821780071379,166399,option:heur
5000,Military Green,3X-Large,00821780000021,166470,option:heur
5000,Irish Green,Small,00821780055260,166682,option:heur
5000,Irish Green,Medium,00821780055261,166597,option:heur
5000,Irish Green,Large,00821780055262,166558,option:heur
5000,Irish Green,X-Large,00821780055263,166756,option:heur
5000,Irish Green,2X-Large,00821780055264,166334,option:heur
5000,Irish Green,3X-Large,00821780055265,166412,option:heur
5000,Brown Savana,Small,00821780008328,166688,option:heur
5000,Brown Savana,Medium,00821780008331,166580,option:heur
5000,Brown Savana,Large,00821780008330,166504,option:heur
5000,Brown Savana,X-Large,00821780008329,166781,option:heur
5000,Brown Savana,2X-Large,00821780008333,166394,option:heur
5000,Brown Savana,3X-Large,00821780008332,166428,option:heur
5000,Turf Green,Small,00821780008383,166651,option:heur
5000,Turf Green,Medium,00821780008381,166627,option:heur
5000,Turf Green,Large,00821780008380,166502,option:heur
5000,Turf Green,X-Large,00821780008388,166782,option:heur
5000,Turf Green,2X-Large,00821780008386,166381,option:heur
5000,Turf Green,3X-Large,00821780008392,166406,option:heur
5000,Heather Red,Small,00821780007662,166693,option:name
5000,Heather Red,Medium,00821780007661,166639,option:name
5000,Heather Red,Large,00821780007660,166535,option:name
5000,Heather Red,X-Large,00821780007666,166728,option:name
5000,Heather Red,2X-Large,00821780007665,166347,option:name
5000,Heather Red,3X-Large,00821780007664,166458,option:name
5000,Sky,Small,00821780071385,166653,option:name
5000,Sky,Medium,00821780071386,166611,option:name
5000,Sky,Large,00821780071387,166543,option:name
5000,Sky,X-Large,00821780071388,166722,option:name
5000,Sky,2X-Large,00821780071390,166364,option:name
5000,Sky,3X-Large,00821780007212,166435,option:name
5000,Coral Silk,Small,00821780008341,166701,option:heur
5000,Coral Silk,Medium,00821780008340,166635,option:heur
5000,Coral Silk,Large,00821780008339,166521,option:heur
5000,Coral Silk,X-Large,00821780008342,166727,option:heur
5000,Coral Silk,2X-Large,00821780008344,166369,option:heur
5000,Coral Silk,3X-Large,00821780008343,166436,option:heur
5000,Daisy,3X-Large,00821780032202,166434,option:name
5000,Lilac,Small,00821780018644,166696,option:name
5000,Lilac,Medium,00821780018645,166629,option:name
5000,Lilac,Large,00821780018646,166551,option:name
5000,Lilac,X-Large,00821780018647,166743,option:name
5000,Lilac,2X-Large,00821780018648,166341,option:name
5000,Lilac,3X-Large,00821780018649,166415,option:name
5000,Mint Green,Small,00821780020717,166646,option:heur
5000,Mint Green,Medium,00821780020718,166588,option:heur
5000,Mint Green,Large,00821780020719,166498,option:heur
5000,Mint Green,X-Large,00821780020720,166784,option:heur
5000,Mint Green,2X-Large,00821780021062,166399,option:heur
5000,Mint Green,3X-Large,00821780021063,166470,option:heur
5000,Texas Orange,Small,00821780006074,166654,option:name
5000,Texas Orange,Medium,00821780006075,166589,option:name
5000,Texas Orange,Large,00821780006194,166515,option:name
5000,Texas Orange,X-Large,00821780006195,166791,option:name
5000,Texas Orange,2X-Large,00821780006196,166398,option:name
5000,Texas Orange,3X-Large,00821780006197,206060,option:name
5000,Neon Green,Small,00821780028759,166672,option:heur
5000,Neon Green,Medium,00821780028760,166625,option:heur
5000,Neon Green,Large,00821780028761,166564,option:heur
5000,Neon Green,X-Large,00821780028762,166733,option:heur
5000,Neon Green,2X-Large,00821780028763,166362,option:heur
5000,Neon Green,3X-Large,00821780028779,166468,option:heur
5000,Neon Blue,Small,00821780028764,166665,option:heur
5000,Neon Blue,Medium,00821780028765,166606,option:heur
5000,Neon Blue,Large,00821780028766,166503,option:heur
5000,Neon Blue,X-Large,00821780028767,166735,option:heur
5000,Neon Blue,2X-Large,00821780028768,166395,option:heur
5000,Neon Blue,3X-Large,00821780028780,166418,option:heur
5000,Tangerine,2X-Large,00821780058702,206053,option:name
5000,Tangerine,3X-Large,00821780064793,206059,option:name
5000,Tangerine,Large,00821780058700,206298,option:name
5000,Tangerine,Medium,00821780058699,206300,option:name
5000,Tangerine,Small,00821780058698,206302,option:name
5000,Tangerine,X-Large,00821780058701,206305,option:name
5000,Black,4X-Large,00821780041134,166471,option:name
5000,Gold,4X-Large,00821780041161,206186,option:name
5000,Maroon,4X-Large,00821780041187,166483,option:name
5000,Orange,4X-Large,00821780041197,206209,option:name
5000,Purple,4X-Large,00821780041199,166475,option:name
5000,Red,4X-Large,00821780041201,166476,option:name
5000,Royal,4X-Large,00821780041203,166487,option:name
5000,White,4X-Large,00821780052633,166473,option:name
5000,Military Green,4X-Large,00821780041189,206204,option:heur
5000,Mint Green,4X-Large,00821780041191,206204,option:heur
5000,Indigo Blue,4X-Large,00821780041175,206196,option:name
5000,Charcoal,4X-Large,00821780041145,101198,option:name
5000,Sport Grey,4X-Large,00821780041215,206217,option:heur
5000,Irish Green,4X-Large,00821780041177,206197,option:heur
5000,Natural,4X-Large,00821780041193,206206,option:name
5000,Sand,4X-Large,00821780041209,206212,option:name
5000,Sapphire,4X-Large,00821780041211,206213,option:name
5000,Texas Orange,4X-Large,00191675008993,206221,option:name
5000,Light Blue,4X-Large,00821780041181,206199,option:name
5000,Coral Silk,4X-Large,00821780041147,166478,option:heur
5000,Lime,4X-Large,00821780041185,166482,option:name
5000,Daisy,4X-Large,00821780041149,166484,option:name
5000,Sky,4X-Large,00821780041213,206216,option:name
5000,Heather Red,4X-Large,00821780041167,206190,option:name
5000,Black,5X-Large,00821780041135,206235,option:name
5000,Gold,5X-Large,00821780041162,206246,option:name
5000,Maroon,5X-Large,00821780041188,206264,option:name
5000,Orange,5X-Large,00821780041198,206272,option:name
5000,Purple,5X-Large,00821780041200,206274,option:name
5000,Red,5X-Large,00821780041202,206275,option:name
5000,Royal,5X-Large,00821780041204,206276,option:name
5000,White,5X-Large,00821780041326,166489,option:name
5000,Military Green,5X-Large,00821780041190,206267,option:heur
5000,Mint Green,5X-Large,00821780041192,206267,option:heur
5000,Indigo Blue,5X-Large,00821780041176,206257,option:name
5000,Charcoal,5X-Large,00821780041146,206239,option:name
5000,Sport Grey,5X-Large,00821780041216,206285,option:heur
5000,Irish Green,5X-Large,00821780041178,206258,option:heur
5000,Natural,5X-Large,00821780041194,206269,option:name
5000,Sand,5X-Large,00821780041210,206278,option:name
5000,Sapphire,5X-Large,00821780041212,206281,option:name
5000,Light Blue,5X-Large,00821780041182,206260,option:name
5000,Coral Silk,5X-Large,00821780041148,166494,option:heur
5000,Lime,5X-Large,00821780041186,206262,option:name
5000,Daisy,5X-Large,00821780041150,206243,option:name
5000,Sky,5X-Large,00821780041214,206284,option:name
5000,Heather Red,5X-Large,00821780041168,166491,option:name
5000,Ash,4X-Large,00821780041130,166486,option:name
5000,Ash,5X-Large,00821780041131,206233,option:name
5000B,White,X-Small,00821780001647,166894,option:name
5000B,White,Small,00821780001649,166884,option:name
5000B,White,Medium,00821780001648,166878,option:name
5000B,White,Large,00821780001650,166824,option:name
5000B,White,X-Large,00821780001651,166978,option:name
5000B,Ash,Small,00821780001730,166888,option:name
5000B,Ash,Medium,00821780001732,166875,option:name
5000B,Ash,Large,00821780001733,166834,option:name
5000B,Ash,X-Large,00821780001735,166974,option:name
5000B,Sport Grey,X-Small,00821780032209,166921,option:heur
5000B,Sport Grey,Small,00821780032215,166910,option:heur
5000B,Sport Grey,Medium,00821780032221,166859,option:heur
5000B,Sport Grey,Large,00821780002662,166809,option:heur
5000B,Sport Grey,X-Large,00821780032232,166955,option:heur
5000B,Black,X-Small,00821780001707,166915,option:name
5000B,Black,Small,00821780001708,166936,option:name
5000B,Black,Medium,00821780001709,166858,option:name
5000B,Black,Large,00821780001655,166833,option:name
5000B,Black,X-Large,00821780001656,166968,option:name
5000B,Daisy,Small,00821780004387,166912,option:name
5000B,Daisy,Medium,00821780001357,166850,option:name
5000B,Daisy,Large,00821780004388,166813,option:name
5000B,Daisy,X-Large,00821780004354,166973,option:name
5000B,Gold,X-Small,00821780032203,166891,option:name
5000B,Gold,Small,00821780032210,166883,option:name
5000B,Gold,Medium,00821780032216,166863,option:name
5000B,Gold,Large,00821780032222,166801,option:name
5000B,Gold,X-Large,00821780032227,166962,option:name
5000B,Indigo Blue,X-Small,00821780032208,101205,option:name
5000B,Indigo Blue,Small,00821780032214,101209,option:name
5000B,Indigo Blue,Medium,00821780032220,101208,option:name
5000B,Indigo Blue,Large,00821780032226,101207,option:name
5000B,Indigo Blue,X-Large,00821780032231,101206,option:name
5000B,Orange,X-Small,00821780032204,166937,option:name
5000B,Orange,Small,00821780032211,166908,option:name
5000B,Orange,Medium,00821780032217,166839,option:name
5000B,Orange,Large,00821780032223,166828,option:name
5000B,Orange,X-Large,00821780032228,166966,option:name
5000B,Red,X-Small,00821780001710,166938,option:name
5000B,Red,Small,00821780001711,166942,option:name
5000B,Red,Medium,00821780001712,166846,option:name
5000B,Red,Large,00821780001657,166823,option:name
5000B,Red,X-Large,00821780001658,166960,option:name
5000B,Royal,X-Small,00821780001713,166893,option:name
5000B,Royal,Small,00821780001714,166892,option:name
5000B,Royal,Medium,00821780001715,166855,option:name
5000B,Royal,Large,00821780001659,166812,option:name
5000B,Royal,X-Large,00821780001660,166971,option:name
5000B,Sand,X-Small,00821780032205,101211,option:name
5000B,Sand,Small,00821780032212,166911,option:name
5000B,Sand,Medium,00821780032218,166882,option:name
5000B,Sand,Large,00821780032224,166811,option:name
5000B,Sand,X-Large,00821780032229,166981,option:name
5000B,Lime,Small,00821780055160,166919,option:name
5000B,Lime,Medium,00821780055161,166872,option:name
5000B,Lime,Large,00821780055162,166802,option:name
5000B,Lime,X-Large,00821780055163,166950,option:name
5000B,Maroon,Small,00821780055228,166927,option:name
5000B,Maroon,Medium,00821780055229,166862,option:name
5000B,Maroon,Large,00821780055230,166807,option:name
5000B,Maroon,X-Large,00821780055231,166969,option:name
5000B,Purple,X-Small,00821780058725,166930,option:name
5000B,Purple,Small,00821780058726,166900,option:name
5000B,Purple,Medium,00821780058727,166856,option:name
5000B,Purple,Large,00821780058728,166793,option:name
5000B,Purple,X-Large,00821780058729,166956,option:name
5000B,Sapphire,Small,00821780058694,166896,option:name
5000B,Sapphire,Medium,00821780058695,166842,option:name
5000B,Sapphire,Large,00821780058696,166804,option:name
5000B,Charcoal,X-Small,00821780066809,166887,option:name
5000B,Charcoal,Small,00821780066813,166895,option:name
5000B,Charcoal,Medium,00821780066094,166877,option:name
5000B,Charcoal,Large,00821780066818,166818,option:name
5000B,Charcoal,X-Large,00821780066823,166949,option:name
5000B,Kiwi,Small,00821780071502,166903,option:name
5000B,Kiwi,Medium,00821780071503,166854,option:name
5000B,Kiwi,Large,00821780071504,166836,option:name
5000B,Coral Silk,Small,00821780018574,166941,option:heur
5000B,Coral Silk,Medium,00821780018577,166879,option:heur
5000B,Coral Silk,Large,00821780018579,166794,option:heur
5000B,Tropical Blue,Small,00821780018602,166945,option:heur
5000B,Tropical Blue,Medium,00821780018597,166841,option:heur
5000B,Tropical Blue,Large,00821780018598,166817,option:heur
5000B,Tropical Blue,X-Large,00821780018601,166946,option:heur
5000B,Texas Orange,Small,00821780015754,166939,option:name
5000B,Texas Orange,Medium,00821780015755,166853,option:name
5000B,Texas Orange,Large,00821780015758,166816,option:name
5000B,Texas Orange,X-Large,00821780015759,101212,option:name
5000B,Neon Green,X-Small,00821780028697,101200,option:name
5000B,Neon Green,Small,00821780028698,101204,option:name
5000B,Neon Green,Medium,00821780028700,101203,option:name
5000B,Neon Green,Large,00821780028701,101202,option:name
5000B,Neon Green,X-Large,00821780028702,101201,option:name
5000B,Neon Blue,Small,00821780028693,166917,option:heur
5000B,Neon Blue,Medium,00821780028694,166851,option:heur
5000B,Neon Blue,Large,00821780028695,166831,option:heur
5000B,Neon Blue,X-Large,00821780028696,166964,option:heur
5400,White,Small,00821780031248,93931,option:name
5400,White,Medium,00821780031252,93932,option:name
5400,White,Large,00821780031256,93933,option:name
5400,White,X-Large,00821780031260,93934,option:name
5400,White,2X-Large,00821780031264,93935,option:name
5400,Black,Small,00821780031250,93868,option:name
5400,Black,Medium,00821780031254,93869,option:name
5400,Black,Large,00821780031258,93870,option:name
5400,Black,X-Large,00821780031262,93871,option:name
5400,Black,2X-Large,00821780031266,93872,option:name
5400,Navy,Small,00821780031249,93894,option:name
5400,Navy,Medium,00821780031253,93895,option:name
5400,Navy,Large,00821780031257,93896,option:name
5400,Navy,X-Large,00821780031261,93897,option:name
5400,Navy,2X-Large,00821780031265,93898,option:name
5400,Red,Small,00821780042130,93906,option:name
5400,Red,Medium,00821780042131,93907,option:name
5400,Red,Large,00821780042132,93908,option:name
5400,Red,X-Large,00821780042133,93909,option:name
5400,Ash,Small,00821780071545,93862,option:name
5400,Ash,Medium,00821780071562,93863,option:name
5400,Ash,Large,00821780071563,93864,option:name
5400,Ash,X-Large,00821780071564,93865,option:name
5400,Ash,2X-Large,00821780071565,93866,option:name
5400,Red,2X-Large,00821780042134,93910,option:name
5400,Royal,Small,00821780042135,93912,option:name
5400,Royal,Medium,00821780042136,93913,option:name
5400,Royal,Large,00821780042137,93914,option:name
5400,Royal,X-Large,00821780042138,93915,option:name
5400,Royal,2X-Large,00821780042139,93916,option:name
5400,Safety Green,2X-Large,00821780068188,93923,option:heur
5400,Safety Green,3X-Large,00821780068189,93924,option:heur
5400,Safety Green,Large,00821780068186,93921,option:heur
5400,Safety Green,Medium,00821780068185,93920,option:heur
5400,Safety Green,Small,00821780068184,93919,option:heur
5400,Safety Green,X-Large,00821780068187,93922,option:heur
5400,Black,3X-Large,00821780017990,93873,option:name
5400,Navy,3X-Large,00821780017976,93899,option:name
5400,Red,3X-Large,00821780017989,93911,option:name
5400,Royal,3X-Large,00821780017987,93917,option:name
5400,White,3X-Large,00821780017977,93936,option:name
5400,Ash,3X-Large,00821780017984,93867,option:name
5400,Charcoal,2X-Large,00191675323836,101311,option:name
5400,Charcoal,3X-Large,00191675323843,101310,option:name
5400,Charcoal,Large,00191675323812,101313,option:name
5400,Charcoal,Medium,00191675323805,101314,option:name
5400,Charcoal,Small,00191675323799,101315,option:name
5400,Charcoal,X-Large,00191675323829,101312,option:name
5400,Gold,2X-Large,00821780097867,93892,option:name
5400,Gold,3X-Large,00821780017978,93893,option:name
5400,Gold,Large,00821780097865,93890,option:name
5400,Gold,Medium,00821780097864,93889,option:name
5400,Gold,Small,00821780097863,93888,option:name
5400,Gold,X-Large,00821780097866,93891,option:name
5400,Purple,2X-Large,00821780097872,93904,option:name
5400,Purple,3X-Large,00821780017986,93905,option:name
5400,Purple,Large,00821780097870,93902,option:name
5400,Purple,Medium,00821780097869,93901,option:name
5400,Purple,Small,00821780097868,93900,option:name
5400,Purple,X-Large,00821780097871,93903,option:name
8000,White,Small,00821780002268,84246,option:name
8000,White,Medium,00821780002213,84247,option:name
8000,White,Large,00821780002153,84248,option:name
8000,White,X-Large,00821780002147,84249,option:name
8000,White,2X-Large,00821780002260,84250,option:name
8000,White,3X-Large,00821780002269,84251,option:name
8000,White,4X-Large,00821780032679,84252,option:name
8000,White,5X-Large,00821780032683,84253,option:name
8000,Ash,Small,00821780002289,84067,option:name
8000,Ash,Medium,00821780002290,84068,option:name
8000,Ash,Large,00821780002291,84069,option:name
8000,Ash,X-Large,00821780002149,84070,option:name
8000,Ash,2X-Large,00821780002292,84071,option:name
8000,Ash,3X-Large,00821780002293,84072,option:name
8000,Ash,4X-Large,00821780032681,84073,option:name
8000,Ash,5X-Large,00821780032685,84074,option:name
8000,Black,Small,00821780002280,84083,option:name
8000,Black,Medium,00821780002281,84084,option:name
8000,Black,Large,00821780002282,84085,option:name
8000,Black,X-Large,00821780002261,84086,option:name
8000,Black,2X-Large,00821780002212,84087,option:name
8000,Black,3X-Large,00821780002283,84088,option:name
8000,Black,4X-Large,00821780032680,84089,option:name
8000,Black,5X-Large,00821780032684,84090,option:name
8000,Daisy,Small,00821780002439,92957,option:name
8000,Daisy,Medium,00821780002440,92958,option:name
8000,Daisy,Large,00821780002441,92959,option:name
8000,Daisy,X-Large,00821780002299,92960,option:name
8000,Daisy,2X-Large,00821780002509,92961,option:name
8000,Gold,Small,00821780002414,84115,option:name
8000,Gold,Medium,00821780002415,84116,option:name
8000,Gold,Large,00821780002410,84117,option:name
8000,Gold,X-Large,00821780002300,84118,option:name
8000,Gold,2X-Large,00821780002523,84119,option:name
8000,Gold,3X-Large,00821780002522,84120,option:name
8000,Kelly Green,Small,00821780002314,84154,option:name
8000,Kelly Green,Medium,00821780002315,84155,option:name
8000,Kelly Green,Large,00821780002316,84156,option:name
8000,Kelly Green,X-Large,00821780002303,84157,option:name
8000,Kelly Green,2X-Large,00821780002317,84158,option:name
8000,Maroon,Small,00821780002369,84169,option:name
8000,Maroon,Medium,00821780002311,84170,option:name
8000,Maroon,Large,00821780002312,84171,option:name
8000,Maroon,X-Large,00821780002302,84172,option:name
8000,Maroon,2X-Large,00821780002370,84173,option:name
8000,Maroon,3X-Large,00821780002371,84174,option:name
8000,Navy,Small,00821780002266,84177,option:name
8000,Navy,Medium,00821780002257,84178,option:name
8000,Navy,Large,00821780002258,84179,option:name
8000,Navy,X-Large,00821780002152,84180,option:name
8000,Navy,2X-Large,00821780002259,84181,option:name
8000,Navy,3X-Large,00821780002267,84182,option:name
8000,Orange,Small,00821780002416,84185,option:name
8000,Orange,Medium,00821780002417,84186,option:name
8000,Orange,Large,00821780002411,84187,option:name
8000,Orange,X-Large,00821780002304,84188,option:name
8000,Orange,2X-Large,00821780002418,84189,option:name
8000,Orange,3X-Large,00821780002541,84190,option:name
8000,Purple,Small,00821780002424,84194,option:name
8000,Purple,Medium,00821780002425,84195,option:name
8000,Purple,Large,00821780002412,84196,option:name
8000,Purple,X-Large,00821780002301,84197,option:name
8000,Purple,2X-Large,00821780002426,84198,option:name
8000,Purple,3X-Large,00821780002538,84199,option:name
8000,Red,Small,00821780002284,84202,option:name
8000,Red,Medium,00821780002285,84203,option:name
8000,Red,Large,00821780002286,84204,option:name
8000,Red,X-Large,00821780002265,84205,option:name
8000,Red,2X-Large,00821780002287,84206,option:name
8000,Red,3X-Large,00821780002288,84207,option:name
8000,Royal,Small,00821780002420,84210,option:name
8000,Royal,Medium,00821780002421,84211,option:name
8000,Royal,Large,00821780002409,84212,option:name
8000,Royal,X-Large,00821780002298,84213,option:name
8000,Royal,2X-Large,00821780002422,84214,option:name
8000,Royal,3X-Large,00821780002532,84215,option:name
8000,Safety Green,Small,00821780012690,84218,option:heur
8000,Safety Green,Medium,00821780012691,84219,option:heur
8000,Safety Green,Large,00821780012692,84220,option:heur
8000,Safety Green,X-Large,00821780012693,84221,option:heur
8000,Safety Green,2X-Large,00821780012694,84222,option:heur
8000,Safety Green,3X-Large,00821780013043,84223,option:heur
8000,Lime,Small,00821780004916,92405,option:name
8000,Lime,Medium,00821780004917,92406,option:name
8000,Lime,Large,00821780004918,92407,option:name
8000,Lime,X-Large,00821780004919,92408,option:name
8000,Lime,2X-Large,00821780058542,92409,option:name
8000,Sapphire,Small,00821780003881,92618,option:name
8000,Sapphire,Medium,00821780002524,92619,option:name
8000,Sapphire,Large,00821780002525,92620,option:name
8000,Sapphire,X-Large,00821780002430,92621,option:name
8000,Sapphire,2X-Large,00821780002526,92622,option:name
8000,Daisy,3X-Large,00821780005390,92962,option:name
8000,Daisy,4X-Large,00821780005389,92963,option:name
8000,Daisy,5X-Large,00821780005321,92964,option:name
8000,Kelly Green,3X-Large,00821780002318,84159,option:name
8000,Kelly Green,4X-Large,00821780005341,84160,option:name
8000,Kelly Green,5X-Large,00821780005340,84161,option:name
8000,Lime,3X-Large,00821780005351,92410,option:name
8000,Lime,4X-Large,00821780005350,92411,option:name
8000,Lime,5X-Large,00821780005349,92412,option:name
8000,Sapphire,3X-Large,00821780005371,92623,option:name
8000,Sapphire,4X-Large,00821780005370,92624,option:name
8000,Sapphire,5X-Large,00821780005369,92625,option:name
8000,Gold,4X-Large,00821780005327,84121,option:name
8000,Gold,5X-Large,00821780005334,84122,option:name
8000,Maroon,4X-Large,00821780005348,84175,option:name
8000,Maroon,5X-Large,00821780005347,84176,option:name
8000,Navy,4X-Large,00821780005357,84183,option:name
8000,Navy,5X-Large,00821780005356,84184,option:name
8000,Orange,4X-Large,00821780005355,84191,option:name
8000,Orange,5X-Large,00821780005354,84192,option:name
8000,Purple,4X-Large,00821780005367,84200,option:name
8000,Purple,5X-Large,00821780005366,84201,option:name
8000,Red,4X-Large,00821780005365,84208,option:name
8000,Red,5X-Large,00821780005364,84209,option:name
8000,Royal,4X-Large,00821780005376,84216,option:name
8000,Royal,5X-Large,00821780005375,84217,option:name
8000,Irish Green,Small,00821780000894,84146,option:heur
8000,Irish Green,Medium,00821780000895,84147,option:heur
8000,Irish Green,Large,00821780000896,84148,option:heur
8000,Irish Green,X-Large,00821780000899,84149,option:heur
8000,Irish Green,2X-Large,00821780000900,84150,option:heur
8000,Irish Green,3X-Large,00821780005331,84151,option:heur
8000,Irish Green,4X-Large,00821780005339,84152,option:heur
8000,Irish Green,5X-Large,00821780005338,84153,option:heur
8000,Jade Dome,Small,00821780002528,93055,option:heur
8000,Jade Dome,Medium,00821780002529,93056,option:heur
8000,Jade Dome,Large,00821780002530,93057,option:heur
8000,Jade Dome,X-Large,00821780002313,93058,option:heur
8000,Jade Dome,2X-Large,00821780002531,93059,option:heur
8000,Jade Dome,3X-Large,00821780005337,93060,option:heur
8000,Jade Dome,4X-Large,00821780005336,93061,option:heur
8000,Jade Dome,5X-Large,00821780005335,205954,option:heur
8000,Sand,Small,00821780009448,84224,option:name
8000,Sand,Medium,00821780009449,84225,option:name
8000,Sand,Large,00821780009450,84226,option:name
8000,Sand,X-Large,00821780009451,84227,option:name
8000,Sand,2X-Large,00821780009452,84228,option:name
8000,Sand,3X-Large,00821780005374,84229,option:name
8000,Texas Orange,Small,00821780066829,92758,option:name
8000,Texas Orange,Medium,00821780066835,92759,option:name
8000,Texas Orange,Large,00821780066385,92760,option:name
8000,Texas Orange,X-Large,00821780066839,92761,option:name
8000,Texas Orange,2X-Large,00821780066844,92762,option:name
8000,Texas Orange,3X-Large,00821780066853,92763,option:name
8000,Texas Orange,4X-Large,00821780005384,92764,option:name
8000,Texas Orange,5X-Large,00821780005383,92765,option:name
8000,Orchid,Small,00821780072237,93315,option:name
8000,Orchid,Medium,00821780072238,93316,option:name
8000,Orchid,Large,00821780072239,93317,option:name
8000,Orchid,X-Large,00821780072240,93318,option:name
8000,Orchid,2X-Large,00821780072241,93319,option:name
8000,Orchid,3X-Large,00821780005363,93320,option:name
8000,Safety Green,4X-Large,00191675022289,205943,option:heur
8000,Safety Green,5X-Large,00191675022296,205958,option:heur
8000,Dark Navy,2X-Large,00191675022760,205936,option:name
8000,Dark Navy,3X-Large,00191675022777,205937,option:name
8000,Dark Navy,Large,00191675022746,206004,option:name
8000,Dark Navy,Medium,00191675022739,206005,option:name
8000,Dark Navy,Small,00191675022722,206006,option:name
8000,Dark Navy,X-Large,00191675022753,206007,option:name
8000B,White,X-Small,00821780003450,26519,option:name
8000B,White,Small,00821780003477,27089,option:name
8000B,White,Medium,00821780002688,26521,option:name
8000B,White,Large,00821780003403,26522,option:name
8000B,Ash,X-Small,00821780003446,26393,option:name
8000B,Ash,Small,00821780003473,27068,option:name
8000B,Ash,Medium,00821780002451,26395,option:name
8000B,Ash,Large,00821780002452,26396,option:name
8000B,Black,X-Small,00821780003430,26401,option:name
8000B,Black,Small,00821780003461,27069,option:name
8000B,Black,Medium,00821780003487,26403,option:name
8000B,Black,Large,00821780002442,26404,option:name
8000B,Gold,X-Small,00821780003423,26433,option:name
8000B,Gold,Small,00821780003452,27074,option:name
8000B,Gold,Medium,00821780003480,26435,option:name
8000B,Gold,Large,00821780002419,26436,option:name
8000B,Kelly Green,X-Small,00821780003418,26460,option:name
8000B,Kelly Green,Small,00821780002320,27077,option:name
8000B,Kelly Green,Medium,00821780003421,26462,option:name
8000B,Kelly Green,Large,00821780003422,26463,option:name
8000B,Maroon,Small,00821780003471,26472,option:name
8000B,Maroon,Medium,00821780002450,26473,option:name
8000B,Maroon,Large,00821780003414,26474,option:name
8000B,Orange,X-Small,00821780003432,26480,option:name
8000B,Orange,Small,00821780003463,27083,option:name
8000B,Orange,Medium,00821780003489,26482,option:name
8000B,Orange,Large,00821780002443,26483,option:name
8000B,Purple,X-Small,00821780003440,26485,option:name
8000B,Purple,Small,00821780003469,27084,option:name
8000B,Purple,Medium,00821780002448,26487,option:name
8000B,Purple,Large,00821780002449,26488,option:name
8000B,Red,X-Small,00821780003433,26490,option:name
8000B,Red,Small,00821780003465,27085,option:name
8000B,Red,Medium,00821780003491,26492,option:name
8000B,Red,Large,00821780003412,26493,option:name
8000B,Royal,X-Small,00821780003435,26495,option:name
8000B,Royal,Small,00821780003466,27086,option:name
8000B,Royal,Medium,00821780003494,26392,option:name
8000B,Royal,Large,00821780002444,26498,option:name
8000B,Lime,Small,00821780004941,26465,option:name
8000B,Lime,Medium,00821780004942,26466,option:name
8000B,Lime,Large,00821780004943,26467,option:name
8000B,Sapphire,Small,00821780002744,26511,option:name
8000B,Sapphire,Medium,00821780002423,26512,option:name
8000B,Sapphire,Large,00821780002427,26513,option:name
8000B,Electric Green,X-Small,00821780000500,26424,option:heur
8000B,Electric Green,Small,00821780000501,27073,option:heur
8000B,Electric Green,Medium,00821780000502,26426,option:heur
8000B,Electric Green,Large,00821780000503,26427,option:heur
8000B,Black,X-Large,00821780017419,26405,option:name
8000B,Gold,X-Large,00821780077686,26437,option:name
8000B,Maroon,X-Large,00821780077691,26388,option:name
8000B,Orange,X-Large,00821780077690,26484,option:name
8000B,Purple,X-Large,00821780017505,26489,option:name
8000B,Red,X-Large,00821780017421,26494,option:name
8000B,Royal,X-Large,00821780017420,26499,option:name
8000B,White,X-Large,00821780017466,26523,option:name
8000B,Ash,X-Large,00821780077692,26397,option:name
8000B,Electric Green,X-Large,00821780042499,26428,option:heur
8000B,Kelly Green,X-Large,00821780077685,26464,option:name
8000B,Gravel,Large,00191675069598,26440,option:name
8000B,Gravel,Medium,00191675069581,26439,option:name
8000B,Gravel,Small,00191675069574,26438,option:name
8000B,Gravel,X-Large,00191675069604,26441,option:name
8800,White,Large,00821780002373,35594,option:name
8800,Sport Grey,Small,00821780002517,35591,option:heur
8800,Sport Grey,Medium,00821780002518,35592,option:heur
8800,Sport Grey,2X-Large,00821780002521,35593,option:heur
8800,Black,Small,00821780002513,35577,option:name
8800,Black,Medium,00821780002386,35578,option:name
8800,Black,Large,00821780002392,35579,option:name
8800,Black,X-Large,00821780002398,35580,option:name
8800,Black,2X-Large,00821780002405,35581,option:name
8800,Black,3X-Large,00821780002549,35582,option:name
8800,Royal,Small,00821780002515,35583,option:name
8800,Royal,Medium,00821780002388,35584,option:name
8800,Royal,Large,00821780002394,35585,option:name
8800,Royal,X-Large,00821780002400,35586,option:name
8800,Royal,2X-Large,00821780002407,35587,option:name
8800,Royal,3X-Large,00821780002551,35588,option:name
8800,Royal,4X-Large,00821780033089,35589,option:name
8800,Royal,5X-Large,00821780033097,35590,option:name
2000,Natural,Small,00821780001028,163839,option:name
2000,Natural,Medium,00821780001087,162136,option:name
2000,Natural,Large,00821780001125,163710,option:name
2000,Natural,X-Large,00821780001150,162064,option:name
2000,Natural,2X-Large,00821780001177,162132,option:name
2000,Natural,3X-Large,00821780001115,163571,option:name
2000,White,Small,00821780003735,163823,option:name
2000,White,Medium,00821780001001,161992,option:name
2000,White,Large,00821780001002,163717,option:name
2000,White,X-Large,00821780001003,161967,option:name
2000,White,2X-Large,00821780001004,162042,option:name
2000,White,3X-Large,00821780001005,161940,option:name
2000,White,4X-Large,00821780010503,162022,option:name
2000,White,5X-Large,00821780032161,162128,option:name
2000,Ash,Small,00821780001012,162178,option:name
2000,Ash,Medium,00821780003726,161981,option:name
2000,Ash,Large,00821780003727,163703,option:name
2000,Ash,X-Large,00821780003729,161970,option:name
2000,Ash,2X-Large,00821780003731,161980,option:name
2000,Ash,3X-Large,00821780001017,162087,option:name
2000,Ash,4X-Large,00821780010505,161957,option:name
2000,Black,Small,00821780001018,162045,option:name
2000,Black,Medium,00821780001019,163758,option:name
2000,Black,Large,00821780001020,162171,option:name
2000,Black,X-Large,00821780001021,162078,option:name
2000,Black,2X-Large,00821780001022,162086,option:name
2000,Black,3X-Large,00821780001023,161977,option:name
2000,Black,4X-Large,00821780010504,161968,option:name
2000,Black,5X-Large,00821780032183,162012,option:name
2000,Charcoal,Small,00821780001069,163822,option:name
2000,Charcoal,Medium,00821780001093,163763,option:name
2000,Charcoal,Large,00821780001131,162111,option:name
2000,Charcoal,X-Large,00821780001162,162174,option:name
2000,Charcoal,2X-Large,00821780001186,162036,option:name
2000,Charcoal,3X-Large,00821780004709,163565,option:name
2000,Daisy,Small,00821780001453,162137,option:name
2000,Daisy,Medium,00821780001455,163775,option:name
2000,Daisy,Large,00821780001493,163697,option:name
2000,Daisy,X-Large,00821780001571,163895,option:name
2000,Daisy,2X-Large,00821780001460,163520,option:name
2000,Daisy,3X-Large,00821780009935,162035,option:name
2000,Gold,Small,00821780002997,163832,option:name
2000,Gold,Medium,00821780001084,161982,option:name
2000,Gold,Large,00821780001122,162110,option:name
2000,Gold,X-Large,00821780001146,162020,option:name
2000,Gold,2X-Large,00821780001173,163522,option:name
2000,Gold,3X-Large,00821780029535,162166,option:name
2000,Iris,Small,00821780004987,163824,option:name
2000,Iris,Medium,00821780004988,163765,option:name
2000,Iris,Large,00821780004989,163692,option:name
2000,Iris,X-Large,00821780004990,163879,option:name
2000,Iris,2X-Large,00821780004991,100108,option:name
2000,Kelly Green,Small,00821780030117,162008,option:name
2000,Kelly Green,Medium,00821780030118,162160,option:name
2000,Kelly Green,Large,00821780030119,163693,option:name
2000,Kelly Green,X-Large,00821780030120,162180,option:name
2000,Kelly Green,2X-Large,00821780030121,163511,option:name
2000,Kelly Green,3X-Large,00821780030122,163577,option:name
2000,Light Blue,Small,00821780009362,162167,option:name
2000,Light Blue,Medium,00821780009363,163764,option:name
2000,Light Blue,Large,00821780009364,163711,option:name
2000,Light Blue,X-Large,00821780009365,162141,option:name
2000,Light Blue,2X-Large,00821780009366,161986,option:name
2000,Light Blue,3X-Large,00821780030152,162101,option:name
2000,Lime,Small,00821780003742,163831,option:name
2000,Lime,Medium,00821780003741,162162,option:name
2000,Lime,Large,00821780003739,162017,option:name
2000,Lime,X-Large,00821780003738,163886,option:name
2000,Lime,2X-Large,00821780003736,162071,option:name
2000,Lime,3X-Large,00821780009934,163574,option:name
2000,Maroon,Small,00821780002583,162016,option:name
2000,Maroon,Medium,00821780001103,163778,option:name
2000,Maroon,Large,00821780001140,163705,option:name
2000,Maroon,X-Large,00821780001154,163889,option:name
2000,Maroon,2X-Large,00821780001202,162179,option:name
2000,Maroon,3X-Large,00821780001120,162156,option:name
2000,Orange,Small,00821780002582,161964,option:name
2000,Orange,Medium,00821780001089,163774,option:name
2000,Orange,Large,00821780001127,163706,option:name
2000,Orange,X-Large,00821780001158,162120,option:name
2000,Orange,2X-Large,00821780001181,163508,option:name
2000,Orange,3X-Large,00821780001117,162172,option:name
2000,Purple,Small,00821780003002,162126,option:name
2000,Purple,Medium,00821780001102,161955,option:name
2000,Purple,Large,00821780001139,162031,option:name
2000,Purple,X-Large,00821780001155,162168,option:name
2000,Purple,2X-Large,00821780001200,163512,option:name
2000,Purple,3X-Large,00821780001430,162102,option:name
2000,Red,Small,00821780001068,163825,option:name
2000,Red,Medium,00821780001092,163771,option:name
2000,Red,Large,00821780001130,162076,option:name
2000,Red,X-Large,00821780001161,162026,option:name
2000,Red,2X-Large,00821780001184,162106,option:name
2000,Red,3X-Large,00821780001118,163576,option:name
2000,Red,4X-Large,00821780030145,162001,option:name
2000,Red,5X-Large,00821780032184,163654,option:name
2000,Royal,Small,00821780001071,163813,option:name
2000,Royal,Medium,00821780001095,163760,option:name
2000,Royal,Large,00821780001133,163691,option:name
2000,Royal,X-Large,00821780001164,163891,option:name
2000,Royal,2X-Large,00821780001189,162073,option:name
2000,Royal,3X-Large,00821780001119,161943,option:name
2000,Royal,4X-Large,00821780030146,161956,option:name
2000,Royal,5X-Large,00821780032185,163655,option:name
2000,Sand,Small,00821780001066,163835,option:name
2000,Sand,Medium,00821780002999,163767,option:name
2000,Sand,Large,00821780001128,163713,option:name
2000,Sand,X-Large,00821780001159,162002,option:name
2000,Sand,2X-Large,00821780002998,162055,option:name
2000,Sand,3X-Large,00821780030150,163566,option:name
2000,Sapphire,Small,00821780001063,163819,option:name
2000,Sapphire,Medium,00821780001085,163780,option:name
2000,Sapphire,Large,00821780001123,163708,option:name
2000,Sapphire,X-Large,00821780001148,162113,option:name
2000,Sapphire,2X-Large,00821780001174,162060,option:name
2000,Stone Blue,Small,00821780001405,163830,option:heur
2000,Stone Blue,Medium,00821780001407,161938,option:heur
2000,Stone Blue,Large,00821780003938,162148,option:heur
2000,Stone Blue,X-Large,00821780001558,161990,option:heur
2000,Stone Blue,2X-Large,00821780001410,163521,option:heur
2000,Stone Blue,3X-Large,00821780030148,163581,option:heur
2000,Tan,Small,00821780001080,163828,option:name
2000,Tan,Medium,00821780001105,162176,option:name
2000,Tan,Large,00821780001142,161953,option:name
2000,Tan,X-Large,00821780001153,163885,option:name
2000,Tan,2X-Large,00821780001206,162089,option:name
2000,Vegas Gold,Small,00821780029570,163816,option:name
2000,Vegas Gold,Medium,00821780029571,161947,option:name
2000,Vegas Gold,Large,00821780029572,162021,option:name
2000,Vegas Gold,X-Large,00821780029573,162159,option:name
2000,Vegas Gold,2X-Large,00821780029574,163528,option:name
2000,Vegas Gold,3X-Large,00821780042150,163563,option:name
2000,Irish Green,Small,00821780054552,161950,option:heur
2000,Irish Green,Medium,00821780054553,162039,option:heur
2000,Irish Green,Large,00821780054554,162091,option:heur
2000,Irish Green,X-Large,00821780054555,163896,option:heur
2000,Irish Green,2X-Large,00821780054556,161962,option:heur
2000,Irish Green,3X-Large,00821780054557,162037,option:heur
2000,Gold,4X-Large,00821780059977,163616,option:name
2000,Maroon,4X-Large,00821780061828,163617,option:name
2000,Iris,3X-Large,00821780088857,100107,option:name
2000,Sapphire,3X-Large,00821780040346,162052,option:name
2000,Tan,3X-Large,00821780000806,163582,option:name
2000,Charcoal,4X-Large,00821780072296,162092,option:name
2000,Charcoal,5X-Large,00821780072298,163656,option:name
2000,Gold,5X-Large,00821780066285,163653,option:name
2000,Light Blue,4X-Large,00821780039479,161942,option:name
2000,Light Blue,5X-Large,00821780039480,162154,option:name
2000,Purple,4X-Large,00821780059984,163611,option:name
2000,Purple,5X-Large,00821780092332,162047,option:name
2000,Maroon,5X-Large,00821780066259,162072,option:name
2000,Kiwi,Small,00821780072113,163827,option:name
2000,Kiwi,Medium,00821780072114,162177,option:name
2000,Kiwi,Large,00821780072115,163715,option:name
2000,Kiwi,X-Large,00821780072116,163899,option:name
2000,Kiwi,2X-Large,00821780072117,162158,option:name
2000,Kiwi,3X-Large,00821780072154,162063,option:name
2000,Daisy,4X-Large,00821780005489,163619,option:name
2000,Kelly Green,4X-Large,00821780059973,162074,option:name
2000,Kelly Green,5X-Large,00821780005531,162041,option:name
2000,Kiwi,4X-Large,00821780005499,161991,option:name
2000,Kiwi,5X-Large,00821780005532,163652,option:name
2000,Lime,4X-Large,00821780061816,163620,option:name
2000,Lime,5X-Large,00821780005533,162070,option:name
2000,Orange,4X-Large,00821780059983,162065,option:name
2000,Orange,5X-Large,00821780066275,162061,option:name
2000,Sapphire,4X-Large,00821780005513,163622,option:name
2000,Sapphire,5X-Large,00821780005540,163651,option:name
2000,Galapagos Blue,Small,00821780008167,163812,option:heur
2000,Galapagos Blue,Medium,00821780008172,162043,option:heur
2000,Galapagos Blue,Large,00821780008171,163709,option:heur
2000,Galapagos Blue,X-Large,00821780008170,163903,option:heur
2000,Galapagos Blue,2X-Large,00821780008169,162118,option:heur
2000,Galapagos Blue,3X-Large,00821780008175,161969,option:heur
2200,White,Small,00821780010508,199085,option:name
2200,White,Medium,00821780001847,199084,option:name
2200,White,Large,00821780001848,199083,option:name
2200,White,X-Large,00821780001849,199082,option:name
2200,White,2X-Large,00821780001850,199081,option:name
2200,Black,Small,00821780010509,199105,option:name
2200,Black,Medium,00821780001859,199104,option:name
2200,Black,Large,00821780001860,199103,option:name
2200,Black,X-Large,00821780001861,199102,option:name
2200,Black,2X-Large,00821780001862,199101,option:name
2200,Red,Small,00821780010511,199095,option:name
2200,Red,Medium,00821780009377,199094,option:name
2200,Red,Large,00821780009378,199093,option:name
2200,Red,X-Large,00821780009379,199092,option:name
2200,Red,2X-Large,00821780009380,199091,option:name
2200,White,3X-Large,00821780029498,199080,option:name
18600,White,Small,00821780057921,161814,option:name
18600,White,Medium,00821780057922,161869,option:name
18600,White,Large,00821780057923,161848,option:name
18600,White,X-Large,00821780057924,161847,option:name
18600,White,2X-Large,00821780057925,161859,option:name
18600,Black,Small,00821780057931,161865,option:name
18600,Black,Medium,00821780057932,161818,option:name
18600,Black,Large,00821780057933,161791,option:name
18600,Black,X-Large,00821780057934,161824,option:name
18600,Black,2X-Large,00821780057935,161838,option:name
18600,Red,Small,00821780057936,161863,option:name
18600,Red,Medium,00821780057937,161846,option:name
18600,Red,Large,00821780057938,161867,option:name
18600,Red,X-Large,00821780057939,161881,option:name
18600,Red,2X-Large,00821780057940,161793,option:name
18600,Royal,Small,00821780057941,161816,option:name
18600,Royal,Medium,00821780057942,161866,option:name
18600,Royal,Large,00821780057943,161802,option:name
18600,Royal,X-Large,00821780057944,161858,option:name
18600,Royal,2X-Large,00821780057945,161883,option:name
18600,Black,3X-Large,00821780078181,161860,option:name
18600,Carolina Blue,Small,00821780078195,161811,option:heur
18600,Carolina Blue,Medium,00821780078197,161826,option:heur
18600,Carolina Blue,Large,00821780078198,161837,option:heur
18600,Carolina Blue,X-Large,00821780078199,161851,option:heur
18600,Carolina Blue,2X-Large,00821780078200,161884,option:heur
18600,Black,4X-Large,00821780016811,161844,option:name
18600,Black,5X-Large,00821780016810,161874,option:name
18600,Red,3X-Large,00821780016821,161855,option:name
18600,Red,4X-Large,00821780016820,161825,option:name
18600,Red,5X-Large,00821780016819,161808,option:name
18600,Maroon,Small,00821780078188,161854,option:name
18600,Maroon,Medium,00821780078189,161829,option:name
18600,Maroon,Large,00821780078191,161852,option:name
18600,Maroon,X-Large,00821780078192,161879,option:name
18600,Maroon,2X-Large,00821780078193,161836,option:name
18600,Maroon,3X-Large,00821780016840,161798,option:name
18600,Purple,Small,00821780000852,161795,option:name
18600,Purple,Medium,00821780000851,161828,option:name
18600,Purple,Large,00821780000855,161861,option:name
18600,Purple,X-Large,00821780000854,161822,option:name
18600,Purple,2X-Large,00821780000853,161830,option:name
18600,Safety Green,Small,00821780017024,161876,option:name
18600,Safety Green,Medium,00821780017025,161880,option:name
18600,Safety Green,Large,00821780017026,161813,option:name
18600,Safety Green,X-Large,00821780017027,161819,option:name
18600,Safety Green,2X-Large,00821780017028,161853,option:name
L469,Black,Small,00191265100687,53873,option:name
L469,Black,Medium,00191265100694,53874,option:name
L469,Black,Large,00191265100717,53875,option:name
L469,Black,X-Large,00191265100724,53876,option:name
L469,Black,2X-Large,00191265100663,53877,option:name
L469,Royal,Small,00191265101479,53894,option:name
L469,Royal,Medium,00191265101509,53895,option:name
L469,Royal,Large,00191265101516,53896,option:name
L469,Royal,X-Large,00191265101523,53897,option:name
L469,Royal,2X-Large,00191265101455,53898,option:name
L469,Purple,Small,00191265101325,53889,option:name
L469,Purple,Medium,00191265101332,53890,option:name
L469,Purple,Large,00191265101356,53891,option:name
L469,Purple,X-Large,00191265101363,53892,option:name
L469,Purple,2X-Large,00191265101301,53893,option:name
L469,Royal,3X-Large,00191265101486,53899,option:name
K467,Steel/ Black,Small,00191265098762,53277,option:name
K467,Steel/ Black,Medium,00191265098786,53278,option:name
K467,Steel/ Black,Large,00191265098793,53279,option:name
K467,Steel/ Black,X-Large,00191265098809,53280,option:name
K467,Steel/ Black,2X-Large,00191265098748,53281,option:name
K467,Steel/ Black,3X-Large,00191265098755,53282,option:name
K467,White/ Black,Small,00191265098847,50371,option:abbrev
K467,White/ Black,Medium,00191265098861,50372,option:abbrev
K467,White/ Black,Large,00191265098878,50373,option:abbrev
K467,White/ Black,X-Large,00191265098885,50374,option:abbrev
K467,White/ Black,2X-Large,00191265098823,50375,option:abbrev
K467,White/ Black,3X-Large,00191265098830,50376,option:abbrev
203690,Black,X-Small,00883153192668,198992,option:name
203690,Black,Small,00883153192675,198993,option:name
203690,Black,Medium,00883153192682,198991,option:name
203690,Black,Large,00883153192699,198990,option:name
203690,Black,X-Large,00883153192705,198989,option:name
203690,Black,2X-Large,00883153192712,198988,option:name
203690,Black,3X-Large,00883153192729,198987,option:name
203690,Black,4X-Large,00883153192736,198986,option:name
203690,White,X-Small,00883153192743,198984,option:name
203690,White,Small,00883153192750,198985,option:name
203690,White,Medium,00883153192767,198983,option:name
203690,White,Large,00883153192774,198982,option:name
203690,White,X-Large,00883153192781,198981,option:name
203690,White,2X-Large,00883153192798,198980,option:name
203690,White,3X-Large,00883153192804,198979,option:name
203690,White,4X-Large,00883153192811,198978,option:name
203690,Midnight Navy,X-Small,00883153192903,198976,option:heur
203690,Midnight Navy,Small,00883153192910,198977,option:heur
203690,Midnight Navy,Medium,00883153192927,198975,option:heur
203690,Midnight Navy,Large,00883153192934,198974,option:heur
203690,Midnight Navy,X-Large,00883153192941,198973,option:heur
203690,Midnight Navy,2X-Large,00883153192958,198972,option:heur
203690,Midnight Navy,3X-Large,00883153192965,198971,option:heur
203690,Midnight Navy,4X-Large,00883153192972,198970,option:heur
203690,University Blue,X-Small,00883153192989,198936,option:heur
203690,University Blue,Small,00883153192996,198937,option:heur
203690,University Blue,Medium,00883153193009,198935,option:heur
203690,University Blue,Large,00883153193016,198934,option:heur
203690,University Blue,X-Large,00883153193023,198933,option:heur
203690,University Blue,2X-Large,00883153193030,198932,option:heur
203690,University Blue,3X-Large,00883153193047,198931,option:heur
203690,University Blue,4X-Large,00883153193054,198930,option:heur
203690,Olive Khaki,X-Small,00091202468613,198952,option:heur
203690,Olive Khaki,Small,00091202468620,198953,option:heur
203690,Olive Khaki,Medium,00091202468637,198951,option:heur
203690,Olive Khaki,Large,00091202468644,198950,option:heur
203690,Olive Khaki,X-Large,00091202468651,198949,option:heur
203690,Olive Khaki,2X-Large,00091202471941,198948,option:heur
203690,Olive Khaki,3X-Large,00091202471958,198947,option:heur
203690,Olive Khaki,4X-Large,00091202471965,198946,option:heur
203690,Lucky Green,X-Small,00886060446145,198960,option:heur
203690,Lucky Green,Small,00886060446152,198961,option:heur
203690,Lucky Green,Medium,00886060446169,198959,option:heur
203690,Lucky Green,Large,00886060446176,198958,option:heur
203690,Lucky Green,X-Large,00886060446183,198957,option:heur
203690,Lucky Green,2X-Large,00886060446190,198956,option:heur
203690,Lucky Green,3X-Large,00886060446206,198955,option:heur
203690,Lucky Green,4X-Large,00886060446213,198954,option:heur
203690,Varsity Purple,X-Small,00666003900220,198928,option:heur
203690,Varsity Purple,Small,00666003900237,198929,option:heur
203690,Varsity Purple,Medium,00666003900244,198927,option:heur
203690,Varsity Purple,Large,00666003900251,198926,option:heur
203690,Varsity Purple,X-Large,00666003900268,198925,option:heur
203690,Varsity Purple,2X-Large,00666003900367,198924,option:heur
203690,Varsity Purple,3X-Large,00666003900374,198923,option:heur
203690,Varsity Purple,4X-Large,00666003900381,198922,option:heur
203690,Varsity Royal,X-Small,00666003899388,198920,option:heur
203690,Varsity Royal,Small,00666003899470,198921,option:heur
203690,Varsity Royal,Medium,00666003899487,198919,option:heur
203690,Varsity Royal,Large,00666003899500,198918,option:heur
203690,Varsity Royal,X-Large,00666003900183,198917,option:heur
203690,Varsity Royal,2X-Large,00666003900190,198916,option:heur
203690,Varsity Royal,3X-Large,00666003900206,198915,option:heur
203690,Varsity Royal,4X-Large,00666003900213,198914,option:heur
203697,Black,Small,00883153193467,199019,option:name
203697,Black,Medium,00883153193474,199018,option:name
203697,Black,Large,00883153193481,199017,option:name
203697,Black,X-Large,00883153193498,199016,option:name
203697,Black,2X-Large,00883153193504,199015,option:name
203697,White,2X-Large,00883153193559,199000,option:name
203697,White,Small,00883153193511,199004,option:name
203697,White,Medium,00883153193528,199003,option:name
203697,White,Large,00883153193535,199002,option:name
203697,White,X-Large,00883153193542,199001,option:name
TLS608,Red/ Light Stone,Large Tall,00191265345897,110312,option:abbrev
L468V,White,X-Large,,127369,option:name
L468V,White,2X-Large,,127363,option:name
L468V,White,3X-Large,,127364,option:name
L468V,White,4X-Large,,127365,option:name
T474,Black,X-Small,00191265068055,79471,mainframe
T474,Black,Small,00191265068079,81111,option:name
T474,Black,Medium,00191265068093,81049,option:name
T474,Black,Large,00191265068109,80976,option:name
T474,Black,X-Large,00191265068116,81153,option:name
T474,Black,2X-Large,00191265068048,80776,option:name
T474,Black,3X-Large,00191265068062,80859,option:name
T474,Black,4X-Large,00191265068086,80921,option:name
T474,Navy,Medium,00191265068567,81051,option:name
T474,Navy,Large,00191265068581,80978,option:name
T474,Navy,X-Large,00191265068598,81155,option:name
T474,Navy,2X-Large,00191265068529,80778,option:name
T474,Navy,3X-Large,00191265068550,80861,option:name
T474,Steel,Small,00191265068796,82574,option:name
T474,Steel,Medium,00191265068802,82573,option:name
T474,Steel,Large,00191265068826,82572,option:name
T474,Steel,X-Large,00191265068833,82575,option:name
T474,Steel,2X-Large,00191265068772,82570,option:name
T474,Steel,3X-Large,00191265068789,82571,option:name
T474,Royal,X-Small,00191265068604,79501,mainframe
T474,Royal,Small,00191265068628,81114,option:name
T474,Royal,Medium,00191265068659,81053,option:name
T474,Royal,Large,00191265068666,80980,option:name
T474,Royal,X-Large,00191265068673,81157,option:name
T474,Royal,2X-Large,00191265068611,80780,option:name
T474,Royal,3X-Large,00191265068635,80863,option:name
T474,Royal,4X-Large,00191265068642,80924,option:name
T474,White,Small,00191265068871,79517,mainframe
T474,White,Medium,00191265068895,81055,option:name
T474,White,Large,00191265068901,80982,option:name
T474,White,X-Large,00191265068918,81159,option:name
T474,White,2X-Large,00191265068840,80782,option:name
T474,White,3X-Large,00191265068864,80865,option:name
K525,Black,Small,00191265513814,50576,option:name
K525,Black,Medium,00191265513838,50577,option:name
K525,Black,Large,00191265513852,50578,option:name
K525,Black,X-Large,00191265513876,50579,option:name
K525,Black,2X-Large,00191265513791,50580,option:name
K525,Black,3X-Large,00191265513821,50581,option:name
K525,Black,4X-Large,00191265513845,50582,option:name
K525,Black,5X-Large,00191265513869,50583,option:name
F280,Black,X-Small,00191265350259,48795,mainframe
F280,Black,Small,00191265350273,48795,option:name
F280,Black,Medium,00191265350280,48797,option:name
F280,Black,Large,00191265350303,48798,option:name
F280,Black,X-Large,00191265350310,48799,option:name
F280,Black,2X-Large,00191265350242,48800,option:name
F280,Black,3X-Large,00191265350266,48801,option:name
F280,Black,4X-Large,00191265350297,48802,option:name
F281,Athletic Heather,Small,00191265350662,51824,option:name
F281,Athletic Heather,Medium,00191265350693,51826,option:name
F281,Athletic Heather,Large,00191265350709,51827,option:name
F281,Athletic Heather,X-Large,00191265350716,51828,option:name
F281,Athletic Heather,2X-Large,00191265350655,51829,option:name
F281,Athletic Heather,3X-Large,00191265350679,51830,option:name
F281,Black,Small,00191265350754,48828,option:name
F281,Black,Medium,00191265350778,48829,option:name
F281,Black,Large,00191265350785,48830,option:name
F281,Black,X-Large,00191265350792,48831,option:name
F281,Black,2X-Large,00191265350723,48832,option:name
F281,Black,3X-Large,00191265350747,48833,option:name
F281,Black,4X-Large,00191265350761,48834,option:name
F281,Red,Small,00191265351232,48873,option:name
F281,Red,Medium,00191265351249,48874,option:name
F281,Red,Large,00191265351263,48875,option:name
F281,Red,X-Large,00191265351270,48876,option:name
F281,Red,2X-Large,00191265351201,48877,option:name
F281,Red,3X-Large,00191265351225,48878,option:name
F281,Red,4X-Large,00191265351256,48879,option:name
F281,Royal,Small,00191265351317,48880,option:name
F281,Royal,Medium,00191265351324,48881,option:name
F281,Royal,Large,00191265351348,48882,option:name
F281,Royal,X-Large,00191265351355,48883,option:name
F281,Royal,2X-Large,00191265351294,48884,option:name
F281,Royal,3X-Large,00191265351300,48885,option:name
F281,Dark Green,Small,00191265350907,48841,option:name
F281,Dark Green,Medium,00191265350921,48842,option:name
F281,Dark Green,Large,00191265350945,48843,option:name
F281,Dark Green,X-Large,00191265350952,48844,option:name
F281,Dark Green,2X-Large,00191265350884,48845,option:name
F281,Maroon,Small,00191265351065,48854,option:name
F281,Maroon,Medium,00191265351089,48855,option:name
F281,Maroon,Large,00191265351102,48856,option:name
F281,Maroon,X-Large,00191265351119,48857,option:name
F281,Maroon,2X-Large,00191265351058,48858,option:name
F281,Maroon,3X-Large,00191265351072,48859,option:name
F281,Orange,Small,00191265351157,48868,option:name
F281,Orange,Medium,00191265351171,48869,option:name
F281,Orange,Large,00191265351188,48870,option:name
F281,Orange,X-Large,00191265351195,48871,option:name
F281,Orange,2X-Large,00191265351133,48872,option:name
S535,Blue,Small,00191265200813,73631,option:name
S535,Blue,Medium,00191265200837,73632,option:name
S535,Blue,Large,00191265200844,73633,option:name
S535,Blue,X-Large,00191265200851,73634,option:name
S535,Blue,2X-Large,00191265200790,73635,option:name
S535,Blue,3X-Large,00191265200806,73636,option:name
S535,Blue,4X-Large,00191265200820,73637,option:name
267020,White,Small,00885259624487,199199,option:name
267020,White,Medium,00885259624494,199198,option:name
267020,White,Large,00885259624500,199197,option:name
267020,White,X-Large,00885259624517,199196,option:name
267020,White,2X-Large,00885259624524,199195,option:name
267020,White,3X-Large,00885259624531,199194,option:name
267020,Black,Small,00885259624401,199205,option:name
267020,Black,Medium,00885259624418,199204,option:name
267020,Black,Large,00885259624425,199203,option:name
267020,Black,X-Large,00885259624432,199202,option:name
267020,Black,2X-Large,00885259624449,199201,option:name
267020,Black,3X-Large,00885259624456,199200,option:name
266998,White,X-Small,00885259623244,199160,option:name
266998,White,Small,00885259623251,199161,option:name
266998,White,Medium,00885259623268,199159,option:name
266998,White,Large,00885259623275,199158,option:name
266998,White,X-Large,00885259623282,199157,option:name
266998,White,2X-Large,00885259623299,199156,option:name
266998,White,3X-Large,00885259623305,199155,option:name
266998,White,4X-Large,00885259623312,199154,option:name
266998,Anthracite,X-Small,00885259818350,199152,option:name
266998,Anthracite,Small,00885259818367,199153,option:name
266998,Anthracite,Medium,00885259818374,199151,option:name
266998,Anthracite,Large,00885259818381,199150,option:name
266998,Anthracite,X-Large,00885259818398,199149,option:name
266998,Anthracite,2X-Large,00885259818404,199148,option:name
266998,Anthracite,3X-Large,00885259818411,199147,option:name
266998,Anthracite,4X-Large,00885259818428,199146,option:name
266998,Navy,X-Small,00885259818435,199168,option:name
266998,Navy,Small,00885259818442,199169,option:name
266998,Navy,Medium,00885259818459,199167,option:name
266998,Navy,Large,00885259818466,199166,option:name
266998,Navy,X-Large,00885259818473,199165,option:name
266998,Navy,2X-Large,00885259818480,199164,option:name
266998,Navy,3X-Large,00885259818497,199163,option:name
266998,Navy,4X-Large,00885259818503,199162,option:name
266998,Black,X-Small,00885259623169,199176,option:name
266998,Black,Small,00885259623176,199177,option:name
266998,Black,Medium,00885259623183,199175,option:name
266998,Black,Large,00885259623190,199174,option:name
266998,Black,X-Large,00885259623206,199173,option:name
266998,Black,2X-Large,00885259623213,199172,option:name
266998,Black,3X-Large,00885259623220,199171,option:name
266998,Black,4X-Large,00885259623237,199170,option:name
8300,Orange,Small,00821780078921,167772,option:name
8300,Orange,Medium,00821780010616,167765,option:name
8300,Orange,Large,00821780010617,167760,option:name
8300,Orange,X-Large,00821780010618,167781,option:name
8300,Orange,2X-Large,00821780010619,167739,option:name
8300,Orange,3X-Large,00821780010620,167746,option:name
8300,Black,Small,00821780077300,167775,option:name
8300,Black,Medium,00821780002874,167763,option:name
8300,Black,Large,00821780002875,167758,option:name
8300,Black,X-Large,00821780002876,167783,option:name
8300,Black,2X-Large,00821780002716,167735,option:name
8300,Black,3X-Large,00821780009544,167744,option:name
8300,Navy,Small,00821780077298,167771,option:name
8300,Navy,Medium,00821780002872,167767,option:name
8300,Navy,Large,00821780002873,167756,option:name
8300,Navy,X-Large,00821780002811,167786,option:name
8300,Navy,2X-Large,00821780002715,167736,option:name
8300,Navy,3X-Large,00821780009543,167751,option:name
8300,Red,Small,00821780078922,167773,option:name
8300,Red,Medium,00821780002717,167766,option:name
8300,Red,Large,00821780002718,167757,option:name
8300,Red,X-Large,00821780002719,167785,option:name
8300,Red,2X-Large,00821780002720,167737,option:name
8300,Royal,Small,00821780078923,167778,option:name
8300,Royal,Medium,00821780002721,167764,option:name
8300,Royal,Large,00821780002722,167753,option:name
8300,Royal,X-Large,00821780002723,167780,option:name
8300,Royal,2X-Large,00821780002724,167741,option:name
8300,White,Small,00821780077295,167777,option:name
8300,White,Medium,00821780002379,167762,option:name
8300,White,Large,00821780002380,167754,option:name
8300,White,X-Large,00821780002381,167782,option:name
8300,White,2X-Large,00821780002382,167742,option:name
8300,White,3X-Large,00821780009542,167743,option:name
8300,Red,3X-Large,00821780083278,167749,option:name
8300,Royal,3X-Large,00821780083279,167747,option:name
TLK500,White,Large Tall,00191265359658,110305,option:name
TLK500,White,X-Large Tall,00191265359672,110306,option:name
TLK500,White,2X-Large Tall,00191265359641,110303,option:name
TLK500,White,3X-Large Tall,00191265359665,110304,option:name
TLK500,White,4X-Large Tall,00191265359689,110307,option:name
T473,Silver,Small,00191265067119,82558,option:name
T473,Silver,Medium,00191265067133,82551,option:name
T473,Silver,Large,00191265067140,82542,option:name
T473,Silver,X-Large,00191265067157,82565,option:name
T473,Silver,2X-Large,00191265067096,82527,option:name
T473,Silver,3X-Large,00191265067102,82533,option:name
K497,Red,Small,00191265466493,50398,option:name
K497,Red,Medium,00191265466509,50399,option:name
K497,Red,Large,00191265466523,50400,option:name
K497,Red,X-Large,00191265466530,50401,option:name
K497,Red,2X-Large,00191265466479,50402,option:name
286772,Black,Small,00666003142842,100726,option:name
286772,Black,Medium,00666003142859,100725,option:name
286772,Black,Large,00666003142866,199256,option:name
286772,Black,X-Large,00666003142873,100724,option:name
286772,Black,2X-Large,00666003142880,100723,option:name
286772,White,Small,00666003142897,199253,option:name
286772,White,Medium,00666003142903,199252,option:name
286772,White,Large,00666003142910,199251,option:name
286772,White,X-Large,00666003142927,199250,option:name
286772,White,2X-Large,00666003142934,199249,option:name
286772,Light Blue,Small,00884802629245,100717,option:heur
286772,Light Blue,Medium,00884802629252,100716,option:heur
286772,Light Blue,Large,00884802629375,100715,option:heur
286772,Light Blue,X-Large,00884802630418,100714,option:heur
286772,Light Blue,2X-Large,00884802631026,100713,option:heur
F244,Black,X-Small,00191265347600,48660,mainframe
F244,Black,Small,00191265347631,48660,option:name
F244,Black,Medium,00191265347655,48662,option:name
F244,Black,Large,00191265347662,48663,option:name
F244,Black,X-Large,00191265347679,48664,option:name
F244,Black,2X-Large,00191265347617,48665,option:name
F244,Black,3X-Large,00191265347624,48666,option:name
F244,White,X-Small,00191265348577,48708,mainframe
F244,White,Small,00191265348584,48708,option:name
F244,White,Medium,00191265348607,48710,option:name
F244,White,Large,00191265348621,48711,option:name
F244,White,X-Large,00191265348638,48712,option:name
F244,White,2X-Large,00191265348560,48713,option:name
F244,Maroon,X-Small,00191265348249,48686,mainframe
F244,Maroon,Small,00191265348270,48686,option:name
F244,Maroon,Medium,00191265348294,48688,option:name
F244,Maroon,Large,00191265348300,48689,option:name
F244,Maroon,X-Large,00191265348317,48690,option:name
F244,Maroon,2X-Large,00191265348256,48691,option:name
F244,Maroon,3X-Large,00191265348263,48692,option:name
F244,Kelly Green,X-Small,00191265348089,48679,mainframe
F244,Kelly Green,Small,00191265348119,48679,option:name
F244,Kelly Green,Medium,00191265348133,48681,option:name
F244,Kelly Green,Large,00191265348140,48682,option:name
F244,Kelly Green,X-Large,00191265348157,48683,option:name
F244,Kelly Green,2X-Large,00191265348096,48684,option:name
F244,Kelly Green,3X-Large,00191265348102,48685,option:name
F244,Texas Orange,Small,00191265348430,53354,option:name
F244,Texas Orange,Medium,00191265348454,53356,option:name
F244,Texas Orange,Large,00191265348461,53357,option:name
F244,Texas Orange,X-Large,00191265348478,53358,option:name
F244,Texas Orange,2X-Large,00191265348416,53359,option:name
F244,Texas Orange,3X-Large,00191265348423,53360,option:name
F282,Royal,X-Small,00191265351935,48887,mainframe
F282,Royal,Small,00191265351959,48887,option:name
F282,Royal,Medium,00191265351966,48889,option:name
F282,Royal,Large,00191265351980,48890,option:name
F282,Royal,X-Large,00191265351997,48891,option:name
F282,Royal,2X-Large,00191265351928,48892,option:name
F282,Royal,3X-Large,00191265351942,48893,option:name
F282,Royal,4X-Large,00191265351973,48894,option:name
J799,Black,X-Small,00191265502023,49621,mainframe
J799,Black,Small,00191265502030,49621,option:name
J799,Black,Medium,00191265502054,49623,option:name
J799,Black,Large,00191265502078,49624,option:name
J799,Black,X-Large,00191265502085,49625,option:name
J799,Black,2X-Large,00191265502016,49626,option:name
J799,Black,3X-Large,00191265502047,49627,option:name
J799,Black,4X-Large,00191265502061,49628,option:name
21M,Royal,Small,00885306147334,164217,option:name
21M,Black,Small,00042463342709,164215,option:name
21M,Black,Medium,00042463342716,164213,option:name
21M,Black,Large,00042463342723,164212,option:name
21M,Black,X-Large,00042463342730,164219,option:name
21M,Black,2X-Large,00042463342747,164209,option:name
21M,Black,3X-Large,00042463342754,164210,option:name
L515,Black,Small,00191265203951,54132,option:name
L515,Black,Medium,00191265203982,54133,option:name
L515,Black,Large,00191265203999,54134,option:name
L515,Black,X-Large,00191265204002,54135,option:name
L515,Black,2X-Large,00191265203944,54136,option:name
T475,Black,Small,00191265068956,79524,mainframe
T475,Black,Medium,00191265068963,81056,option:name
T475,Black,Large,00191265068987,80983,option:name
T475,Black,X-Large,00191265068994,81160,option:name
T475,Black,2X-Large,00191265068925,80783,option:name
T475,Black,3X-Large,00191265068949,80866,option:name
T475,Black,4X-Large,00191265068970,80926,option:name
T475,Maroon,X-Small,00191265069168,79555,mainframe
T475,Maroon,Small,00191265069182,81119,option:name
T475,Maroon,Medium,00191265069212,81060,option:name
T475,Maroon,Large,00191265069229,80987,option:name
T475,Maroon,X-Large,00191265069236,81164,option:name
T475,Maroon,2X-Large,00191265069175,80787,option:name
T475,Maroon,3X-Large,00191265069199,80870,option:name
T475,Maroon,4X-Large,00191265069205,80930,option:name
T475,Purple,X-Small,00191265069243,79571,mainframe
T475,Purple,Small,00191265069274,81121,option:name
T475,Purple,Medium,00191265069298,81062,option:name
T475,Purple,Large,00191265069304,80989,option:name
T475,Purple,X-Large,00191265069311,81166,option:name
T475,Purple,2X-Large,00191265069250,80789,option:name
T475,Purple,3X-Large,00191265069267,80872,option:name
T475,Purple,4X-Large,00191265069281,80932,option:name
T475,White,X-Small,00191265069571,79595,mainframe
T475,White,Small,00191265069588,81124,option:name
T475,White,Medium,00191265069601,81065,option:name
T475,White,Large,00191265069625,80992,option:name
T475,White,X-Large,00191265069632,81169,option:name
T475,White,2X-Large,00191265069564,80792,option:name
T475,White,3X-Large,00191265069595,80875,option:name
T475,White,4X-Large,00191265069618,80935,option:name
L475,Black,Small,00191265102520,53922,option:name
L475,Black,Medium,00191265102537,53923,option:name
L475,Black,Large,00191265102551,53924,option:name
L475,Black,X-Large,00191265102568,53925,option:name
L475,Black,3X-Large,00191265102513,53926,option:name
354067,White,Small,00884499817628,199460,option:name
354067,White,Medium,00884499817635,199459,option:name
354067,White,Large,00884499817642,199458,option:name
354067,White,X-Large,00884499817659,199457,option:name
354067,White,2X-Large,00884499817666,199456,option:name
363807,Black,X-Small,00884499869122,199545,option:name
363807,Black,Small,00883412975001,199546,option:name
363807,Black,Medium,00883412975018,199544,option:name
363807,Black,Large,00883412975025,199543,option:name
363807,Black,X-Large,00883412975032,199542,option:name
363807,Black,2X-Large,00883412975049,199541,option:name
363807,Black,3X-Large,00883412975056,199540,option:name
363807,Black,4X-Large,00883412975063,199539,option:name
363807,White,X-Small,00884499869146,199529,option:name
363807,White,Small,00883412975070,199530,option:name
363807,White,Medium,00883412975087,199528,option:name
363807,White,Large,00883412975094,199527,option:name
363807,White,X-Large,00883412975100,199526,option:name
363807,White,2X-Large,00883412975117,199525,option:name
363807,White,3X-Large,00883412975124,199524,option:name
363807,White,4X-Large,00883412975131,199523,option:name
64000,Kiwi,Small,00821780076542,35161,option:name
64000,Kiwi,Medium,00821780076543,35162,option:name
64000,Kiwi,Large,00821780076544,35163,option:name
64000,Kiwi,X-Large,00821780076545,35164,option:name
64000,Kiwi,2X-Large,00821780076546,35165,option:name
64000,Cherry Red,Small,00821780076537,206121,option:name
64000,Cherry Red,Medium,00821780076538,206120,option:name
64000,Cherry Red,Large,00821780076539,206119,option:name
64000,Cherry Red,X-Large,00821780076540,206126,option:name
64000,Cherry Red,2X-Large,00821780076541,206113,option:name
64000,Black,Small,00821780075862,35103,option:name
64000,Black,Medium,00821780075863,35105,option:name
64000,Black,Large,00821780075865,35106,option:name
64000,Black,X-Large,00821780075866,35107,option:name
64000,Black,2X-Large,00821780075867,35108,option:name
64000,White,Small,00821780075839,35229,option:name
64000,White,Medium,00821780075840,35230,option:name
64000,White,Large,00821780075841,35231,option:name
64000,White,X-Large,00821780075843,35232,option:name
64000,White,2X-Large,00821780075845,35233,option:name
64000,Navy,Small,00821780075846,205289,option:name
64000,Navy,Medium,00821780075847,205282,option:name
64000,Navy,Large,00821780075849,205276,option:name
64000,Navy,X-Large,00821780075851,205290,option:name
64000,Navy,2X-Large,00821780075852,205175,option:name
64000,Black,3X-Large,00821780087407,35109,option:name
64000,Charcoal,Small,00821780075879,35116,option:name
64000,Charcoal,Medium,00821780075880,35118,option:name
64000,Charcoal,Large,00821780075881,35119,option:name
64000,Charcoal,X-Large,00821780075882,35120,option:name
64000,Charcoal,2X-Large,00821780075883,35121,option:name
64000,White,3X-Large,00821780087387,35234,option:name
64000,Navy,3X-Large,00821780087405,205185,option:name
64000,Royal,Small,00821780083402,35214,option:name
64000,Royal,Medium,00821780083403,35215,option:name
64000,Royal,Large,00821780083404,35216,option:name
64000,Royal,X-Large,00821780083405,35217,option:name
64000,Royal,2X-Large,00821780083406,35218,option:name
64000,Royal,3X-Large,00821780087404,35219,option:name
64000,Red,Small,00821780087357,35206,option:name
64000,Red,Medium,00821780087358,35208,option:name
64000,Red,Large,00821780087359,35209,option:name
64000,Red,X-Large,00821780087356,35210,option:name
64000,Red,2X-Large,00821780087227,35211,option:name
64000,Red,3X-Large,00821780087360,35212,option:name
64000,Irish Green,Small,00821780086977,101939,option:heur
64000,Irish Green,Medium,00821780086532,101938,option:heur
64000,Irish Green,Large,00821780086533,101937,option:heur
64000,Irish Green,X-Large,00821780086956,101936,option:heur
64000,Irish Green,2X-Large,00821780086955,101935,option:heur
64000,Orange,Small,00821780075869,35193,option:name
64000,Orange,Medium,00821780075870,35194,option:name
64000,Orange,Large,00821780075871,35195,option:name
64000,Orange,X-Large,00821780075872,35196,option:name
64000,Orange,2X-Large,00821780075873,35197,option:name
64000,Cardinal,Small,00821780075815,101971,option:name
64000,Cardinal,Medium,00821780075816,205278,option:name
64000,Cardinal,Large,00821780075817,205272,option:name
64000,Cardinal,X-Large,00821780075819,206125,option:name
64000,Cardinal,2X-Large,00821780075820,205171,option:name
64000,Antique Heliconia,Small,00821780018314,40264,option:heur
64000,Antique Heliconia,Medium,00821780018315,40265,option:heur
64000,Antique Heliconia,Large,00821780018316,40266,option:heur
64000,Antique Heliconia,X-Large,00821780018317,40267,option:heur
64000,Antique Heliconia,2X-Large,00821780018318,40268,option:heur
64000,Antique Heliconia,3X-Large,00821780018319,205177,option:heur
64000,Purple,Small,00821780099338,35086,option:name
64000,Purple,Medium,00821780099337,35087,option:name
64000,Purple,Large,00821780099340,35088,option:name
64000,Purple,X-Large,00821780099342,35089,option:name
64000,Purple,2X-Large,00821780099344,35090,option:name
64000,Purple,3X-Large,00821780018313,35204,option:name
64000,Graphite Heather,Small,00821780071679,39316,option:heur
64000,Graphite Heather,Medium,00821780071680,39317,option:heur
64000,Graphite Heather,Large,00821780071681,39318,option:heur
64000,Graphite Heather,X-Large,00821780071682,39319,option:heur
64000,Graphite Heather,2X-Large,00821780071683,39320,option:heur
64000,Graphite Heather,3X-Large,00821780071684,205180,option:heur
64000,Gold,2X-Large,00191675240300,35135,option:name
64000,Gold,Large,00191675240287,35133,option:name
64000,Gold,Medium,00191675240270,35132,option:name
64000,Gold,Small,00191675240263,35131,option:name
64000,Gold,X-Large,00191675240294,35134,option:name
64000,Carolina Blue,2X-Large,00821780067870,35115,option:heur
64000,Lime,2X-Large,00821780067919,35172,option:name
64000,Carolina Blue,Large,00821780067868,35113,option:heur
64000,Lime,Large,00821780067917,35170,option:name
64000,Carolina Blue,Medium,00821780067867,35112,option:heur
64000,Lime,Medium,00821780067916,35169,option:name
64000,Carolina Blue,Small,00821780067866,35111,option:heur
64000,Lime,Small,00821780067915,35168,option:name
64000,Carolina Blue,X-Large,00821780067869,35114,option:heur
64000,Lime,X-Large,00821780067918,35171,option:name
64000,Maroon,2X-Large,00821780086979,35184,option:name
64000,Maroon,Large,00821780086707,35182,option:name
64000,Maroon,Medium,00821780087217,35181,option:name
64000,Maroon,Small,00821780087135,35180,option:name
64000,Maroon,X-Large,00821780087065,35183,option:name
64000,Gold,3X-Large,00191675240317,205179,option:name
64000,Orange,3X-Large,00821780038502,35198,option:name
64000,Cardinal,3X-Large,00821780038497,205178,option:name
64000,Charcoal,3X-Large,00821780038504,35122,option:name
64000,Cherry Red,3X-Large,00821780068461,206115,option:name
64000,Irish Green,3X-Large,00821780038505,101934,option:heur
64000,Kiwi,3X-Large,00821780038500,35166,option:name
64000,Black,4X-Large,00191675053474,35110,option:name
64000,Navy,4X-Large,00191675053498,205217,option:name
64000,Orange,4X-Large,00191675272370,205218,option:name
64000,Purple,4X-Large,00191675341366,35205,option:name
64000,Red,4X-Large,00191675053528,35213,option:name
64000,Royal,4X-Large,00191675053535,205220,option:name
64000,White,4X-Large,00191675053481,205224,option:name
64000,Cardinal,4X-Large,00191675341076,205192,option:name
64000,Charcoal,4X-Large,00191675053511,35123,option:name
64000,Irish Green,4X-Large,00191675272349,205208,option:heur
64000,Graphite Heather,4X-Large,00191675341106,205196,option:heur
64000,Black,5X-Large,00191675341403,101978,option:name
64000,Navy,5X-Large,00191675341410,205261,option:name
64000,Red,5X-Large,00191675341427,205265,option:name
64000,Royal,5X-Large,00191675341441,205266,option:name
64000,White,5X-Large,00191675341472,205271,option:name
64000,Charcoal,5X-Large,00191675341434,35124,option:name
64000,Kelly Green,2X-Large,00191675240126,101973,option:name
64000,Kelly Green,3X-Large,00191675240133,101972,option:name
64000,Kelly Green,Large,00191675240102,101975,option:name
64000,Kelly Green,Medium,00191675240096,101976,option:name
64000,Kelly Green,Small,00191675240089,101977,option:name
64000,Kelly Green,X-Large,00191675240119,101974,option:name
64000,Maroon,3X-Large,00821780086978,205183,option:name
64000,Carolina Blue,3X-Large,00821780067871,101957,option:heur
64000,Lime,3X-Large,00821780067920,35173,option:name
64000,Sage,2X-Large,00191675362309,101897,option:name
64000,Sage,3X-Large,00191675362316,205187,option:name
64000,Sage,Large,00191675362286,101899,option:name
64000,Sage,Medium,00191675362279,101900,option:name
64000,Sage,Small,00191675362262,101901,option:name
64000,Sage,X-Large,00191675362293,101898,option:name
64000,Pistachio,2X-Large,00191675376580,101903,option:name
64000,Pistachio,3X-Large,00191675376597,101902,option:name
64000,Pistachio,Large,00191675376566,101905,option:name
64000,Pistachio,Medium,00191675376559,101906,option:name
64000,Pistachio,Small,00191675376542,101907,option:name
64000,Pistachio,X-Large,00191675376573,101904,option:name
64000,Light Pink,2X-Large,00191675359347,205174,option:name
64000,Light Pink,3X-Large,00191675359354,205182,option:name
64000,Light Pink,Large,00191675359323,205275,option:name
64000,Light Pink,Medium,00191675359316,205281,option:name
64000,Light Pink,Small,00191675359309,101914,option:name
64000,Light Pink,X-Large,00191675359330,206129,option:name
64000,Sky,2X-Large,00191675381034,101941,option:name
64000,Sky,3X-Large,00191675381041,101940,option:name
64000,Sky,Large,00191675381010,101943,option:name
64000,Sky,Medium,00191675381003,101944,option:name
64000,Sky,Small,00191675380990,101945,option:name
64000,Sky,X-Large,00191675381027,101942,option:name
64000,Black,X-Small,00821780041427,204627,option:name
64000,Navy,X-Small,00821780041426,205291,option:name
64000,Red,X-Small,00821780041428,206173,option:name
64000,Royal,X-Small,00821780041429,206174,option:name
64000,White,X-Small,00821780041425,206179,option:name
64000,Charcoal,X-Small,00821780012918,206138,option:name
64000,Maroon,4X-Large,00191675272356,205213,option:name
L612,Burgundy,Small,00191265117814,54479,option:name
L612,Burgundy,Medium,00191265117838,54480,option:name
L612,Burgundy,Large,00191265117845,54481,option:name
L612,Burgundy,X-Large,00191265117852,54482,option:name
L612,Burgundy,2X-Large,00191265117784,54483,option:name
L612,Royal,X-Small,00191265118187,54484,option:name
L612,Royal,Small,00191265118200,54485,option:name
L612,Royal,Medium,00191265118231,54486,option:name
L612,Royal,Large,00191265118248,54487,option:name
L612,Royal,X-Large,00191265118255,54488,option:name
L612,Royal,2X-Large,00191265118194,54489,option:name
L612,Royal,3X-Large,00191265118217,54490,option:name
L705,Black,X-Small,00191265510806,54599,option:name
L705,Black,Small,00191265510820,54600,option:name
L705,Black,Medium,00191265510837,54601,option:name
L705,Black,Large,00191265510851,54602,option:name
L705,Black,X-Large,00191265510868,54603,option:name
L705,Black,2X-Large,00191265510790,54604,option:name
L705,Black,3X-Large,00191265510813,54605,option:name
64000L,Black,Small,00821780076562,35258,option:name
64000L,Black,Medium,00821780076563,35259,option:name
64000L,Black,Large,00821780076564,35260,option:name
64000L,Black,X-Large,00821780076565,35261,option:name
64000L,Black,2X-Large,00821780076566,35262,option:name
64000L,Black,3X-Large,00821780090201,35263,option:name
64000L,White,Small,00821780076552,35296,option:name
64000L,White,Medium,00821780076553,35297,option:name
64000L,White,Large,00821780076554,35298,option:name
64000L,White,X-Large,00821780076555,35299,option:name
64000L,White,2X-Large,00821780076556,35300,option:name
64000L,Navy,Small,00821780076557,35269,option:name
64000L,Navy,Medium,00821780076558,35270,option:name
64000L,Navy,Large,00821780076559,35271,option:name
64000L,Navy,X-Large,00821780076560,35272,option:name
64000L,Navy,2X-Large,00821780076561,35273,option:name
64000L,Sport Grey,Small,00821780084512,35290,option:heur
64000L,Sport Grey,Medium,00821780084511,35291,option:heur
64000L,Sport Grey,Large,00821780084510,35292,option:heur
64000L,Sport Grey,X-Large,00821780084513,35293,option:heur
64000L,Sport Grey,2X-Large,00821780084514,35294,option:heur
64000L,Sport Grey,3X-Large,00821780090200,35295,option:heur
64000L,Charcoal,Small,00821780003801,35264,option:name
64000L,Charcoal,Medium,00821780003795,35265,option:name
64000L,Charcoal,Large,00821780003792,35266,option:name
64000L,Charcoal,X-Large,00821780003819,35267,option:name
64000L,Charcoal,2X-Large,00821780003818,35268,option:name
64000L,Royal,Small,00821780003211,35284,option:name
64000L,Royal,Medium,00821780003210,35285,option:name
64000L,Royal,Large,00821780003213,35286,option:name
64000L,Royal,X-Large,00821780003343,35287,option:name
64000L,Royal,2X-Large,00821780003323,35288,option:name
64000L,Royal,3X-Large,00821780087972,35289,option:name
64000L,Red,Small,00821780003209,35278,option:name
64000L,Red,Medium,00821780003208,35279,option:name
64000L,Red,Large,00821780003206,35280,option:name
64000L,Red,X-Large,00821780003205,35281,option:name
64000L,Red,2X-Large,00821780003212,35282,option:name
64000L,Red,3X-Large,00821780087973,35283,option:name
64000L,Purple,Small,00821780098908,35252,option:name
64000L,Purple,Medium,00821780098907,35253,option:name
64000L,Purple,Large,00821780098917,35254,option:name
64000L,Purple,X-Large,00821780098906,35255,option:name
64000L,Purple,2X-Large,00821780098910,35256,option:name
64000L,Purple,3X-Large,00821780098909,35257,option:name
64000L,Antique Heliconia,Small,00821780007706,40269,option:heur
64000L,Antique Heliconia,Medium,00821780007707,40270,option:heur
64000L,Antique Heliconia,Large,00821780007708,40271,option:heur
64000L,Antique Heliconia,X-Large,00821780007709,40272,option:heur
64000L,Antique Heliconia,2X-Large,00821780007710,40273,option:heur
K510,Black,Small,00191265474535,50496,option:name
K510,Black,Medium,00191265474566,50497,option:name
K510,Black,Large,00191265474573,50498,option:name
K510,Black,X-Large,00191265474597,50499,option:name
K510,Black,2X-Large,00191265474528,50500,option:name
K510,Black,3X-Large,00191265474542,50501,option:name
K510,Black,4X-Large,00191265474559,50502,option:name
K510,Dark Green,Large,00191265474979,50509,option:name
K510,Navy,Small,00191265475136,50516,option:name
K510,Navy,Medium,00191265475150,50517,option:name
K510,Navy,Large,00191265475181,50518,option:name
K510,Navy,X-Large,00191265475204,50519,option:name
K510,Navy,2X-Large,00191265475129,50520,option:name
K510,Navy,3X-Large,00191265475143,50521,option:name
K510,Red,Small,00191265475242,50528,option:name
K510,Red,Medium,00191265475266,50529,option:name
K510,Red,Large,00191265475273,50530,option:name
K510,Red,X-Large,00191265475297,50531,option:name
K510,Red,2X-Large,00191265475228,50532,option:name
K510,Red,3X-Large,00191265475235,50534,option:name
K510,Royal,Small,00191265475334,50535,option:name
K510,Royal,Medium,00191265475365,50536,option:name
K510,Royal,Large,00191265475389,50537,option:name
K510,Royal,X-Large,00191265475396,50538,option:name
K510,Royal,2X-Large,00191265475327,50539,option:name
K510,Royal,3X-Large,00191265475341,50540,option:name
L510,Black,Small,00191265154369,54107,option:name
L510,Black,Medium,00191265154376,54108,option:name
L510,Black,Large,00191265154390,54109,option:name
L510,Black,X-Large,00191265154406,54110,option:name
L510,Black,2X-Large,00191265154345,54111,option:name
L510,Black,3X-Large,00191265154352,54112,option:name
K528,Black,Small,00191265515870,50636,option:name
K528,Black,Medium,00191265515894,50637,option:name
K528,Black,Large,00191265515917,50638,option:name
K528,Black,X-Large,00191265515924,50639,option:name
K528,Black,2X-Large,00191265515856,50640,option:name
K528,Black,3X-Large,00191265515887,50641,option:name
K528,Black,4X-Large,00191265515900,50642,option:name
K528,Hyper Blue,Small,00191265516129,52592,option:heur
K528,Hyper Blue,Medium,00191265516136,52593,option:heur
K528,Hyper Blue,Large,00191265516150,52594,option:heur
K528,Hyper Blue,X-Large,00191265516167,52595,option:heur
K528,Hyper Blue,2X-Large,00191265516105,52596,option:heur
K528,Hyper Blue,3X-Large,00191265516112,52597,option:heur
T478,Black/ White,Small,00191265070232,79623,mainframe
T478,Black/ White,Medium,00191265070249,81069,option:name
T478,Black/ White,Large,00191265070263,80996,option:name
T478,Black/ White,X-Large,00191265070270,81173,option:name
T478,Black/ White,2X-Large,00191265070218,80796,option:name
T478,Black/ White,3X-Large,00191265070225,80879,option:name
PC54Y,Ash,Medium,00191265308571,68528,option:name
PC54Y,Ash,Large,00191265308588,68529,option:name
PC54Y,Ash,X-Large,00191265308595,68530,option:name
PC54Y,Charcoal,Small,00191265308816,68545,option:name
PC54Y,Charcoal,Medium,00191265308823,68546,option:name
PC54Y,Charcoal,Large,00191265308830,68547,option:name
PC54Y,Charcoal,X-Large,00191265308847,68548,option:name
PC54Y,Dark Green,Small,00191265308915,68549,option:name
PC54Y,Dark Green,Medium,00191265308922,68550,option:name
PC54Y,Dark Green,Large,00191265308939,68551,option:name
PC54Y,Dark Green,X-Large,00191265308946,68552,option:name
PC54Y,Gold,X-Small,00191265309059,68566,option:name
PC54Y,Gold,Small,00191265309066,68563,option:name
PC54Y,Gold,Medium,00191265309073,68564,option:name
PC54Y,Gold,Large,00191265309080,68565,option:name
PC54Y,Gold,X-Large,00191265309097,68570,option:name
PC54Y,Light Blue,Small,00191265309417,70488,option:name
PC54Y,Light Blue,Medium,00191265309424,70489,option:name
PC54Y,Light Blue,Large,00191265309431,70490,option:name
PC54Y,Navy,X-Small,00191265309554,68523,option:name
PC54Y,Navy,Small,00191265309561,68524,option:name
PC54Y,Navy,Medium,00191265309578,68525,option:name
PC54Y,Navy,Large,00191265309585,68526,option:name
PC54Y,Navy,X-Large,00191265309592,68527,option:name
PC54Y,Orange,X-Small,00191265309851,68605,option:name
PC54Y,Orange,Small,00191265309868,68606,option:name
PC54Y,Orange,Medium,00191265309875,68607,option:name
PC54Y,Orange,Large,00191265309882,68608,option:name
PC54Y,Orange,X-Large,00191265309899,68609,option:name
PC54Y,Purple,X-Small,00191265309905,68610,option:name
PC54Y,Purple,Small,00191265309912,68611,option:name
PC54Y,Purple,Medium,00191265381444,68612,option:name
PC54Y,Purple,Large,00191265381451,68613,option:name
PC54Y,Purple,X-Large,00191265381468,68614,option:name
PC54Y,Red,X-Small,00191265381475,68615,option:name
PC54Y,Red,Small,00191265381482,68616,option:name
PC54Y,Red,Medium,00191265381499,68617,option:name
PC54Y,Red,Large,00191265381505,68618,option:name
PC54Y,Red,X-Large,00191265381512,68619,option:name
PC54Y,Royal,X-Small,00191265381529,68620,option:name
PC54Y,Royal,Small,00191265381536,68621,option:name
PC54Y,Royal,Medium,00191265381543,68622,option:name
PC54Y,Royal,Large,00191265381550,68623,option:name
PC54Y,Royal,X-Large,00191265381567,68624,option:name
PC54Y,White,X-Small,00191265381772,68633,option:name
PC54Y,White,Small,00191265381789,68634,option:name
PC54Y,White,Medium,00191265381796,68635,option:name
PC54Y,White,Large,00191265381802,68636,option:name
PC54Y,White,X-Large,00191265381819,68637,option:name
PC54Y,Aquatic Blue,X-Small,00191265308502,69492,option:name
PC54Y,Aquatic Blue,Small,00191265308519,69493,option:name
PC54Y,Aquatic Blue,Medium,00191265308526,69494,option:name
PC54Y,Aquatic Blue,Large,00191265308533,69495,option:name
PC54Y,Aquatic Blue,X-Large,00191265308540,69496,option:name
PC54Y,Cardinal,Small,00191265308762,69935,option:name
PC54Y,Cardinal,Medium,00191265308779,69936,option:name
PC54Y,Cardinal,Large,00191265308786,69937,option:name
PC54Y,Cardinal,X-Large,00191265308793,69938,option:name
PC54Y,Neon Yellow,Small,00191265309813,70937,option:name
PC54Y,Neon Yellow,Medium,00191265309820,70938,option:name
PC54Y,Neon Yellow,Large,00191265309837,70939,option:name
PC54Y,Sapphire,X-Small,00191265381673,71268,option:name
PC54Y,Sapphire,Small,00191265381680,71269,option:name
PC54Y,Sapphire,Medium,00191265381697,71270,option:name
PC54Y,Sapphire,Large,00191265381703,71271,option:name
PC54Y,Sapphire,X-Large,00191265381710,71272,option:name
PC54Y,Graphite Heather,X-Small,00191265685160,70393,option:heur
PC54Y,Graphite Heather,Small,00191265685146,70394,option:heur
PC54Y,Graphite Heather,Medium,00191265685139,70395,option:heur
PC54Y,Graphite Heather,Large,00191265685122,70396,option:heur
PC54Y,Graphite Heather,X-Large,00191265685153,70397,option:heur
PC54Y,True Royal,Small,00191265794169,68630,option:name
PC54Y,True Royal,Medium,00191265794152,68631,option:name
PC54Y,True Royal,Large,00191265794145,68632,option:name
PC54,Sangria,Small,00191265302081,108862,option:name
PC54,Sangria,Medium,00191265302104,108861,option:name
PC54,Sangria,Large,00191265302111,108860,option:name
PC54,Sangria,X-Large,00191265302128,108859,option:name
PC54,Sangria,2X-Large,00191265302067,108858,option:name
PC54,Sangria,3X-Large,00191265302074,108857,option:name
PC54,Lavender,2X-Large,00197908086707,108852,option:name
PC54,Lavender,3X-Large,00197908086714,108851,option:name
PC54,Lavender,4X-Large,00197908086721,108850,option:name
PC54,Lavender,Large,00197908086684,108854,option:name
PC54,Lavender,Medium,00197908086677,108855,option:name
PC54,Lavender,Small,00197908086660,108856,option:name
PC54,Lavender,X-Large,00197908086691,108853,option:name
PC54,Aquatic Blue,6X-Large,00197908037860,108866,option:name
LST850,Black,X-Small,00191265249157,60926,option:name
LST850,Black,Small,00191265249171,60927,option:name
LST850,Black,Medium,00191265249201,60928,option:name
LST850,Black,Large,00191265249218,60929,option:name
LST850,Black,X-Large,00191265249225,60930,option:name
LST850,Black,2X-Large,00191265249164,60931,option:name
LST850,Black,3X-Large,00191265249188,60932,option:name
LST850,Black,4X-Large,00191265249195,60933,option:name
LST850,Dusty Rose,Small,00191265249508,62262,option:heur
LST850,Dusty Rose,Medium,00191265249515,62263,option:heur
LST850,Dusty Rose,Large,00191265249539,62264,option:heur
LST850,Dusty Rose,X-Large,00191265249546,62265,option:heur
LST850,Dusty Rose,2X-Large,00191265249478,62266,option:heur
LST850,Dusty Rose,3X-Large,00191265249492,62267,option:heur
LST850,White,X-Small,00191265333887,60993,option:name
LST850,White,Small,00191265333894,60994,option:name
LST850,White,Medium,00191265333917,60995,option:name
LST850,White,Large,00191265333931,60996,option:name
LST850,White,X-Large,00191265333948,60997,option:name
LST850,White,2X-Large,00191265333870,60998,option:name
LST850,White,3X-Large,00191265333900,60999,option:name
LST850,White,4X-Large,00191265333924,61000,option:name
LST850,Pink Rush,X-Small,00191265249874,63157,option:heur
LST850,Pink Rush,Small,00191265249904,63158,option:heur
LST850,Pink Rush,Medium,00191265249928,63159,option:heur
LST850,Pink Rush,Large,00191265249935,63160,option:heur
LST850,Pink Rush,X-Large,00191265249942,63161,option:heur
LST850,Pink Rush,2X-Large,00191265249881,63162,option:heur
LST850,Pink Rush,3X-Large,00191265249898,63163,option:heur
LST850,Pink Rush,4X-Large,00191265249911,63164,option:heur
LST850,Hot Coral,Small,00191265249669,62572,option:name
LST850,Hot Coral,Medium,00191265249676,62573,option:name
LST850,Hot Coral,Large,00191265249690,62574,option:name
LST850,Hot Coral,X-Large,00191265249706,62575,option:name
LST850,Hot Coral,2X-Large,00191265249645,62576,option:name
LST850,Maroon,X-Small,00191265249805,60958,option:name
LST850,Maroon,Small,00191265249812,60959,option:name
LST850,Maroon,Medium,00191265249843,60960,option:name
LST850,Maroon,Large,00191265249850,60961,option:name
LST850,Maroon,X-Large,00191265249867,60962,option:name
LST850,Maroon,2X-Large,00191265249799,60963,option:name
LST850,Maroon,3X-Large,00191265249829,60964,option:name
LST850,Purple,Large,00197908224710,60975,option:name
LST850,Purple,Medium,00197908224703,60974,option:name
LST850,Purple,Small,00197908224697,60973,option:name
LST850,Purple,X-Large,00197908224727,60976,option:name
LST850,Purple,X-Small,00197908224680,60972,option:name
LST850,Purple,2X-Large,00197908224734,60977,option:name
ST850,Black,X-Small,00191265062060,78826,option:name
ST850,Black,Small,00191265062091,78827,option:name
ST850,Black,Medium,00191265062114,78828,option:name
ST850,Black,Large,00191265062121,78829,option:name
ST850,Black,X-Large,00191265062138,78830,option:name
ST850,Black,2X-Large,00191265062077,78831,option:name
ST850,Black,3X-Large,00191265062084,78832,option:name
ST850,Black,4X-Large,00191265062107,78833,option:name
ST850,Charcoal Grey,X-Small,00191265062145,78848,option:heur
ST850,Charcoal Grey,Small,00191265062176,78849,option:heur
ST850,Charcoal Grey,Medium,00191265062190,78850,option:heur
ST850,Charcoal Grey,Large,00191265062206,78851,option:heur
ST850,Charcoal Grey,X-Large,00191265062213,78852,option:heur
ST850,Charcoal Grey,2X-Large,00191265062152,78853,option:heur
ST850,Charcoal Grey,3X-Large,00191265062169,78854,option:heur
ST850,Charcoal Grey,4X-Large,00191265062183,78855,option:heur
ST850,Maroon,Small,00191265062497,78871,option:name
ST850,Maroon,Medium,00191265062510,78872,option:name
ST850,Maroon,Large,00191265062527,78873,option:name
ST850,Maroon,X-Large,00191265062534,78874,option:name
ST850,Maroon,2X-Large,00191265062473,78875,option:name
ST850,Maroon,3X-Large,00191265062480,78876,option:name
ST850,Maroon,4X-Large,00191265062503,78877,option:name
ST850,Charge Green,X-Small,00191265062312,78848,option:heur
ST850,Charge Green,Small,00191265062329,78849,option:heur
ST850,Charge Green,Medium,00191265062343,78850,option:heur
ST850,Charge Green,Large,00191265062367,78851,option:heur
ST850,Charge Green,X-Large,00191265062374,78852,option:heur
ST850,Charge Green,2X-Large,00191265062305,78853,option:heur
ST850,Charge Green,3X-Large,00191265062336,78854,option:heur
ST850,Charge Green,4X-Large,00191265062350,78855,option:heur
ST850,True Red,X-Small,00191265062718,78885,mainframe
ST850,True Red,Small,00191265062725,78886,mainframe
ST850,True Red,Medium,00191265062749,78887,mainframe
ST850,True Red,Large,00191265062763,78888,mainframe
ST850,True Red,X-Large,00191265062770,78889,mainframe
ST850,True Red,2X-Large,00191265062701,78890,mainframe
ST850,True Red,3X-Large,00191265062732,78891,mainframe
ST850,True Red,4X-Large,00191265062756,78892,mainframe
ST850,White,Small,00191265062978,78908,option:name
ST850,White,Medium,00191265062985,78909,option:name
ST850,White,Large,00191265063005,78910,option:name
ST850,White,X-Large,00191265063012,78911,option:name
ST850,White,2X-Large,00191265062954,78912,option:name
ST850,White,3X-Large,00191265062961,78913,option:name
J706,Black/ Engine Red,Small,00191265458771,49421,option:abbrev
J706,Black/ Engine Red,Medium,00191265458795,49422,option:abbrev
J706,Black/ Engine Red,Large,00191265458818,49423,option:abbrev
J706,Black/ Engine Red,X-Large,00191265458825,49424,option:abbrev
J706,Black/ Engine Red,2X-Large,00191265458757,49425,option:abbrev
J706,Black/ Engine Red,3X-Large,00191265458788,49426,option:abbrev
J706,Black/ Engine Red,4X-Large,00191265458801,49427,option:abbrev
2000L,Black,X-Small,00821780066564,164146,option:name
2000L,Black,Small,00821780058400,164159,option:name
2000L,Black,Medium,00821780058401,164134,option:name
2000L,Black,Large,00821780058402,164112,option:name
2000L,Black,X-Large,00821780058403,164173,option:name
2000L,Black,2X-Large,00821780058404,164095,option:name
2000L,Black,3X-Large,00821780085752,164103,option:name
2000L,Red,Small,00821780058405,164155,option:name
2000L,Red,Medium,00821780058406,164131,option:name
2000L,Red,Large,00821780058407,164108,option:name
2000L,Red,X-Large,00821780058408,164170,option:name
2000L,Red,2X-Large,00821780058409,164093,option:name
2000L,Red,3X-Large,00821780085753,164102,option:name
2000L,White,X-Small,00821780066560,164149,option:name
2000L,White,Small,00821780058390,164144,option:name
2000L,White,Medium,00821780058391,164136,option:name
2000L,White,Large,00821780058392,164113,option:name
2000L,White,X-Large,00821780058393,164171,option:name
2000L,White,2X-Large,00821780058394,164098,option:name
2000L,Light Blue,Small,00821780058415,164160,option:name
2000L,Light Blue,Medium,00821780058416,164123,option:name
2000L,Light Blue,Large,00821780058417,164107,option:name
2000L,Light Blue,X-Large,00821780058418,164179,option:name
2000L,Light Blue,2X-Large,00821780058419,164090,option:name
2000L,Purple,Small,00821780073881,164148,option:name
2000L,Purple,Medium,00821780073888,164127,option:name
2000L,Purple,Large,00821780073889,164116,option:name
2000L,Purple,X-Large,00821780073890,164180,option:name
2000L,Purple,2X-Large,00821780073891,164084,option:name
2000L,Purple,3X-Large,00821780000840,164101,option:name
2000L,Royal,X-Small,00821780066518,164162,option:name
2000L,Royal,Small,00821780066520,164143,option:name
2000L,Royal,Medium,00821780066522,164126,option:name
2000L,Royal,Large,00821780066524,164121,option:name
2000L,Royal,X-Large,00821780066526,164175,option:name
2000L,Royal,2X-Large,00821780066528,164096,option:name
2000L,Charcoal,Small,00821780018476,164150,option:name
2000L,Charcoal,Medium,00821780018482,164133,option:name
2000L,Charcoal,Large,00821780018488,164105,option:name
2000L,Charcoal,X-Large,00821780018494,164177,option:name
2000L,Charcoal,2X-Large,00821780018501,164092,option:name
2000L,Sapphire,X-Small,00821780096763,164145,option:name
2000L,Sapphire,Small,00821780096762,164163,option:name
2000L,Sapphire,Medium,00821780061155,164129,option:name
2000L,Sapphire,Large,00821780061156,164111,option:name
2000L,Sapphire,X-Large,00821780061157,164168,option:name
2000L,Sapphire,2X-Large,00821780061158,164086,option:name
2000L,Sapphire,3X-Large,00821780096761,164099,option:name
S632,Light Blue,X-Small,,76141,option:name
S632,Light Blue,Small,,76142,option:name
S632,Light Blue,Medium,,76143,option:name
K524,Royal/ Black,Small,00191265513524,53160,option:name
K524,Royal/ Black,Medium,00191265513531,53161,option:name
K524,Royal/ Black,Large,00191265513562,53162,option:name
K524,Royal/ Black,X-Large,00191265513586,53163,option:name
K524,Royal/ Black,2X-Large,00191265513494,53164,option:name
K524,Royal/ Black,3X-Large,00191265513517,53165,option:name
F246,Black/ White,Small,00191265348904,48715,option:name
F246,Black/ White,Medium,00191265348928,48716,option:name
F246,Black/ White,Large,00191265348942,48717,option:name
F246,Black/ White,X-Large,00191265348959,48718,option:name
F246,Black/ White,2X-Large,00191265348881,48719,option:name
F246,Black/ White,3X-Large,00191265348911,48720,option:name
F246,Black/ White,4X-Large,00191265348935,48721,option:name
L709,Black/ Black,X-Small,00191265511353,54621,option:abbrev
L709,Black/ Black,Small,00191265511384,54622,option:abbrev
L709,Black/ Black,Medium,00191265511407,54623,option:abbrev
L709,Black/ Black,Large,00191265511414,54624,option:abbrev
L709,Black/ Black,X-Large,00191265511421,54625,option:abbrev
L709,Black/ Black,2X-Large,00191265511360,54626,option:abbrev
L709,White/ Dark Slate,Small,00191265511704,54632,option:abbrev
L709,White/ Dark Slate,Medium,00191265511728,54633,option:abbrev
L709,White/ Dark Slate,Large,00191265511735,54634,option:abbrev
L709,White/ Dark Slate,X-Large,00191265511742,54635,option:abbrev
J709,Black/ Black,Small,00191265459020,49429,option:abbrev
J709,Black/ Black,Medium,00191265459044,49430,option:abbrev
J709,Black/ Black,Large,00191265459051,49431,option:abbrev
J709,Black/ Black,X-Large,00191265459068,49432,option:abbrev
J709,Black/ Black,2X-Large,00191265459006,49433,option:abbrev
J709,Black/ Black,3X-Large,00191265459013,49434,option:abbrev
J709,Black/ Black,4X-Large,00191265459037,49435,option:abbrev
PC78,Athletic Heather,Small,00191265233958,75549,option:name
PC78,Athletic Heather,Medium,00191265233965,75550,option:name
PC78,Athletic Heather,Large,00191265233989,75551,option:name
PC78,Athletic Heather,X-Large,00191265233996,75552,option:name
PC78,Athletic Heather,2X-Large,00191265233934,75553,option:name
PC78,Athletic Heather,3X-Large,00191265233941,109000,option:name
PC78,Athletic Heather,4X-Large,00191265233972,108999,option:name
PC78,Red,Medium,00191265163989,72166,option:name
PC78,Red,Large,00191265164009,72167,option:name
PC78,Royal,Small,00191265164047,72168,option:name
PC78,Royal,Medium,00191265164054,72169,option:name
PC78,Royal,Large,00191265164078,72170,option:name
PC78,Royal,X-Large,00191265164085,72171,option:name
PC78,Royal,2X-Large,00191265164023,72172,option:name
PC78,Royal,3X-Large,00191265164030,72173,option:name
PC78,White,Small,00191265164177,206741,option:name
PC78,White,Medium,00191265164191,206740,option:name
PC78,White,Large,00191265164214,206739,option:name
PC78,White,X-Large,00191265164221,206742,option:name
PC78,White,2X-Large,00191265164160,206736,option:name
PC78,White,3X-Large,00191265164184,206737,option:name
PC78,White,4X-Large,00191265164207,206738,option:name
PC78,Ash,Small,00191265233880,72126,option:name
PC78,Ash,Medium,00191265233903,72127,option:name
PC78,Ash,Large,00191265233910,72128,option:name
PC78,Ash,X-Large,00191265233927,72129,option:name
PC78,Ash,2X-Large,00191265233866,72130,option:name
PC78,Ash,3X-Large,00191265233873,72131,option:name
PC78,Charcoal,3X-Large,00191265234085,72144,option:name
PC78,Charcoal,4X-Large,00191265234115,72145,option:name
PC78,Gold,Large,00191265234405,72146,option:name
PC78,Neon Yellow,Small,00191265163767,76350,option:name
PC78,Neon Yellow,Medium,00191265163781,76351,option:name
PC78,Neon Yellow,Large,00191265163798,76352,option:name
PC78,Neon Yellow,X-Large,00191265163804,76353,option:name
PC78,Neon Yellow,2X-Large,00191265163743,76354,option:name
PC78,Neon Yellow,3X-Large,00191265163750,76355,option:name
PC78,Neon Yellow,4X-Large,00191265163774,76356,option:name
PC78,Purple,Small,00191265163897,72161,option:name
PC78,Purple,Medium,00191265163910,72162,option:name
PC78,Purple,Large,00191265163934,72163,option:name
PC78,Purple,X-Large,00191265163941,72164,option:name
PC78,Purple,2X-Large,00191265163880,72165,option:name
PC78H,Athletic Heather,Small,00191265164399,75561,option:name
PC78H,Athletic Heather,Medium,00191265164412,75562,option:name
PC78H,Athletic Heather,Large,00191265164429,75563,option:name
PC78H,Athletic Heather,X-Large,00191265164436,75564,option:name
PC78H,Athletic Heather,2X-Large,00191265164375,75565,option:name
PC78H,Athletic Heather,3X-Large,00191265164382,75566,option:name
PC78H,Athletic Heather,4X-Large,00191265164405,75567,option:name
PC78H,Maroon,Small,00191265165860,72269,option:name
PC78H,Maroon,Medium,00191265165884,72270,option:name
PC78H,Maroon,Large,00191265165891,72271,option:name
PC78H,Maroon,X-Large,00191265165907,72272,option:name
PC78H,Maroon,2X-Large,00191265165846,72273,option:name
PC78H,Maroon,3X-Large,00191265165853,72274,option:name
PC78H,Maroon,4X-Large,00191265165877,72275,option:name
PC78H,Navy,Small,00191265166065,72276,option:name
PC78H,Navy,Medium,00191265166089,72277,option:name
PC78H,Navy,Large,00191265166102,72278,option:name
PC78H,Navy,X-Large,00191265166119,72279,option:name
PC78H,Navy,2X-Large,00191265166058,72280,option:name
PC78H,Navy,3X-Large,00191265166072,72281,option:name
PC78H,Navy,4X-Large,00191265166096,72282,option:name
PC78H,Red,Small,00191265166775,72316,option:name
PC78H,Red,Medium,00191265166782,72317,option:name
PC78H,Red,Large,00191265166805,72318,option:name
PC78H,Red,X-Large,00191265166812,72319,option:name
PC78H,Red,2X-Large,00191265166751,72320,option:name
PC78H,Red,3X-Large,00191265166768,72321,option:name
PC78H,Red,4X-Large,00191265166799,72322,option:name
PC78H,Royal,Small,00191265166843,72323,option:name
PC78H,Royal,Medium,00191265166850,72324,option:name
PC78H,Royal,Large,00191265166874,72325,option:name
PC78H,Royal,X-Large,00191265309929,72326,option:name
PC78H,Royal,2X-Large,00191265166829,72327,option:name
PC78H,Royal,3X-Large,00191265166836,72328,option:name
PC78H,Royal,4X-Large,00191265166867,72329,option:name
PC78H,White,Small,00191265310376,72343,option:name
PC78H,White,Medium,00191265310383,72344,option:name
PC78H,White,Large,00191265310406,72345,option:name
PC78H,White,X-Large,00191265310413,72346,option:name
PC78H,White,2X-Large,00191265310352,72347,option:name
PC78H,White,3X-Large,00191265310369,72348,option:name
PC78H,White,4X-Large,00191265310390,72349,option:name
PC78H,Ash,Small,00191265164313,72197,option:name
PC78H,Ash,Medium,00191265164337,72198,option:name
PC78H,Ash,Large,00191265164351,72199,option:name
PC78H,Ash,X-Large,00191265164368,72200,option:name
PC78H,Ash,2X-Large,00191265164306,72201,option:name
PC78H,Ash,3X-Large,00191265164320,72202,option:name
PC78H,Ash,4X-Large,00191265164344,72203,option:name
PC78H,Charcoal,Small,00191265164665,72218,option:name
PC78H,Charcoal,Medium,00191265164689,72219,option:name
PC78H,Charcoal,Large,00191265164702,72220,option:name
PC78H,Charcoal,X-Large,00191265164719,72221,option:name
PC78H,Charcoal,2X-Large,00191265164658,72222,option:name
PC78H,Charcoal,3X-Large,00191265164672,72223,option:name
PC78H,Charcoal,4X-Large,00191265164696,72224,option:name
PC78H,Orange,Small,00191265166560,72303,option:name
PC78H,Orange,Medium,00191265166584,72304,option:name
PC78H,Orange,Large,00191265166591,72305,option:name
PC78H,Orange,X-Large,00191265166607,72306,option:name
PC78H,Orange,2X-Large,00191265166546,72307,option:name
PC78H,Orange,3X-Large,00191265166553,72308,option:name
PC78H,Purple,Small,00191265166706,72309,option:name
PC78H,Purple,Medium,00191265166720,72310,option:name
PC78H,Purple,Large,00191265166737,72311,option:name
PC78H,Purple,X-Large,00191265166744,72312,option:name
PC78H,Purple,2X-Large,00191265166683,72313,option:name
PC78H,Purple,3X-Large,00191265166690,72314,option:name
PC78H,Purple,4X-Large,00191265166713,72315,option:name
PC78H,Aquatic Blue,Small,00191265164252,75488,option:name
PC78H,Aquatic Blue,Medium,00191265164269,75489,option:name
PC78H,Aquatic Blue,Large,00191265164283,75490,option:name
PC78H,Aquatic Blue,X-Large,00191265164290,75491,option:name
PC78H,Aquatic Blue,2X-Large,00191265164238,75492,option:name
PC78H,Aquatic Blue,3X-Large,00191265164245,75493,option:name
PC78H,Aquatic Blue,4X-Large,00191265164276,75494,option:name
PC78H,Gold,Small,00191265165013,72225,option:name
PC78H,Gold,Medium,00191265165037,72226,option:name
PC78H,Gold,Large,00191265165051,72227,option:name
PC78H,Gold,X-Large,00191265165068,72228,option:name
PC78H,Gold,2X-Large,00191265165006,72229,option:name
PC78H,Gold,3X-Large,00191265165020,72230,option:name
PC78H,Neon Green,Small,00191265166201,72290,option:heur
PC78H,Neon Green,Medium,00191265166232,72291,option:heur
PC78H,Neon Green,Large,00191265166249,72292,option:heur
PC78H,Neon Green,X-Large,00191265166256,72293,option:heur
PC78H,Neon Green,2X-Large,00191265166195,72294,option:heur
PC78H,Neon Green,3X-Large,00191265166218,72295,option:heur
PC78H,Neon Green,4X-Large,00191265166225,72296,option:heur
PC78H,Neon Orange,Small,00191265166287,76301,option:name
PC78H,Neon Orange,Medium,00191265166300,76302,option:name
PC78H,Neon Orange,Large,00191265166317,76303,option:name
PC78H,Neon Orange,X-Large,00191265166324,76304,option:name
PC78H,Neon Orange,2X-Large,00191265166263,76305,option:name
PC78H,Neon Orange,3X-Large,00191265166270,76306,option:name
PC78H,Neon Orange,4X-Large,00191265166294,76307,option:name
PC78H,Neon Pink,Small,00191265166348,76322,option:name
PC78H,Neon Pink,Medium,00191265166362,76323,option:name
PC78H,Neon Pink,Large,00191265166386,76324,option:name
PC78H,Neon Pink,X-Large,00191265166393,76325,option:name
PC78H,Neon Pink,2X-Large,00191265166331,76326,option:name
PC78H,Neon Pink,3X-Large,00191265166355,76327,option:name
PC78H,Neon Pink,4X-Large,00191265166379,76328,option:name
PC78H,Neon Yellow,Small,00191265166416,76357,option:name
PC78H,Neon Yellow,Medium,00191265166430,76358,option:name
PC78H,Neon Yellow,Large,00191265166454,76359,option:name
PC78H,Neon Yellow,X-Large,00191265166461,76360,option:name
PC78H,Neon Yellow,2X-Large,00191265166409,76361,option:name
PC78H,Neon Yellow,3X-Large,00191265166423,76362,option:name
PC78H,Neon Yellow,4X-Large,00191265166447,76363,option:name
PC78H,Yellow,Small,00191265310444,72350,option:name
PC78H,Yellow,Medium,00191265310468,72351,option:name
PC78H,Yellow,Large,00191265310475,72352,option:name
PC78H,Yellow,X-Large,00191265310482,72353,option:name
PC78H,Yellow,2X-Large,00191265310420,72354,option:name
PC78H,Yellow,3X-Large,00191265310437,72355,option:name
PC78H,Yellow,4X-Large,00191265310451,72356,option:name
PC78H,Teal,Small,00191265310307,72330,option:name
PC78H,Teal,Medium,00191265310314,72331,option:name
PC78H,Teal,Large,00191265310338,72332,option:name
PC78H,Teal,X-Large,00191265310345,72333,option:name
PC78H,Teal,2X-Large,00191265310284,72334,option:name
PC78H,Teal,3X-Large,00191265310291,72335,option:name
PC78H,True Royal,Small,00191265817967,72336,option:name
PC78H,True Royal,Medium,00191265817950,72337,option:name
PC78H,True Royal,Large,00191265817943,72338,option:name
PC78H,True Royal,X-Large,00191265817974,72339,option:name
PC78H,True Royal,2X-Large,00191265817912,72340,option:name
PC78H,True Royal,3X-Large,00191265817929,72341,option:name
PC78H,True Royal,4X-Large,00191265817936,72342,option:name
PC78P,Charcoal,Small,00191265311076,109032,option:name
PC78P,Charcoal,X-Large,00191265311113,109031,option:name
PC78P,Charcoal,2X-Large,00191265311052,109030,option:name
PC78P,Charcoal,3X-Large,00191265311069,109029,option:name
8400,Black,Small,00821780071460,167871,option:name
8400,Black,Medium,00821780002692,167841,option:name
8400,Black,Large,00821780002693,167829,option:name
8400,Black,X-Large,00821780002694,167875,option:name
8400,Black,2X-Large,00821780002695,167800,option:name
8400,Black,3X-Large,00821780071461,167806,option:name
8400,Navy,Small,00821780071457,205614,option:name
8400,Navy,Medium,00821780002689,205613,option:name
8400,Navy,Large,00821780002690,205612,option:name
8400,Navy,X-Large,00821780002810,205615,option:name
8400,Navy,2X-Large,00821780002691,205608,option:name
8400,Navy,3X-Large,00821780071458,205609,option:name
8400,Orange,Small,00821780078930,167868,option:name
8400,Orange,Medium,00821780010601,167853,option:name
8400,Orange,Large,00821780010602,167833,option:name
8400,Orange,X-Large,00821780010603,167880,option:name
8400,Orange,2X-Large,00821780010604,167801,option:name
8400,Red,Small,00821780078931,167859,option:name
8400,Red,Medium,00821780002703,167849,option:name
8400,Red,Large,00821780002704,167832,option:name
8400,Red,X-Large,00821780002705,167883,option:name
8400,Red,2X-Large,00821780002706,167802,option:name
8400,Royal,Small,00821780078932,167861,option:name
8400,Royal,Medium,00821780055356,167856,option:name
8400,Royal,Large,00821780055357,167825,option:name
8400,Royal,X-Large,00821780055358,167874,option:name
8400,Royal,2X-Large,00821780055359,167791,option:name
8400,White,Small,00821780071453,167866,option:name
8400,White,Medium,00821780002711,167848,option:name
8400,White,Large,00821780002712,167827,option:name
8400,White,X-Large,00821780002713,167878,option:name
8400,White,2X-Large,00821780002714,167799,option:name
8400,White,3X-Large,00821780071455,167805,option:name
8400,Maroon,2X-Large,00821780017405,167792,option:name
8400,Carolina Blue,2X-Large,00821780096726,167794,option:heur
8400,Safety Green,2X-Large,00821780017391,167798,option:heur
8400,Maroon,Large,00821780017403,167830,option:name
8400,Carolina Blue,Large,00821780096724,167838,option:heur
8400,Safety Green,Large,00821780017389,167834,option:heur
8400,Maroon,Medium,00821780017402,167844,option:name
8400,Carolina Blue,Medium,00821780096723,167855,option:heur
8400,Safety Green,Medium,00821780017388,102271,option:heur
8400,Maroon,Small,00821780017401,167870,option:name
8400,Carolina Blue,Small,00821780096722,167865,option:heur
8400,Safety Green,Small,00821780017387,167860,option:heur
8400,Maroon,X-Large,00821780017404,167877,option:name
8400,Carolina Blue,X-Large,00821780096725,167884,option:heur
8400,Safety Green,X-Large,00821780017390,102270,option:heur
8400,Maroon,3X-Large,00821780095823,167811,option:name
8400,Orange,3X-Large,00821780095824,167804,option:name
8400,Red,3X-Large,00821780073406,167815,option:name
8400,Royal,3X-Large,00821780073407,167807,option:name
8400,Carolina Blue,3X-Large,00821780081842,167814,option:heur
8400,Safety Green,3X-Large,00821780081840,167808,option:heur
T550,Black,Small,,79643,mainframe
L474,Black,Small,00191265101714,53902,option:name
L474,Black,Medium,00191265101745,53903,option:name
L474,Black,Large,00191265101752,53904,option:name
L474,Black,X-Large,00191265101769,53905,option:name
L474,Black,2X-Large,00191265101707,53906,option:name
L474,Steel,X-Small,00191265102346,58247,option:name
L474,Steel,Small,00191265102353,58248,option:name
L474,Steel,Medium,00191265102377,58249,option:name
L474,Steel,Large,00191265102391,58250,option:name
L474,Steel,X-Large,00191265102407,58251,option:name
L474,Steel,2X-Large,00191265102339,58252,option:name
ST350,Black,X-Small,00191265341028,75007,option:name
ST350,Black,Small,00191265341035,75008,option:name
ST350,Black,Medium,00191265341066,75009,option:name
ST350,Black,Large,00191265341073,75010,option:name
ST350,Black,X-Large,00191265341080,75011,option:name
ST350,Black,2X-Large,00191265341011,75012,option:name
ST350,Black,3X-Large,00191265341042,75013,option:name
ST350,Black,4X-Large,00191265341059,75014,option:name
ST350,Gold,X-Small,00191265341417,75056,option:name
ST350,Gold,Small,00191265341448,75057,option:name
ST350,Gold,Medium,00191265341455,75058,option:name
ST350,Gold,Large,00191265341479,75059,option:name
ST350,Gold,X-Large,00191265341486,75060,option:name
ST350,Gold,2X-Large,00191265341424,75061,option:name
ST350,Gold,3X-Large,00191265341431,75062,option:name
ST350,Gold,4X-Large,00191265341462,75063,option:name
ST350,Maroon,X-Small,00191265341745,75087,option:name
ST350,Maroon,Small,00191265341776,75088,option:name
ST350,Maroon,Medium,00191265341790,75089,option:name
ST350,Maroon,Large,00191265341806,75090,option:name
ST350,Maroon,X-Large,00191265341813,75091,option:name
ST350,Maroon,2X-Large,00191265341752,75092,option:name
ST350,Maroon,3X-Large,00191265341769,75093,option:name
ST350,Maroon,4X-Large,00191265341783,75094,option:name
ST350,Purple,X-Small,00191265342063,75118,option:name
ST350,Purple,Small,00191265342094,75119,option:name
ST350,Purple,Medium,00191265342100,75120,option:name
ST350,Purple,Large,00191265342124,75121,option:name
ST350,Purple,X-Large,00191265342131,75122,option:name
ST350,Purple,2X-Large,00191265342070,75123,option:name
ST350,Purple,3X-Large,00191265342087,75124,option:name
ST350,Purple,4X-Large,00191265342117,75125,option:name
ST350,Silver,X-Small,00191265342223,76610,option:name
ST350,Silver,Small,00191265342247,76611,option:name
ST350,Silver,Medium,00191265342278,76612,option:name
ST350,Silver,Large,00191265342285,76613,option:name
ST350,Silver,X-Large,00191265342292,76614,option:name
ST350,Silver,2X-Large,00191265342230,76615,option:name
ST350,Silver,3X-Large,00191265342254,76616,option:name
ST350,Silver,4X-Large,00191265342261,76617,option:name
ST350,Tropic Blue,Small,00191265342407,75145,option:heur
ST350,Tropic Blue,Medium,00191265342421,75146,option:heur
ST350,Tropic Blue,Large,00191265342445,75147,option:heur
ST350,Tropic Blue,X-Large,00191265342452,75148,option:heur
ST350,Tropic Blue,3X-Large,00191265342414,75150,option:heur
ST350,Tropic Blue,4X-Large,00191265342438,75151,option:heur
ST350,Tropic Blue,2X-Large,00191265342391,75149,option:heur
ST350,True Red,X-Small,00191265342551,75157,option:name
ST350,True Red,Small,00191265342575,75158,option:name
ST350,True Red,Medium,00191265342599,75159,option:name
ST350,True Red,Large,00191265342605,75160,option:name
ST350,True Red,X-Large,00191265342612,75161,option:name
ST350,True Red,2X-Large,00191265342544,75162,option:name
ST350,True Red,3X-Large,00191265342568,75163,option:name
ST350,True Red,4X-Large,00191265342582,75164,option:name
ST350,White,X-Small,00191265342797,75165,option:name
ST350,White,Small,00191265342810,75166,option:name
ST350,White,Medium,00191265342827,75167,option:name
ST350,White,Large,00191265342841,75168,option:name
ST350,White,X-Large,00191265342858,75169,option:name
ST350,White,2X-Large,00191265342780,75170,option:name
ST350,White,3X-Large,00191265342803,75171,option:name
ST350,White,4X-Large,00191265342834,75172,option:name
ST350,Cardinal,X-Small,00191265341097,75773,option:name
ST350,Cardinal,Small,00191265341110,75774,option:name
ST350,Cardinal,Medium,00191265341141,75775,option:name
ST350,Cardinal,Large,00191265341158,75776,option:name
ST350,Cardinal,X-Large,00191265341165,75777,option:name
ST350,Cardinal,2X-Large,00191265341103,75778,option:name
ST350,Cardinal,3X-Large,00191265341127,75779,option:name
ST350,Kelly Green,Small,00191265341615,75080,option:name
ST350,Kelly Green,Medium,00191265341639,75081,option:name
ST350,Kelly Green,Large,00191265341646,75082,option:name
ST350,Kelly Green,X-Large,00191265341653,75083,option:name
ST350,Kelly Green,2X-Large,00191265341585,75084,option:name
ST350,Kelly Green,3X-Large,00191265341608,75085,option:name
ST350,Kelly Green,4X-Large,00191265341622,75086,option:name
ST350,Sand,Small,00191265342179,75134,option:name
ST350,Sand,Medium,00191265342186,75135,option:name
ST350,Sand,Large,00191265342209,75136,option:name
ST350,Sand,X-Large,00191265342216,75137,option:name
ST350,Sand,2X-Large,00191265342148,75138,option:name
ST350,Sand,3X-Large,00191265342162,75139,option:name
ST350,Texas Orange,Small,00191265342322,76717,option:name
ST350,Texas Orange,Medium,00191265342346,76718,option:name
ST350,Texas Orange,Large,00191265342360,76719,option:name
ST350,Texas Orange,X-Large,00191265342377,76720,option:name
ST350,Texas Orange,2X-Large,00191265342308,76721,option:name
ST350,Neon Pink,X-Small,00191265341905,76333,option:name
ST350,Neon Pink,Small,00191265341929,76335,option:name
ST350,Neon Pink,Medium,00191265341950,76336,option:name
ST350,Neon Pink,Large,00191265341967,76337,option:name
ST350,Neon Pink,X-Large,00191265341974,76338,option:name
ST350,Neon Pink,2X-Large,00191265341912,76340,option:name
ST350,Neon Pink,3X-Large,00191265341936,76341,option:name
ST350,Neon Pink,4X-Large,00191265341943,76342,option:name
ST350,Vegas Gold,Small,00191265342735,76730,option:name
ST350,Vegas Gold,Medium,00191265342759,76731,option:name
ST350,Vegas Gold,Large,00191265342766,76732,option:name
ST350,Vegas Gold,X-Large,00191265342773,76733,option:name
ST350,Vegas Gold,2X-Large,00191265342704,76734,option:name
ST350,Atomic Blue,Small,00191265340953,75451,option:name
ST350,Atomic Blue,Medium,00191265340977,75452,option:name
ST350,Atomic Blue,Large,00191265340991,75453,option:name
ST350,Atomic Blue,X-Large,00191265341004,75454,option:name
ST350,Atomic Blue,2X-Large,00191265340939,75455,option:name
ST350,Atomic Blue,3X-Large,00191265340960,75456,option:name
ST350,Coyote Brown,X-Small,00191265794268,75024,option:heur
ST350,Coyote Brown,Small,00191265794244,75025,option:heur
ST350,Coyote Brown,Medium,00191265794237,75026,option:heur
ST350,Coyote Brown,Large,00191265794220,75027,option:heur
ST350,Coyote Brown,X-Large,00191265794251,75028,option:heur
ST350,Coyote Brown,2X-Large,00191265794190,75029,option:heur
ST350,Coyote Brown,3X-Large,00191265794206,75030,option:heur
ST350,Coyote Brown,4X-Large,00191265794213,75031,option:heur
ST350,Royal,2X-Large,00197908129473,75131,option:name
ST350,Royal,3X-Large,00197908129480,75132,option:name
ST350,Royal,4X-Large,00197908129497,75133,option:name
ST350,Royal,Large,00197908129459,75129,option:name
ST350,Royal,Medium,00197908129442,75128,option:name
ST350,Royal,Small,00197908129435,75127,option:name
ST350,Royal,X-Large,00197908129466,75130,option:name
ST350,Royal,X-Small,00197908129428,75126,option:name
ST350,Black,5X-Large,00197908217781,75015,option:name
YST350,Black,X-Small,00191265090049,83041,option:name
YST350,Black,Small,00191265090056,83042,option:name
YST350,Black,Medium,00191265090063,83043,option:name
YST350,Black,Large,00191265090070,83044,option:name
YST350,Black,X-Large,00191265090087,83045,option:name
YST350,Gold,Small,00191265090308,83078,option:name
YST350,Gold,Medium,00191265090315,83079,option:name
YST350,Gold,Large,00191265090322,83080,option:name
YST350,Gold,X-Large,00191265090339,83081,option:name
YST350,Purple,Small,00191265090803,83119,option:name
YST350,Purple,Medium,00191265090810,83120,option:name
YST350,Purple,Large,00191265090827,83121,option:name
YST350,Purple,X-Large,00191265090834,83122,option:name
YST350,Tropic Blue,Large,00191265090971,83148,option:heur
YST350,True Red,X-Small,00191265091046,83154,option:name
YST350,True Red,Small,00191265091053,83155,option:name
YST350,True Red,Medium,00191265091060,83156,option:name
YST350,True Red,Large,00191265091077,83157,option:name
YST350,True Red,X-Large,00191265091084,83158,option:name
YST350,Kelly Green,Large,00191265090476,83092,option:name
YST350,Kelly Green,X-Large,00191265090483,83093,option:name
YST350,Royal,Large,00197908129695,83135,option:name
YST350,Royal,Medium,00197908129688,83134,option:name
YST350,Royal,Small,00197908129671,83133,option:name
YST350,Royal,X-Large,00197908129701,111222,option:name
ST350LS,Black,X-Small,00191265342940,75181,option:name
ST350LS,Black,Small,00191265342971,75182,option:name
ST350LS,Black,Medium,00191265342995,75183,option:name
ST350LS,Black,Large,00191265343008,75184,option:name
ST350LS,Black,X-Large,00191265343015,75185,option:name
ST350LS,Black,2X-Large,00191265342957,75186,option:name
ST350LS,Black,3X-Large,00191265342964,75187,option:name
ST350LS,Black,4X-Large,00191265342988,75188,option:name
ST350LS,Silver,X-Small,00191265343824,76618,option:name
ST350LS,Silver,Small,00191265343855,76619,option:name
ST350LS,Silver,Medium,00191265343879,76620,option:name
ST350LS,Silver,Large,00191265343886,76621,option:name
ST350LS,Silver,X-Large,00191265343893,76622,option:name
ST350LS,Silver,2X-Large,00191265343831,76623,option:name
ST350LS,Silver,3X-Large,00191265343848,76624,option:name
ST350LS,Silver,4X-Large,00191265343862,76625,option:name
ST350LS,True Red,X-Small,00191265343992,75306,option:name
ST350LS,True Red,Small,00191265344005,75307,option:name
ST350LS,True Red,Medium,00191265344036,75308,option:name
ST350LS,True Red,Large,00191265344043,75309,option:name
ST350LS,True Red,X-Large,00191265344050,75310,option:name
ST350LS,True Red,2X-Large,00191265343985,75311,option:name
ST350LS,True Red,3X-Large,00191265344012,75312,option:name
ST350LS,True Red,4X-Large,00191265344029,75313,option:name
ST350LS,White,X-Small,00191265344159,75314,option:name
ST350LS,White,Small,00191265344166,75315,option:name
ST350LS,White,Medium,00191265344180,75316,option:name
ST350LS,White,Large,00191265344203,75317,option:name
ST350LS,White,X-Large,00191265344210,75318,option:name
ST350LS,White,2X-Large,00191265344142,75319,option:name
ST350LS,White,3X-Large,00191265344173,75320,option:name
ST350LS,White,4X-Large,00191265344197,75321,option:name
ST350LS,Gold,X-Small,00191265343268,75235,option:name
ST350LS,Gold,Small,00191265343299,75236,option:name
ST350LS,Gold,Medium,00191265343312,75237,option:name
ST350LS,Gold,Large,00191265343329,75238,option:name
ST350LS,Gold,X-Large,00191265343336,75239,option:name
ST350LS,Gold,2X-Large,00191265343275,75240,option:name
ST350LS,Gold,3X-Large,00191265343282,75241,option:name
ST350LS,Gold,4X-Large,00191265343305,75242,option:name
ST350LS,Maroon,X-Small,00191265343510,75251,option:name
ST350LS,Maroon,Small,00191265343527,75252,option:name
ST350LS,Maroon,Medium,00191265343541,75253,option:name
ST350LS,Maroon,Large,00191265343565,75254,option:name
ST350LS,Maroon,X-Large,00191265343572,75255,option:name
ST350LS,Maroon,2X-Large,00191265343503,75256,option:name
ST350LS,Maroon,3X-Large,00191265343534,75257,option:name
ST350LS,Maroon,4X-Large,00191265343558,75258,option:name
ST350LS,Neon Pink,X-Small,00191265343671,76343,option:name
ST350LS,Neon Pink,Small,00191265343688,76344,option:name
ST350LS,Neon Pink,Medium,00191265343701,76345,option:name
ST350LS,Neon Pink,Large,00191265343725,76346,option:name
ST350LS,Neon Pink,X-Large,00191265343732,76347,option:name
ST350LS,Neon Pink,2X-Large,00191265343664,76348,option:name
ST350LS,Neon Pink,3X-Large,00191265343695,76349,option:name
ST350LS,Neon Pink,4X-Large,00191265343718,204434,option:name
ST350LS,Purple,X-Small,00191265343756,75289,option:name
ST350LS,Purple,Small,00191265343763,75290,option:name
ST350LS,Purple,Medium,00191265343787,75291,option:name
ST350LS,Purple,Large,00191265343800,75292,option:name
ST350LS,Purple,X-Large,00191265343817,75293,option:name
ST350LS,Purple,2X-Large,00191265343749,75294,option:name
ST350LS,Purple,3X-Large,00191265343770,75295,option:name
ST350LS,Purple,4X-Large,00191265343794,75296,option:name
ST350LS,Atomic Blue,X-Small,00191265342872,75174,option:heur
ST350LS,Atomic Blue,Small,00191265342889,75175,option:heur
ST350LS,Atomic Blue,Medium,00191265342919,75176,option:heur
ST350LS,Atomic Blue,Large,00191265342926,75177,option:heur
ST350LS,Atomic Blue,X-Large,00191265342933,75178,option:heur
ST350LS,Atomic Blue,2X-Large,00191265342865,75179,option:heur
ST350LS,Atomic Blue,3X-Large,00191265342896,75180,option:heur
ST350LS,Atomic Blue,4X-Large,00191265342902,204426,option:heur
ST350LS,Coyote Brown,X-Small,00191265794503,204440,option:heur
ST350LS,Coyote Brown,Small,00191265794480,75197,option:heur
ST350LS,Coyote Brown,Medium,00191265794473,75198,option:heur
ST350LS,Coyote Brown,Large,00191265794466,75199,option:heur
ST350LS,Coyote Brown,X-Large,00191265794497,75200,option:heur
ST350LS,Coyote Brown,2X-Large,00191265794435,75201,option:heur
ST350LS,Coyote Brown,3X-Large,00191265794442,75202,option:heur
ST350LS,Coyote Brown,4X-Large,00191265794459,75203,option:heur
ST350LS,Royal,2X-Large,00197908129558,75302,option:name
ST350LS,Royal,3X-Large,00197908129565,75303,option:name
ST350LS,Royal,4X-Large,00197908129572,75304,option:name
ST350LS,Royal,Large,00197908129534,75300,option:name
ST350LS,Royal,Medium,00197908129527,75299,option:name
ST350LS,Royal,Small,00197908129510,75298,option:name
ST350LS,Royal,X-Large,00197908129541,75301,option:name
ST350LS,Royal,X-Small,00197908129503,75297,option:name
J305,Black,Small,00191265389099,49069,option:name
J305,Black,Medium,00191265389105,49070,option:name
J305,Black,Large,00191265389129,49071,option:name
466364,Black,X-Small,00826215015192,199866,option:name
466364,Black,Small,00826215015406,199867,option:name
466364,Black,Medium,00826215015413,199865,option:name
466364,Black,Large,00826215015574,199864,option:name
466364,Black,X-Large,00826215015581,199863,option:name
466364,Black,2X-Large,00826215015598,199862,option:name
466364,Black,3X-Large,00826215015604,199861,option:name
466364,White,X-Small,00826215016045,199852,option:name
466364,White,Small,00826215016052,199853,option:name
466364,White,Medium,00826215016069,199851,option:name
466364,White,Large,00826215016076,199850,option:name
466364,White,X-Large,00826215016083,199849,option:name
466364,White,2X-Large,00826215016090,199848,option:name
466364,White,3X-Large,00826215016106,199847,option:name
466364,Anthracite,Small,00887225888893,101112,option:name
466364,Anthracite,Medium,00887225888909,101111,option:name
466364,Anthracite,Large,00887225888916,101110,option:name
466364,Anthracite,X-Large,00887225888923,101109,option:name
466364,Anthracite,2X-Large,00887225888930,101108,option:name
466364,Anthracite,3X-Large,00887225888947,101107,option:name
Y217,Black,X-Small,00191265269568,80547,option:name
Y217,Black,Small,00191265269575,80548,option:name
Y217,Black,Medium,00191265269582,80549,option:name
Y217,Black,Large,00191265269599,80550,option:name
Y217,Black,X-Large,00191265269605,80551,option:name
L219,Black,Small,00191265263306,51517,option:name
L219,Black,Medium,00191265263313,51518,option:name
L219,Black,Large,00191265263337,51519,option:name
L219,Black,X-Large,00191265263344,51520,option:name
L219,Black,2X-Large,00191265263276,51521,option:name
L219,Black,3X-Large,00191265263290,51522,option:name
L219,Black,4X-Large,00191265263320,51523,option:name
L219,True Royal,X-Small,00191265263603,51550,mainframe
L219,True Royal,Small,00191265263610,51550,option:name
L219,True Royal,Medium,00191265263634,51552,option:name
L219,True Royal,Large,00191265263658,51553,option:name
L219,True Royal,X-Large,00191265263665,51554,option:name
L219,True Royal,2X-Large,00191265263597,51555,option:name
L219,True Royal,3X-Large,00191265263627,51556,option:name
L219,True Royal,4X-Large,00191265263641,51557,option:name
L217,Black,X-Small,00191265035750,51463,mainframe
L217,Black,Small,00191265298025,51463,option:name
L217,Black,Medium,00191265298032,51465,option:name
L217,Black,Large,00191265298056,51466,option:name
L217,Black,X-Large,00191265298063,51467,option:name
L217,Black,2X-Large,00191265298001,51468,option:name
L217,Maroon,Small,00191265298490,51492,option:name
L217,Maroon,Medium,00191265298520,51493,option:name
L217,Maroon,Large,00191265298537,51494,option:name
L217,Maroon,X-Large,00191265298544,51495,option:name
L217,Maroon,2X-Large,00191265298483,51496,option:name
L217,Maroon,3X-Large,00191265298506,51497,option:name
L217,Pink Blossom,Small,00191265298582,53036,option:heur
L217,Pink Blossom,Medium,00191265298605,53037,option:heur
L217,Pink Blossom,Large,00191265298612,53038,option:heur
L217,Pink Blossom,X-Large,00191265298629,53039,option:heur
L217,Pink Blossom,2X-Large,00191265298551,53040,option:heur
L217,Pink Blossom,3X-Large,00191265298575,53041,option:heur
L217,True Royal,Large,00191265263177,203068,mainframe
F219,Black,Small,00191265030618,48412,option:name
F219,Black,Medium,00191265030649,48413,option:name
F219,Black,Large,00191265030656,48414,option:name
F219,Black,X-Large,00191265030670,48415,option:name
F219,Black,2X-Large,00191265030601,48416,option:name
F219,Black,3X-Large,00191265030625,48417,option:name
F219,Black,4X-Large,00191265030632,48418,option:name
F219,Black,5X-Large,00191265030663,48419,option:name
F219,True Red,X-Small,00191265030991,53331,mainframe
F219,True Red,Small,00191265031011,53331,option:name
F219,True Red,Medium,00191265031042,53333,option:name
F219,True Red,Large,00191265031059,53334,option:name
F219,True Red,X-Large,00191265031073,53335,option:name
F219,True Red,2X-Large,00191265031004,53336,option:name
F219,True Red,3X-Large,00191265031028,53337,option:name
F219,True Red,4X-Large,00191265031035,53338,option:name
F219,True Red,5X-Large,00191265031066,53339,option:name
F218,Black,X-Small,00191265030007,48367,mainframe
F218,Black,Small,00191265030014,48367,option:name
F218,Black,Medium,00191265030038,48369,option:name
F218,Black,Large,00191265030069,48370,option:name
F218,Black,X-Large,00191265030083,48371,option:name
F218,Black,2X-Large,00191265029995,48372,option:name
F218,Black,3X-Large,00191265030021,48373,option:name
F218,Black,4X-Large,00191265030045,48374,option:name
F218,Black,5X-Large,00191265030052,48375,option:name
F218,Iron Grey,Small,00191265030229,52614,option:heur
F218,Iron Grey,Medium,00191265030243,52615,option:heur
F218,Iron Grey,Large,00191265030250,52616,option:heur
F218,Iron Grey,X-Large,00191265030274,52617,option:heur
F218,Iron Grey,2X-Large,00191265030205,52618,option:heur
F218,Iron Grey,3X-Large,00191265030212,52619,option:heur
F218,Iron Grey,4X-Large,00191265030236,52620,option:heur
F217,Black,X-Small,00191265028899,48267,mainframe
F217,Black,Small,00191265028929,48267,option:name
F217,Black,Medium,00191265028943,48269,option:name
F217,Black,Large,00191265028950,48270,option:name
F217,Black,X-Large,00191265028974,48271,option:name
F217,Black,2X-Large,00191265028905,48272,option:name
F217,Black,3X-Large,00191265028912,48273,option:name
F217,Black,4X-Large,00191265028936,48274,option:name
F217,Black,5X-Large,00191265028967,48275,option:name
F217,Maroon,X-Small,00191265029506,48316,mainframe
F217,Maroon,Small,00191265029513,48316,option:name
F217,Maroon,Medium,00191265029537,48318,option:name
F217,Maroon,Large,00191265029568,48319,option:name
F217,Maroon,X-Large,00191265029575,48320,option:name
F217,Maroon,2X-Large,00191265029490,48321,option:name
F217,Maroon,3X-Large,00191265029520,48322,option:name
F217,Maroon,4X-Large,00191265029544,48323,option:name
F217,Maroon,5X-Large,00191265029551,48324,option:name
18500B,Black,X-Small,00821780060855,161703,mainframe
18500B,Black,Small,00821780043755,161703,option:name
18500B,Black,Medium,00821780043756,161784,option:name
18500B,Black,Large,00821780043757,161701,option:name
18500B,Black,X-Large,00821780058951,161763,option:name
18500B,Purple,X-Small,00821780025489,161675,mainframe
18500B,Purple,Small,00821780056633,161675,option:name
18500B,Purple,Medium,00821780056634,161741,option:name
18500B,Purple,Large,00821780056635,161726,option:name
18500B,Purple,X-Large,00821780058955,161787,option:name
18500B,Red,X-Small,00821780060856,163274,option:name
18500B,Red,Small,00821780043758,161704,option:name
18500B,Red,Medium,00821780043759,161781,option:name
18500B,Red,Large,00821780043760,161685,option:name
18500B,Red,X-Large,00821780058952,161697,option:name
18500B,Royal,X-Small,00821780060857,161681,mainframe
18500B,Royal,Small,00821780043761,161681,option:name
18500B,Royal,Medium,00821780043762,161676,option:name
18500B,Royal,Large,00821780043763,161752,option:name
18500B,Royal,X-Large,00821780058953,161680,option:name
18500B,White,X-Small,00821780025473,163290,option:name
18500B,White,Small,00821780043746,161731,option:name
18500B,White,Medium,00821780043747,161719,option:name
18500B,White,Large,00821780043748,161766,option:name
18500B,White,X-Large,00821780058948,161758,option:name
18500B,Gold,X-Small,00821780025472,161707,mainframe
18500B,Gold,Small,00821780000767,161707,option:name
18500B,Gold,Medium,00821780000766,161774,option:name
18500B,Gold,Large,00821780000765,161717,option:name
18500B,Gold,X-Large,00821780000764,161759,option:name
18500B,Maroon,X-Small,00821780060859,161746,mainframe
18500B,Maroon,Small,00821780056636,161746,option:name
18500B,Maroon,Medium,00821780056637,161702,option:name
18500B,Maroon,Large,00821780056638,161710,option:name
18500B,Maroon,X-Large,00821780058956,161721,option:name
18500B,Orange,X-Small,00821780025474,163266,option:name
18500B,Orange,Small,00821780067090,161696,option:name
18500B,Orange,Medium,00821780066125,161694,option:name
18500B,Orange,Large,00821780067093,161750,option:name
18500B,Orange,X-Large,00821780067097,161738,option:name
18500B,Charcoal,Small,00821780010563,161749,option:name
18500B,Charcoal,Medium,00821780010564,161715,option:name
18500B,Charcoal,Large,00821780010565,161737,option:name
PC099,Cool Mint,Large,00191265878081,108586,option:name
PC099,Cool Mint,Medium,00191265878074,108587,option:name
PC099,Cool Mint,Small,00191265878067,108588,option:name
PC099,Cool Mint,X-Large,00191265878098,108585,option:name
PC099Y,Cool Mint,Large,00191265881791,108590,option:name
PC099Y,Cool Mint,Medium,00191265881784,108591,option:name
PC147,Red,3X-Large,00191265081313,203130,mainframe
C811,Charcoal,One Size,00191265270588,37670,option:name
L639,Purple,X-Small,00191265191227,54495,option:name
L639,Purple,Small,00191265191241,54496,option:name
L639,Purple,Medium,00191265191265,54497,option:name
L639,Purple,Large,00191265191289,54498,option:name
L639,Purple,X-Large,00191265191296,54499,option:name
L639,Purple,2X-Large,00191265191234,54504,option:name
S639,Navy,Small,00191265254328,73808,option:name
S639,Navy,Medium,00191265254342,73809,option:name
S639,Navy,Large,00191265254366,73810,option:name
S639,Navy,X-Large,00191265254373,73811,option:name
S639,Navy,2X-Large,00191265254311,73812,option:name
S639,Purple,Small,00191265254489,73813,option:name
S639,Purple,Medium,00191265254519,73814,option:name
S639,Purple,Large,00191265254526,73815,option:name
S639,Purple,X-Large,00191265254533,73816,option:name
S639,Purple,2X-Large,00191265254465,73817,option:name
L248,Black,X-Small,00191265352338,53394,option:name
L248,Black,Small,00191265352352,53395,option:name
L248,Black,Medium,00191265352376,53396,option:name
L248,Black,Large,00191265352383,53397,option:name
L248,Black,X-Large,00191265352390,53398,option:name
L248,Black,2X-Large,00191265352321,53399,option:name
L248,Black,3X-Large,00191265352345,53400,option:name
L248,Black,4X-Large,00191265352369,53401,option:name
F247,Black,Small,00191265349628,48728,option:name
F247,Black,Medium,00191265349659,48729,option:name
F247,Black,Large,00191265349666,48730,option:name
F247,Black,X-Large,00191265349673,48731,option:name
F247,Black,2X-Large,00191265349604,48732,option:name
F247,Black,3X-Large,00191265349635,48733,option:name
F247,Grey Heather,Small,00191265349871,52550,option:name
F247,Grey Heather,Medium,00191265349895,52552,option:name
F247,Grey Heather,Large,00191265349901,52553,option:name
F247,Grey Heather,X-Large,00191265349918,52554,option:name
F247,Grey Heather,2X-Large,00191265349857,52555,option:name
F247,Grey Heather,3X-Large,00191265349864,52556,option:name
F247,Grey Heather,4X-Large,00191265349888,52557,option:name
F247,Graphite Heather,Small,00191265349796,52550,option:heur
F247,Graphite Heather,Medium,00191265349802,52552,option:heur
F247,Graphite Heather,Large,00191265349826,52553,option:heur
F247,Graphite Heather,X-Large,00191265349833,52554,option:heur
F247,Graphite Heather,2X-Large,00191265349772,52555,option:heur
F247,Graphite Heather,3X-Large,00191265349789,52556,option:heur
F247,Graphite Heather,4X-Large,00191265349819,52557,option:heur
K527,Black,X-Small,00191265514897,50603,mainframe
K527,Black,Small,00191265514927,50603,option:name
K527,Black,Medium,00191265514941,50605,option:name
K527,Black,Large,00191265514958,50606,option:name
K527,Black,X-Large,00191265514965,50607,option:name
K527,Black,2X-Large,00191265514903,50608,option:name
K527,Black,3X-Large,00191265514910,50609,option:name
K527,Black,4X-Large,00191265514934,50610,option:name
L543,Black,Small,00191265209311,54228,option:name
L543,Black,Medium,00191265209342,54229,option:name
L543,Black,Large,00191265209359,54230,option:name
L543,Black,X-Large,00191265209366,54231,option:name
L543,Black,2X-Large,00191265209298,54232,option:name
L543,Black,3X-Large,00191265209328,54233,option:name
L543,Grey Smoke,Small,00191265209489,57584,option:heur
L543,Grey Smoke,Medium,00191265209496,57585,option:heur
L543,Grey Smoke,Large,00191265209519,57586,option:heur
L543,Grey Smoke,X-Large,00191265209526,57587,option:heur
L543,Grey Smoke,2X-Large,00191265209465,57588,option:heur
L543,Grey Smoke,3X-Large,00191265209472,57589,option:heur
DT5000,New Red,X-Small,00191265048040,104835,option:name
DT5000,New Red,Small,00191265048064,104842,option:name
DT5000,New Red,Medium,00191265048071,104841,option:name
DT5000,New Red,Large,00191265048095,104840,option:name
DT5000,New Red,X-Large,00191265048101,104839,option:name
DT5000,New Red,2X-Large,00191265048033,104838,option:name
DT5000,New Red,3X-Large,00191265048057,104837,option:name
DT5000,New Red,4X-Large,00191265048088,104836,option:name
S642,Grey/ White,X-Large,00191265255417,76079,option:abbrev
S642,Navy/ White,X-Large,00191265255493,76272,option:name
C918,Black,One Size,00191265273923,37760,option:name
C918,Charcoal,One Size,00191265273947,37761,option:name
C918,Charcoal/ Black,One Size,00191265273954,41474,option:name
EB205,Black,X-Small,00191265699518,105147,option:name
L222,Black,X-Small,00191265263757,51559,mainframe
L222,Black,Small,00191265263788,51559,option:name
L222,Black,Medium,00191265263801,51561,option:name
L222,Black,Large,00191265263818,51562,option:name
L222,Black,X-Large,00191265263825,51563,option:name
L222,Black,2X-Large,00191265263764,51564,option:name
L222,Black,3X-Large,00191265263771,51565,option:name
L222,Black,4X-Large,00191265263795,51566,option:name
L222,Graphite,Small,00191265263931,52463,option:name
L222,Graphite,Medium,00191265263955,52465,option:name
L222,Graphite,Large,00191265263979,52466,option:name
L222,Graphite,X-Large,00191265263986,52467,option:name
L222,Graphite,2X-Large,00191265263917,52468,option:name
L222,Graphite,3X-Large,00191265263948,52469,option:name
L222,Graphite,4X-Large,00191265263962,52470,option:name
F223,Black,X-Small,00191265031431,48461,mainframe
F223,Black,Small,00191265031462,48461,option:name
F223,Black,Medium,00191265031479,48463,option:name
F223,Black,Large,00191265031493,48464,option:name
F223,Black,X-Large,00191265031509,48465,option:name
F223,Black,2X-Large,00191265031448,48466,option:name
F223,Black,3X-Large,00191265031455,48467,option:name
L223,Black,Small,00191265264099,51568,option:name
L223,Black,Medium,00191265264112,51569,option:name
L223,Black,Large,00191265264136,51570,option:name
L223,Black,X-Large,00191265264143,51571,option:name
L223,Black,2X-Large,00191265264075,51572,option:name
L223,Black,3X-Large,00191265264105,51573,option:name
L223,White,Small,00191265264587,51598,option:name
L223,White,Medium,00191265264600,51599,option:name
L223,White,Large,00191265264617,51600,option:name
L223,White,X-Large,00191265264624,51601,option:name
L223,White,2X-Large,00191265264563,51602,option:name
L223,White,3X-Large,00191265264570,51603,option:name
L223,Pearl Grey,Small,00191265264419,52970,option:heur
L223,Pearl Grey,Medium,00191265264440,52971,option:heur
L223,Pearl Grey,Large,00191265264457,52972,option:heur
L223,Pearl Grey,X-Large,00191265264464,52973,option:heur
L223,Pearl Grey,2X-Large,00191265264396,52974,option:heur
L223,Pearl Grey,3X-Large,00191265264426,52975,option:heur
L223,Pearl Grey,4X-Large,00191265264433,52976,option:heur
F224,Black,Small,00191265031776,48469,option:name
F224,Black,Medium,00191265031806,48470,option:name
F224,Black,Large,00191265031813,48471,option:name
F224,Black,X-Large,00191265031820,48472,option:name
F224,Black,2X-Large,00191265031752,48473,option:name
F224,Black,3X-Large,00191265031783,48474,option:name
L224,Black,X-Small,00191265264716,51605,mainframe
L224,Black,Small,00191265264747,51605,option:name
L224,Black,Medium,00191265264761,51607,option:name
L224,Black,Large,00191265264778,51608,option:name
L224,Black,X-Large,00191265264785,51609,option:name
L224,Black,2X-Large,00191265264723,51610,option:name
L226,Black,Small,00191265265133,51628,option:name
L226,Black,Medium,00191265265157,51629,option:name
L226,Black,Large,00191265265171,51630,option:name
L226,Black,X-Large,00191265265188,51631,option:name
L226,Black,2X-Large,00191265265119,51632,option:name
L226,Black,3X-Large,00191265265140,51633,option:name
F226,Black,Small,00191265032100,48497,option:name
F226,Black,Medium,00191265032124,48498,option:name
F226,Black,Large,00191265032131,48499,option:name
F226,Black,X-Large,00191265032148,48500,option:name
F226,Black,2X-Large,00191265032087,48501,option:name
F226,Black,3X-Large,00191265032094,48502,option:name
F226,Black,4X-Large,00191265032117,48503,option:name
F222,Black,Small,00191265031219,48448,option:name
F222,Black,Medium,00191265031233,48449,option:name
F222,Black,Large,00191265031257,48450,option:name
F222,Black,X-Large,00191265031264,48451,option:name
F222,Black,2X-Large,00191265031202,48452,option:name
F222,Black,3X-Large,00191265031226,48453,option:name
F222,Black,4X-Large,00191265031240,48454,option:name
995M,Oxford,Small,00885306130275,41651,option:name
995M,Oxford,Medium,00885306130282,41652,option:name
995M,Oxford,Large,00885306130299,41653,option:name
995M,Oxford,X-Large,00885306130305,41654,option:name
995M,Oxford,2X-Large,00885306130596,41655,option:name
995M,Oxford,3X-Large,00885306130602,41656,option:name
995M,Ash,Small,00885306130435,35946,option:name
995M,Ash,Medium,00885306130442,35947,option:name
995M,Ash,Large,00885306130459,35948,option:name
995M,Ash,X-Large,00885306130466,35949,option:name
995M,Ash,2X-Large,00885306130671,35950,option:name
995M,Ash,3X-Large,00885306130688,35951,option:name
995M,Royal,Small,00885306130312,35977,option:name
995M,Royal,Medium,00885306130329,35978,option:name
995M,Royal,Large,00885306130336,35979,option:name
995M,Royal,X-Large,00885306130343,35980,option:name
995M,Royal,2X-Large,00885306130619,35981,option:name
995M,Royal,3X-Large,00885306130626,35982,option:name
995M,Black,Small,00885306130190,35952,option:name
995M,Black,Medium,00885306130206,35953,option:name
995M,Black,Large,00885306130213,35954,option:name
995M,Black,X-Large,00885306130220,35955,option:name
995M,Black,2X-Large,00885306130558,35956,option:name
995M,Black,3X-Large,00885306130565,35957,option:name
995M,Maroon,Small,00885306130510,35965,option:name
995M,Maroon,Medium,00885306130527,35966,option:name
995M,Maroon,Large,00885306130534,35967,option:name
995M,Maroon,X-Large,00885306130541,35968,option:name
995M,Maroon,2X-Large,00885306130718,35969,option:name
995M,Maroon,3X-Large,00885306130725,35970,option:name
995M,White,Small,00885306130398,35983,option:name
995M,White,Medium,00885306130404,35984,option:name
995M,White,Large,00885306130411,35985,option:name
995M,White,X-Large,00885306130428,35986,option:name
995M,White,2X-Large,00885306130657,35987,option:name
995M,White,3X-Large,00885306130664,35988,option:name
2410,Black,Small,00821780073649,165927,option:name
2410,Black,Medium,00821780073650,165921,option:name
2410,Black,Large,00821780073651,165917,option:name
2410,Black,X-Large,00821780073652,165943,option:name
2410,Black,2X-Large,00821780073653,165883,option:name
2410,Black,3X-Large,00821780073654,165889,option:name
2410,Black,4X-Large,00821780015260,165896,option:name
2410,Navy,Small,00821780073643,165930,option:name
2410,Navy,Medium,00821780073644,165919,option:name
2410,Navy,Large,00821780073645,165914,option:name
2410,Navy,X-Large,00821780073646,165937,option:name
2410,Navy,2X-Large,00821780073647,165876,option:name
2410,Navy,3X-Large,00821780073648,165884,option:name
2410,Navy,4X-Large,00821780015259,165899,option:name
2410,Safety Green,Small,00821780089064,100676,option:heur
2410,Safety Green,Medium,00821780089065,165924,option:heur
2410,Safety Green,Large,00821780089066,165909,option:heur
2410,Safety Green,X-Large,00821780089067,165940,option:heur
2410,Safety Green,2X-Large,00821780089068,165877,option:heur
2410,Safety Green,3X-Large,00821780089069,100675,option:heur
2410,Safety Green,4X-Large,00821780015263,165895,option:heur
2410,White,Small,00821780073637,165935,option:name
2410,White,Medium,00821780073638,165926,option:name
2410,White,Large,00821780073639,165911,option:name
2410,White,X-Large,00821780073640,165939,option:name
2410,White,2X-Large,00821780073641,165882,option:name
2410,White,3X-Large,00821780073642,165891,option:name
2410,White,4X-Large,00821780015258,165894,option:name
18600B,Black,Small,00821780060927,198766,option:name
18600B,Black,Medium,00821780060928,198765,option:name
18600B,Black,Large,00821780060930,198764,option:name
18600B,Black,X-Large,00821780060932,198763,option:name
18600B,Red,Small,00821780060936,198759,option:name
18600B,Red,Medium,00821780060939,198758,option:name
18600B,Red,Large,00821780060941,198757,option:name
18600B,Red,X-Large,00821780060944,198756,option:name
K540,Black,X-Small,00191265516655,50661,mainframe
K540,Black,Small,00191265516679,50661,option:name
K540,Black,Medium,00191265516693,50663,option:name
K540,Black,Large,00191265516716,50664,option:name
K540,Black,X-Large,00191265516723,50665,option:name
K540,Black,2X-Large,00191265516662,50666,option:name
K540,Black,3X-Large,00191265516686,50667,option:name
K540,Black,4X-Large,00191265516709,50668,option:name
K540,Dark Green,Small,00191265516990,50673,option:name
K540,Dark Green,Medium,00191265517010,50674,option:name
K540,Dark Green,Large,00191265517034,50675,option:name
K540,Dark Green,X-Large,00191265517041,50676,option:name
K540,Dark Green,2X-Large,00191265516983,50677,option:name
K540,Dark Green,3X-Large,00191265517003,50678,option:name
K540,Maroon,Small,00191265517164,50679,option:name
K540,Maroon,Medium,00191265517188,50680,option:name
K540,Maroon,Large,00191265517195,50681,option:name
K540,Maroon,X-Large,00191265517201,50682,option:name
K540,Maroon,2X-Large,00191265517140,50683,option:name
K540,Red,X-Small,00191265517546,50696,mainframe
K540,Red,Small,00191265517553,50696,option:name
K540,Red,Medium,00191265517577,50698,option:name
K540,Red,Large,00191265517591,50699,option:name
K540,Red,X-Large,00191265517607,50700,option:name
K540,Red,2X-Large,00191265517539,50701,option:name
K540,Red,3X-Large,00191265517560,50702,option:name
K540,Red,4X-Large,00191265517584,50703,option:name
K540,Royal,Small,00191265517638,50704,option:name
K540,Royal,Medium,00191265517652,50705,option:name
K540,Royal,Large,00191265517676,50706,option:name
K540,Royal,X-Large,00191265517683,50707,option:name
K540,Royal,2X-Large,00191265517621,50708,option:name
K540,Neon Yellow,Small,00191265517393,52887,option:name
K540,Neon Yellow,Medium,00191265517416,52889,option:name
K540,Neon Yellow,Large,00191265517430,52890,option:name
K540,Neon Yellow,X-Large,00191265517447,52891,option:name
K540,Neon Yellow,2X-Large,00191265517386,52892,option:name
K540,Neon Yellow,3X-Large,00191265517409,52893,option:name
K540,Neon Yellow,4X-Large,00191265517423,52894,option:name
K540,Neon Orange,Small,00191265517324,52879,option:name
K540,Neon Orange,Medium,00191265517348,52881,option:name
K540,Neon Orange,Large,00191265517355,52882,option:name
K540,Neon Orange,X-Large,00191265517362,52883,option:name
K540,Neon Orange,2X-Large,00191265517300,52884,option:name
K540,Neon Orange,3X-Large,00191265517317,52885,option:name
K540,Neon Orange,4X-Large,00191265517331,52886,option:name
K540,Steel Grey,Small,00191265517720,53283,option:heur
K540,Steel Grey,Medium,00191265517744,53284,option:heur
K540,Steel Grey,Large,00191265517751,53285,option:heur
K540,Steel Grey,X-Large,00191265517768,53286,option:heur
K540,Steel Grey,2X-Large,00191265517706,53287,option:heur
K540,Steel Grey,3X-Large,00191265517713,53288,option:heur
K540,Teal Green,Small,00191265517799,53310,option:heur
K540,Teal Green,Medium,00191265517829,53311,option:heur
K540,Teal Green,Large,00191265517836,53312,option:heur
K540,Teal Green,X-Large,00191265517843,53313,option:heur
K540,Teal Green,2X-Large,00191265517775,53314,option:heur
K540,Teal Green,3X-Large,00191265517805,53315,option:heur
K540,White,X-Small,00191265517867,50709,mainframe
K540,White,Small,00191265517874,50709,option:name
K540,White,Medium,00191265517898,50711,option:name
K540,White,Large,00191265517911,50712,option:name
K540,White,X-Large,00191265517928,50713,option:name
K540,White,2X-Large,00191265517850,50714,option:name
K540,White,3X-Large,00191265517881,50715,option:name
K540,White,4X-Large,00191265517904,50716,option:name
L540,Black,X-Small,00191265208017,54172,option:name
L540,Black,Small,00191265208031,54173,option:name
L540,Black,Medium,00191265208055,54174,option:name
L540,Black,Large,00191265208079,54175,option:name
L540,Black,X-Large,00191265208086,54176,option:name
L540,Black,2X-Large,00191265208024,54177,option:name
L540,Black,3X-Large,00191265208048,54178,option:name
L540,Black,4X-Large,00191265208062,54179,option:name
L540,Maroon,X-Small,00191265208499,204731,option:name
L540,Maroon,Small,00191265208529,54186,option:name
L540,Maroon,Medium,00191265208543,54187,option:name
L540,Maroon,Large,00191265208550,54188,option:name
L540,Maroon,X-Large,00191265208567,54189,option:name
L540,Maroon,2X-Large,00191265208505,54190,option:name
L540,Maroon,3X-Large,00191265208512,204712,option:name
L540,Maroon,4X-Large,00191265208536,204719,option:name
L540,Navy,X-Small,00191265208581,204732,option:name
L540,Navy,Small,00191265208598,204728,option:name
L540,Navy,Medium,00191265208628,204727,option:name
L540,Navy,Large,00191265208635,204726,option:name
L540,Navy,X-Large,00191265208642,204729,option:name
L540,Navy,2X-Large,00191265208574,204711,option:name
L540,Navy,3X-Large,00191265208604,204713,option:name
L540,Navy,4X-Large,00191265208611,204720,option:name
L540,Red,X-Small,00191265208901,204734,option:name
L540,Red,Small,00191265208918,54203,option:name
L540,Red,Medium,00191265208932,54204,option:name
L540,Red,Large,00191265208956,54205,option:name
L540,Red,X-Large,00191265208963,54206,option:name
L540,Red,2X-Large,00191265208895,54207,option:name
L540,Red,3X-Large,00191265208925,204715,option:name
L540,Red,4X-Large,00191265208949,204722,option:name
L540,Royal,X-Small,00191265208970,54208,option:name
L540,Royal,Small,00191265208994,54209,option:name
L540,Royal,Medium,00191265209014,54210,option:name
L540,Royal,Large,00191265209038,54211,option:name
L540,Royal,X-Large,00191265209045,54212,option:name
L540,Royal,2X-Large,00191265208987,54213,option:name
L540,Royal,3X-Large,00191265209007,204716,option:name
L540,Royal,4X-Large,00191265209021,204723,option:name
L540,Neon Orange,X-Small,00191265208659,57877,option:name
L540,Neon Orange,Small,00191265208680,57878,option:name
L540,Neon Orange,Medium,00191265208703,57879,option:name
L540,Neon Orange,Large,00191265208710,57880,option:name
L540,Neon Orange,X-Large,00191265208727,57881,option:name
L540,Neon Orange,2X-Large,00191265208666,57882,option:name
L540,Neon Orange,3X-Large,00191265208673,57883,option:name
L540,Neon Orange,4X-Large,00191265208697,57884,option:name
L540,White,X-Small,00191265209229,204735,option:name
L540,White,Small,00191265209236,54214,option:name
L540,White,Medium,00191265209250,54215,option:name
L540,White,Large,00191265209274,54216,option:name
L540,White,X-Large,00191265209281,54217,option:name
L540,White,2X-Large,00191265209212,54218,option:name
L540,White,3X-Large,00191265209243,54219,option:name
L540,White,4X-Large,00191265209267,204725,option:name
Y540,Navy,Small,00191265387996,80600,option:name
Y540,Navy,Medium,00191265388009,80601,option:name
Y540,Navy,Large,00191265388016,80602,option:name
Y540,Red,Small,00191265388092,80603,option:name
Y540,Red,Medium,00191265388108,80604,option:name
Y540,Red,Large,00191265388115,80605,option:name
Y540,Red,X-Large,00191265388122,80606,option:name
Y540,Royal,Medium,00191265388153,80607,option:name
Y540,White,Small,00191265388245,80608,option:name
Y540,White,Medium,00191265388252,80609,option:name
Y540,White,Large,00191265388269,80610,option:name
L545,Black,Small,00191265209724,54269,option:name
L545,Black,Medium,00191265209731,54270,option:name
L545,Black,Large,00191265209755,54271,option:name
L545,Black,X-Large,00191265209762,54272,option:name
L545,Black,2X-Large,00191265209700,54273,option:name
K548,Poseidon Blue,Small,00191265520034,50778,option:heur
K548,Poseidon Blue,Medium,00191265520065,50779,option:heur
K548,Poseidon Blue,Large,00191265520072,50780,option:heur
K548,Poseidon Blue,X-Large,00191265520089,50781,option:heur
K548,Poseidon Blue,2X-Large,00191265520027,50782,option:heur
K548,Poseidon Blue,3X-Large,00191265520041,50783,option:heur
S649,White,X-Small,,73835,option:name
S649,White,X-Large,,73839,option:name
S649,White,2X-Large,,73840,option:name
S649,White,3X-Large,,73841,option:name
J317,Black,Small,00191265389839,49095,option:name
J317,Black,Medium,00191265389853,49097,option:name
J317,Black,Large,00191265389860,49098,option:name
J317,Black,X-Large,00191265389884,49099,option:name
J317,Black,2X-Large,00191265389808,49100,option:name
J317,Black,3X-Large,00191265389822,49101,option:name
J317,Black,4X-Large,00191265389846,49102,option:name
J317,Black,5X-Large,00191265389877,49103,option:name
L317,Black,X-Small,00191265504409,53526,option:name
L317,Black,Small,00191265504416,53527,option:name
L317,Black,Medium,00191265504430,53528,option:name
L317,Black,Large,00191265504454,53529,option:name
L317,Black,X-Large,00191265504461,53530,option:name
L317,Black,2X-Large,00191265504393,53531,option:name
L317,Black,3X-Large,00191265504423,53532,option:name
L317,Black,4X-Large,00191265504447,53533,option:name
L317,Navy Heather,X-Small,00191265708883,53550,option:heur
L317,Navy Heather,Small,00191265708869,53551,option:heur
L317,Navy Heather,Medium,00191265708852,53552,option:heur
L317,Navy Heather,Large,00191265708845,53553,option:heur
L317,Navy Heather,X-Large,00191265708876,53554,option:heur
L317,Navy Heather,2X-Large,00191265708890,53555,option:heur
L317,Navy Heather,3X-Large,00191265708821,53556,option:heur
L317,Navy Heather,4X-Large,00191265708838,53557,option:heur
L293,Black,Small,00191265353793,53492,option:name
L293,Black,Medium,00191265353816,53493,option:name
L293,Black,Large,00191265353823,53494,option:name
L293,Black,X-Large,00191265353830,53495,option:name
L293,Black,2X-Large,00191265353779,53496,option:name
L293,Black,3X-Large,00191265353786,53497,option:name
F295,Black,X-Small,00191265352093,48903,mainframe
F295,Black,Small,00191265352109,48903,option:name
F295,Black,Medium,00191265352123,48905,option:name
F295,Black,Large,00191265352147,48906,option:name
F295,Black,X-Large,00191265352154,48907,option:name
F295,Black,2X-Large,00191265352086,48908,option:name
F295,Black,3X-Large,00191265352116,48909,option:name
F227,Black/ Black,X-Small,00191265032407,48510,mainframe
F227,Black/ Black,Small,00191265032414,48510,option:abbrev
F227,Black/ Black,Medium,00191265032438,48512,option:abbrev
F227,Black/ Black,Large,00191265032452,48513,option:abbrev
F227,Black/ Black,X-Large,00191265032469,48514,option:abbrev
F227,Black/ Black,2X-Large,00191265032391,48515,option:abbrev
F227,Black/ Black,3X-Large,00191265032421,48516,option:abbrev
F227,Black/ Black,4X-Large,00191265032445,48517,option:abbrev
L227,Black/ Black,X-Small,00191265265522,51641,mainframe
L227,Black/ Black,Small,00191265265539,51641,option:abbrev
L227,Black/ Black,Medium,00191265265553,51643,option:abbrev
L227,Black/ Black,Large,00191265265577,51644,option:abbrev
L227,Black/ Black,X-Large,00191265265584,51645,option:abbrev
L227,Black/ Black,2X-Large,00191265265515,51646,option:abbrev
L227,Black/ Black,3X-Large,00191265265546,51647,option:abbrev
L227,Black/ Black,4X-Large,00191265265560,51648,option:abbrev
ST259,Black,3X-Large,00191265451369,109710,option:name
J323,Black,X-Small,00191265391535,49132,mainframe
J323,Black,Small,00191265391559,49132,option:name
J323,Black,Medium,00191265391573,49134,option:name
J323,Black,Large,00191265391580,49135,option:name
J323,Black,X-Large,00191265391597,49136,option:name
J323,Black,2X-Large,00191265391528,49137,option:name
J323,Black,3X-Large,00191265391542,49138,option:name
J323,Black,4X-Large,00191265391566,49139,option:name
DT1800,Black,Small,00191265369930,44340,option:name
DT1800,Black,Medium,00191265369954,44341,option:name
DT1800,Black,Large,00191265369978,44342,option:name
DT1800,Black,X-Large,00191265369985,44343,option:name
DT1800,Black,2X-Large,00191265369923,44344,option:name
DT1800,Black,3X-Large,00191265369947,206556,option:name
578674,Black/ White,Small,00887227915924,34993,option:name
578674,Black/ White,Medium,00887227915931,34994,option:name
578674,Black/ White,Large,00887227915948,34995,option:name
578674,Black/ White,X-Large,00887227915955,34996,option:name
578674,Black/ White,2X-Large,00887227915962,34997,option:name
578674,White/ Black,Small,00887227916020,34998,option:abbrev
578674,White/ Black,Medium,00887227916037,34999,option:abbrev
578674,White/ Black,Large,00887227916044,35000,option:abbrev
578674,White/ Black,X-Large,00887227916051,35001,option:abbrev
578674,White/ Black,2X-Large,00887227916068,35002,option:abbrev
S654,Black/ Charcoal,Small,00191265257046,75626,option:name
S654,Black/ Charcoal,Medium,00191265257077,75627,option:name
S654,Black/ Charcoal,Large,00191265257084,75628,option:name
S654,Black/ Charcoal,X-Large,00191265257091,75629,option:name
S654,Black/ Charcoal,2X-Large,00191265257022,75630,option:name
L654,Black/ Charcoal,Small,00191265193252,56954,option:name
L654,Black/ Charcoal,Medium,00191265193269,56955,option:name
L654,Black/ Charcoal,Large,00191265193283,56956,option:name
L654,Black/ Charcoal,X-Large,00191265193290,56957,option:name
L654,Black/ Charcoal,2X-Large,00191265193221,56958,option:name
TST850,Black,3X-Large Tall,00191265088220,110546,option:name
KP55,Orange,Small,00191265409896,106426,option:name
KP55,Orange,Medium,00191265409902,106425,option:name
KP55,Orange,Large,00191265409926,106424,option:name
KP55,Orange,X-Large,00191265409957,106423,option:name
KP55,Orange,2X-Large,00191265409872,106422,option:name
KP55,Orange,3X-Large,00191265409889,106421,option:name
TST350,Black,2X-Large Tall,00191265143950,110536,option:name
TST350,Black,4X-Large Tall,00191265143981,110537,option:name
TST350,Atomic Blue,X-Large Tall,00191265143929,110535,option:name
PC90T,Athletic Heather,Large Tall,00191265317054,109095,option:name
PC90T,Athletic Heather,X-Large Tall,00191265317078,109096,option:name
PC90T,Athletic Heather,2X-Large Tall,00191265317047,109093,option:name
PC90T,Athletic Heather,3X-Large Tall,00191265317061,109094,option:name
PC90T,Athletic Heather,4X-Large Tall,00191265317085,109097,option:name
PC90HT,Athletic Heather,X-Large Tall,00191265315920,109084,option:heur
PC90HT,Athletic Heather,2X-Large Tall,00191265315913,109083,option:heur
PC90HT,Maroon,Large Tall,00191265316309,109087,option:name
PC90HT,Maroon,X-Large Tall,00191265316330,109088,option:name
PC90HT,Maroon,2X-Large Tall,00191265316316,109085,option:name
PC90HT,Maroon,3X-Large Tall,00191265316323,109086,option:name
PC90HT,Maroon,4X-Large Tall,00191265316347,109089,option:name
PC90ZHT,Royal,Large Tall,00191265406079,109116,option:name
PC90ZHT,Royal,X-Large Tall,00191265406086,109117,option:name
PC90ZHT,Royal,2X-Large Tall,00191265406062,109115,option:name
PC90ZHT,Royal,4X-Large Tall,00191265406109,109118,option:name
42000,Safety Green,Small,00821780017748,166206,option:name
42000,Safety Green,Medium,00821780017749,166200,option:name
42000,Safety Green,Large,00821780017750,166187,option:name
42000,Safety Green,X-Large,00821780017751,166221,option:name
42000,Safety Green,2X-Large,00821780017752,166171,option:name
42000,Black,Small,00821780017677,166208,option:name
42000,Black,Medium,00821780017678,166204,option:name
42000,Black,Large,00821780017679,166189,option:name
42000,Black,X-Large,00821780017680,166226,option:name
42000,Black,2X-Large,00821780017681,166173,option:name
42000,Black,3X-Large,00821780017682,166179,option:name
42000,Red,Small,00821780017803,166209,option:name
42000,Red,Medium,00821780017802,166201,option:name
42000,Red,Large,00821780017801,166186,option:name
42000,Red,X-Large,00821780017806,166224,option:name
42000,Red,2X-Large,00821780017805,166169,option:name
42000,Red,3X-Large,00821780017804,166181,option:name
42000,Royal,Small,00821780017703,166212,option:name
42000,Royal,Medium,00821780017705,166199,option:name
42000,Royal,Large,00821780017708,166191,option:name
42000,Royal,X-Large,00821780017711,166225,option:name
42000,Royal,2X-Large,00821780017713,166163,option:name
42000,White,Small,00821780017653,166207,option:name
42000,White,Medium,00821780017654,166195,option:name
42000,White,Large,00821780017655,166190,option:name
42000,White,X-Large,00821780017656,166220,option:name
42000,White,2X-Large,00821780017657,166168,option:name
42000,White,3X-Large,00821780017658,166177,option:name
42000,Carolina Blue,Small,00821780017736,166215,option:heur
42000,Carolina Blue,Medium,00821780017737,166194,option:heur
42000,Carolina Blue,Large,00821780017738,166188,option:heur
42000,Carolina Blue,X-Large,00821780017739,166228,option:heur
42000,Carolina Blue,2X-Large,00821780017740,166159,option:heur
42000,Carolina Blue,3X-Large,00821780017741,166175,option:heur
42000,Gold,2X-Large,00821780020996,166172,option:name
42000,Gold,3X-Large,00821780020997,166176,option:name
42000,Gold,Large,00821780020994,166184,option:name
42000,Gold,Medium,00821780020993,166202,option:name
42000,Gold,Small,00821780020992,166211,option:name
42000,Gold,X-Large,00821780020995,166218,option:name
42000,Orange,2X-Large,00821780020572,166162,option:name
42000,Orange,3X-Large,00821780020573,166178,option:name
42000,Orange,Large,00821780020570,166192,option:name
42000,Orange,Medium,00821780020569,166196,option:name
42000,Orange,Small,00821780020568,166210,option:name
42000,Orange,X-Large,00821780020571,166229,option:name
42000,Sport Grey,2X-Large,00821780028969,166160,option:heur
42000,Sport Grey,Large,00821780028967,166185,option:heur
42000,Sport Grey,Medium,00821780028966,166205,option:heur
42000,Sport Grey,Small,00821780028965,166216,option:heur
42000,Sport Grey,X-Large,00821780028968,166219,option:heur
42000L,Charcoal,Small,00821780018099,199743,option:name
42000L,Charcoal,Medium,00821780018100,199742,option:name
42000L,Charcoal,Large,00821780018101,199741,option:name
42000L,Charcoal,X-Large,00821780018102,199740,option:name
42000L,Charcoal,2X-Large,00821780018103,199739,option:name
42000B,Charcoal,X-Small,00821780017780,166242,option:name
42000B,Charcoal,Small,00821780017690,166241,option:name
42000B,Charcoal,Medium,00821780017691,166236,option:name
42000B,Charcoal,Large,00821780017693,166231,option:name
42000B,Charcoal,X-Large,00821780017694,166248,option:name
42000B,Black,Small,00821780017668,166245,option:name
42000B,Black,Medium,00821780017669,166238,option:name
42000B,Black,Large,00821780017670,166232,option:name
42000B,Royal,Medium,00821780017699,166239,option:name
42000B,Royal,Large,00821780017700,166230,option:name
42000B,White,X-Large,00821780017666,166249,option:name
42000B,Carolina Blue,Small,00821780017716,101099,option:heur
42000B,Carolina Blue,Medium,00821780017717,101098,option:heur
42000B,Carolina Blue,Large,00821780017718,101097,option:heur
42000B,Carolina Blue,X-Large,00821780017720,101096,option:heur
18200B,Black,Small,00821780042933,161283,option:name
18200B,Black,Medium,00821780042934,161287,option:name
18200B,Black,Large,00821780042935,161280,option:name
18200B,Black,X-Large,00821780095105,161296,option:name
8900,Red,Small,00821780078754,35687,option:name
8900,Red,Medium,00821780002471,35688,option:name
8900,Red,Large,00821780002472,35689,option:name
8900,Red,X-Large,00821780002473,35690,option:name
8900,Red,2X-Large,00821780002474,35691,option:name
8900,Red,3X-Large,00821780002558,35692,option:name
8900,Red,4X-Large,00821780005570,35693,option:name
8900,Red,5X-Large,00821780005571,35694,option:name
CS416,Black/ Red,Small,00191265276597,103982,option:name
CS416,Black/ Red,Medium,00191265276610,103981,option:name
CS416,Black/ Red,Large,00191265276627,103980,option:name
CS416,Black/ Red,X-Large,00191265276634,103979,option:name
CS416,Black/ Red,2X-Large,00191265276566,103978,option:name
CS416,Black/ Red,3X-Large,00191265276580,103977,option:name
YST350LS,Black,X-Small,00191265091244,83166,option:name
YST350LS,Black,Small,00191265091251,83167,option:name
YST350LS,Black,Medium,00191265091268,83168,option:name
YST350LS,Black,Large,00191265091275,83169,option:name
YST350LS,Black,X-Large,00191265091282,83170,option:name
YST350LS,Gold,Large,00191265091473,83190,option:name
YST350LS,Silver,Medium,00191265091916,111228,option:name
YST350LS,White,Small,00191265092104,83232,option:name
YST350LS,White,Large,00191265092128,83235,option:name
YST350LS,Maroon,Small,00191265091657,83198,option:name
YST350LS,Maroon,Medium,00191265091664,83199,option:name
YST350LS,Maroon,Large,00191265091671,83200,option:name
YST350LS,Maroon,X-Large,00191265091688,83201,option:name
YST350LS,Purple,Large,00191265091879,83222,option:name
YST350LS,Royal,Large,00197908130516,83230,option:name
DT2100,Black,Small,00191265371537,104797,option:name
DT2100,Black,Medium,00191265371551,104796,option:name
DT2100,Black,X-Large,00191265371582,104795,option:name
DT2100,Black,2X-Large,00191265371520,104794,option:name
J324,Black,Small,00191265391719,49141,option:name
J324,Black,Medium,00191265391733,49142,option:name
J324,Black,Large,00191265391740,49143,option:name
J324,Black,X-Large,00191265391757,49144,option:name
J324,Black,2X-Large,00191265391696,49145,option:name
J324,Black,3X-Large,00191265391702,49146,option:name
J324,Estate Blue,Small,00191265391788,52337,option:heur
J324,Estate Blue,Medium,00191265391801,52338,option:heur
J324,Estate Blue,Large,00191265391825,52339,option:heur
J324,Estate Blue,X-Large,00191265391832,52340,option:heur
J324,Estate Blue,2X-Large,00191265391771,52341,option:heur
J324,Estate Blue,3X-Large,00191265391795,52342,option:heur
J324,Estate Blue,4X-Large,00191265391818,52343,option:heur
J324,Dress Blue Navy,Small,00191265711296,52271,option:heur
J324,Dress Blue Navy,Medium,00191265711289,52272,option:heur
J324,Dress Blue Navy,Large,00191265711272,52273,option:heur
J324,Dress Blue Navy,X-Large,00191265711302,52274,option:heur
J324,Dress Blue Navy,2X-Large,00191265711241,52275,option:heur
J324,Dress Blue Navy,3X-Large,00191265711258,52276,option:heur
L324,Black,Small,00191265506342,53569,option:name
L324,Black,Medium,00191265506359,53570,option:name
L324,Black,Large,00191265506373,53571,option:name
L324,Black,X-Large,00191265506380,53572,option:name
L324,Black,2X-Large,00191265506311,53573,option:name
L324,Estate Blue,X-Small,00191265506403,53574,option:heur
L324,Estate Blue,Small,00191265506427,53575,option:heur
L324,Estate Blue,Medium,00191265506434,53576,option:heur
L324,Estate Blue,Large,00191265506458,53577,option:heur
L324,Estate Blue,X-Large,00191265506465,53578,option:heur
L324,Estate Blue,2X-Large,00191265506397,53579,option:heur
L324,Estate Blue,3X-Large,00191265506410,53580,option:heur
L324,Estate Blue,4X-Large,00191265506441,53581,option:heur
L324,Posh Purple,X-Small,00191265506472,57996,option:heur
L324,Posh Purple,Small,00191265506502,57997,option:heur
L324,Posh Purple,Medium,00191265506526,57998,option:heur
L324,Posh Purple,Large,00191265506533,57999,option:heur
L324,Posh Purple,X-Large,00191265506540,58000,option:heur
L324,Posh Purple,2X-Large,00191265506489,58001,option:heur
J325,Black,X-Small,00191265392006,49155,mainframe
J325,Black,Small,00191265392037,49155,option:name
J325,Black,Medium,00191265392044,49157,option:name
J325,Black,Large,00191265392068,49158,option:name
J325,Black,X-Large,00191265392075,49159,option:name
J325,Black,2X-Large,00191265392013,49160,option:name
J325,Black,3X-Large,00191265392020,49161,option:name
J325,Black,4X-Large,00191265392051,49162,option:name
L325,Black,Small,00191265506656,53590,option:name
L325,Black,Medium,00191265506687,53591,option:name
L325,Black,Large,00191265506694,53592,option:name
L325,Black,X-Large,00191265506700,53593,option:name
L325,Black,2X-Large,00191265506649,53594,option:name
L7620,Denim Blue,X-Small,00191265003452,57277,option:heur
L7620,Denim Blue,Small,00191265003476,57278,option:heur
L7620,Denim Blue,Medium,00191265003506,57279,option:heur
L7620,Denim Blue,Large,00191265003513,57280,option:heur
L7620,Denim Blue,X-Large,00191265003520,57281,option:heur
L7620,Denim Blue,2X-Large,00191265003469,57282,option:heur
L7620,Denim Blue,3X-Large,00191265003483,57283,option:heur
L7620,Denim Blue,4X-Large,00191265003490,57284,option:heur
EB225,Black,X-Small,00191265709613,105164,option:name
EB225,Black,Small,00191265709590,45346,option:name
EB225,Black,Medium,00191265709583,45348,option:name
EB225,Black,Large,00191265709576,45349,option:name
EB225,Black,X-Large,00191265709606,45350,option:name
EB225,Black,2X-Large,00191265709545,45351,option:name
EB225,Black,3X-Large,00191265709552,45352,option:name
EB225,Black,4X-Large,00191265709569,45353,option:name
EB225,Peak Blue,Small,00191265709910,47452,option:name
EB225,Peak Blue,Medium,00191265709903,47453,option:name
EB225,Peak Blue,Large,00191265709897,47454,option:name
EB225,Peak Blue,X-Large,00191265709927,47455,option:name
EB225,Peak Blue,3X-Large,00191265709873,47457,option:name
EB225,Peak Blue,4X-Large,00191265709880,47458,option:name
EB225,Navy,X-Small,00191265709859,105150,option:name
EB225,Navy,Small,00191265709835,45362,option:name
EB225,Navy,Medium,00191265709828,45364,option:name
EB225,Navy,Large,00191265709811,45365,option:name
EB225,Navy,X-Large,00191265709842,45366,option:name
EB225,Navy,2X-Large,00191265709781,45367,option:name
EB225,Navy,3X-Large,00191265709798,45368,option:name
EB225,Navy,4X-Large,00191265709804,45369,option:name
K540P,Black,Small,00191265518598,50754,option:name
K540P,Black,Medium,00191265518628,50755,option:name
K540P,Black,Large,00191265518635,50756,option:name
K540P,Black,X-Large,00191265518642,50757,option:name
K540P,Black,2X-Large,00191265518574,50758,option:name
K540P,Black,3X-Large,00191265518604,50759,option:name
K540P,Black,4X-Large,00191265518611,50760,option:name
K540P,Red,Small,00191265518994,50761,option:name
K540P,Red,Medium,00191265519021,50762,option:name
K540P,Red,Large,00191265519038,50763,option:name
K540P,Red,X-Large,00191265519045,50764,option:name
K540P,Red,2X-Large,00191265518970,50765,option:name
K540P,Red,3X-Large,00191265519007,50766,option:name
K540P,Red,4X-Large,00191265519014,50767,option:name
K540P,White,Small,00191265519243,50768,option:name
K540P,White,Medium,00191265519250,50769,option:name
K540P,White,Large,00191265519274,50770,option:name
K540P,White,X-Large,00191265519281,50771,option:name
K540P,White,2X-Large,00191265519212,50772,option:name
K540P,White,3X-Large,00191265519236,50773,option:name
K540P,White,4X-Large,00191265519267,50774,option:name
K547,Red/ Black,Small,00191265519649,53122,option:abbrev
K547,Red/ Black,Medium,00191265519663,53123,option:abbrev
K547,Red/ Black,Large,00191265519670,53124,option:abbrev
K547,Red/ Black,X-Large,00191265519687,53125,option:abbrev
K547,Red/ Black,2X-Large,00191265519625,53126,option:abbrev
K547,Red/ Black,3X-Large,00191265519632,53127,option:abbrev
L547,Red/ Black,Small,00191265210287,58031,option:abbrev
L547,Red/ Black,Medium,00191265210300,58032,option:abbrev
L547,Red/ Black,Large,00191265210317,58033,option:abbrev
L547,Red/ Black,X-Large,00191265210324,58034,option:abbrev
L547,Red/ Black,2X-Large,00191265210263,58035,option:abbrev
PC146,Black,Small,00191265232432,66798,option:name
PC146,Black,Medium,00191265232463,66799,option:name
PC146,Black,Large,00191265232470,66800,option:name
PC146,Black,X-Large,00191265232487,66801,option:name
PC146,Black,2X-Large,00191265232425,66802,option:name
PC146,Black,3X-Large,00191265232449,66803,option:name
PC146,Black,4X-Large,00191265232456,66804,option:name
PC146,Navy,Small,00191265232654,66812,option:name
PC146,Navy,Medium,00191265232678,66813,option:name
PC146,Navy,Large,00191265232685,66814,option:name
PC146,Navy,X-Large,00191265232692,66815,option:name
PC146,Navy,2X-Large,00191265232630,66816,option:name
PC146,Navy,3X-Large,00191265232647,66817,option:name
PC146,Navy,4X-Large,00191265232661,66818,option:name
PC146,Purple,Small,00191265232937,66825,option:name
PC146,Purple,Medium,00191265232944,66826,option:name
PC146,Purple,Large,00191265232968,66827,option:name
PC146,Purple,X-Large,00191265232975,66828,option:name
PC146,Purple,2X-Large,00191265232913,66829,option:name
PC146,Purple,3X-Large,00191265232920,66830,option:name
PC146,Purple,4X-Large,00191265232951,66831,option:name
PC146,Royal,Small,00191265233149,204013,option:name
PC146,Royal,Medium,00191265233163,66832,option:name
PC146,Royal,Large,00191265233170,204012,option:name
PC146,Royal,X-Large,00191265233187,204014,option:name
PC146,Royal,2X-Large,00191265233125,204007,option:name
PC146,Royal,3X-Large,00191265233132,204008,option:name
PC146,Royal,4X-Large,00191265233156,204011,option:name
PC146,Pink,Small,00191265232852,66819,option:name
PC146,Pink,Medium,00191265232876,66820,option:name
PC146,Pink,Large,00191265232890,66821,option:name
PC146,Pink,X-Large,00191265232906,66822,option:name
PC146,Pink,2X-Large,00191265232845,66823,option:name
PC146,Pink,3X-Large,00191265232869,66824,option:name
PC146,Pink,4X-Large,00191265232883,204009,option:name
LPC54,Neon Pink,Small,00191265040563,106988,option:name
LPC54,Neon Pink,Medium,00191265040587,106987,option:name
LPC54,Neon Pink,Large,00191265040600,106986,option:name
LPC54,Neon Pink,X-Large,00191265040617,106985,option:name
LPC54,Neon Pink,2X-Large,00191265040556,106984,option:name
LPC54,Neon Pink,3X-Large,00191265040570,106983,option:name
PC146Y,Black,X-Small,00191265233262,108612,option:name
PC146Y,Black,Small,00191265233279,66834,option:name
PC146Y,Black,Medium,00191265233286,66835,option:name
PC146Y,Black,Large,00191265233293,66836,option:name
PC146Y,Black,X-Large,00191265233309,66837,option:name
PC146Y,Navy,X-Small,00191265233415,66841,option:name
PC146Y,Navy,Small,00191265233422,66842,option:name
PC146Y,Navy,Medium,00191265233439,66843,option:name
PC146Y,Navy,Large,00191265233446,66844,option:name
PC146Y,Navy,X-Large,00191265233453,66845,option:name
PC146Y,Purple,X-Small,00191265233613,66846,option:name
PC146Y,Purple,Small,00191265233620,66847,option:name
PC146Y,Purple,Medium,00191265233637,66848,option:name
PC146Y,Purple,Large,00191265233644,66849,option:name
PC146Y,Purple,X-Large,00191265233651,66850,option:name
PC146Y,Royal,X-Small,00191265233767,108607,option:name
PC146Y,Royal,Small,00191265233774,108611,option:name
PC146Y,Royal,Medium,00191265233781,108610,option:name
PC146Y,Royal,Large,00191265233798,108609,option:name
PC146Y,Royal,X-Large,00191265233804,108608,option:name
PC146Y,Pink,Small,00191265233576,70992,option:name
PC146Y,Pink,Medium,00191265233583,70993,option:name
PC146Y,Pink,Large,00191265233590,70994,option:name
PC146Y,Pink,X-Large,00191265233606,70995,option:name
5000L,Black,Small,00821780008803,167034,option:name
5000L,Black,Medium,00821780008804,167020,option:name
5000L,Black,Large,00821780008805,167009,option:name
5000L,Black,X-Large,00821780008806,167052,option:name
5000L,Black,2X-Large,00821780008807,166994,option:name
5000L,Maroon,Small,00821780008854,167038,option:name
5000L,Maroon,Medium,00821780008855,167019,option:name
5000L,Maroon,Large,00821780008856,167012,option:name
5000L,Maroon,X-Large,00821780008857,167041,option:name
5000L,Maroon,2X-Large,00821780008858,166985,option:name
5000L,Orange,Small,00821780008809,167028,option:name
5000L,Orange,Medium,00821780008810,167024,option:name
5000L,Orange,Large,00821780008811,167008,option:name
5000L,Orange,X-Large,00821780008812,167045,option:name
5000L,Orange,2X-Large,00821780008813,166983,option:name
5000L,Purple,X-Large,00821780008851,167043,option:name
5000L,Red,Small,00821780008814,167032,option:name
5000L,Red,Medium,00821780008815,167022,option:name
5000L,Red,Large,00821780008816,167006,option:name
5000L,Red,X-Large,00821780008817,167053,option:name
5000L,Red,2X-Large,00821780008818,166986,option:name
5000L,Red,3X-Large,00821780008819,166998,option:name
5000L,Royal,Small,00821780008828,167036,option:name
5000L,Royal,Medium,00821780008831,167014,option:name
5000L,Royal,Large,00821780008832,167011,option:name
5000L,Royal,X-Large,00821780008833,167042,option:name
5000L,Royal,2X-Large,00821780008834,166991,option:name
5000L,White,Small,00821780008783,167033,option:name
5000L,White,Medium,00821780008786,167017,option:name
5000L,White,Large,00821780008788,167007,option:name
5000L,White,X-Large,00821780008789,167050,option:name
5000L,White,2X-Large,00821780008790,166988,option:name
5000L,Azalea,Small,00821780008842,167026,option:name
5000L,Azalea,Medium,00821780008843,167015,option:name
5000L,Azalea,Large,00821780008844,167004,option:name
5000L,Azalea,X-Large,00821780008845,167047,option:name
5000L,Azalea,2X-Large,00821780008846,166984,option:name
5000L,Azalea,3X-Large,00821780008847,166999,option:name
5000L,Carolina Blue,Small,00821780000037,167037,option:heur
5000L,Carolina Blue,Medium,00821780000038,167018,option:heur
5000L,Carolina Blue,Large,00821780000039,167005,option:heur
5000L,Carolina Blue,X-Large,00821780000040,167048,option:heur
5000L,Carolina Blue,2X-Large,00821780000041,166990,option:heur
5000L,Sapphire,Small,00821780008770,167027,option:name
5000L,Sapphire,Medium,00821780008772,167025,option:name
5000L,Sapphire,Large,00821780008775,167001,option:name
5000L,Sapphire,X-Large,00821780008777,167040,option:name
5000L,Sapphire,2X-Large,00821780008779,166987,option:name
995Y,Black,Small,00885306247034,35990,option:name
995Y,Black,Medium,00885306247041,35991,option:name
995Y,Black,Large,00885306247058,35992,option:name
980,Black,Small,00707738106492,31090,option:name
980,Black,Medium,00707738106508,28875,option:name
980,Black,Large,00707738106515,28876,option:name
980,Black,X-Large,00707738106522,28877,option:name
980,Black,2X-Large,00707738106690,28878,option:name
980,Black,3X-Large,00707738526061,28879,option:name
980,Red,Small,00707738263539,28910,option:name
980,Red,Medium,00707738263546,28911,option:name
980,Red,Large,00707738263553,28912,option:name
980,Red,X-Large,00707738263560,28913,option:name
980,Red,2X-Large,00707738263577,28914,option:name
980,Red,3X-Large,00707738970178,28915,option:name
980,White,Small,00707738106577,28927,option:name
980,White,Medium,00707738106584,28928,option:name
980,White,Large,00707738106591,28929,option:name
980,White,X-Large,00707738106607,28930,option:name
980,White,2X-Large,00707738106614,28931,option:name
980,White,3X-Large,00707738526139,28932,option:name
980,Charcoal,Small,00707738975968,28880,option:name
980,Charcoal,Medium,00707738975975,28881,option:name
980,Charcoal,Large,00707738975982,28882,option:name
980,Charcoal,X-Large,00707738975999,28883,option:name
980,Charcoal,2X-Large,00707738976088,28884,option:name
980,Charcoal,3X-Large,00707738976118,28885,option:name
980,Heather Grey,Small,00707738680534,28892,option:name
980,Heather Grey,Medium,00707738680541,28893,option:name
980,Heather Grey,Large,00707738680558,28894,option:name
980,Heather Grey,X-Large,00707738680565,28895,option:name
980,Heather Grey,2X-Large,00707738680572,28896,option:name
980,Heather Grey,3X-Large,00707738680589,28897,option:name
980,Storm Grey,Small,00707738579999,32598,option:name
980,Storm Grey,Medium,00707738580001,32599,option:name
980,Storm Grey,Large,00707738580018,32600,option:name
980,Storm Grey,X-Large,00707738580025,32601,option:name
980,Storm Grey,2X-Large,00707738580049,32602,option:name
980,Storm Grey,3X-Large,00707738580063,32603,option:name
980,Teal Ice,2X-Large,00821780068369,206071,option:name
980,Teal Ice,3X-Large,00821780068370,206074,option:name
980,Teal Ice,Large,00821780068367,206077,option:name
980,Teal Ice,Medium,00821780068366,206079,option:name
980,Teal Ice,Small,00821780068365,206081,option:name
980,Teal Ice,X-Large,00821780068368,206082,option:name
980,Black,X-Small,00707738051587,28873,option:name
980,White,X-Small,00707738053727,206107,option:name
980,Heather Grey,X-Small,00707738051679,206088,option:name
880,Black,Small,00707738586249,28768,option:name
880,Black,Medium,00707738586256,28769,option:name
880,Black,Large,00707738586263,28770,option:name
880,Black,X-Large,00707738586270,28771,option:name
880,Black,2X-Large,00707738586409,28772,option:name
880,Royal Blue,Small,00707738973650,28793,option:abbrev
880,Royal Blue,Medium,00707738973667,28794,option:abbrev
880,Royal Blue,Large,00707738973674,28795,option:abbrev
880,Royal Blue,X-Large,00707738973681,28796,option:abbrev
880,Royal Blue,2X-Large,00707738973834,28797,option:abbrev
880,White,Small,00707738586447,28799,option:name
880,White,Medium,00707738586454,28800,option:name
880,White,Large,00707738586461,28801,option:name
880,White,X-Large,00707738586478,28802,option:name
880,White,2X-Large,00707738586485,28803,option:name
880,Charity Pink,Small,00707738586041,31544,option:heur
880,Charity Pink,Medium,00707738586058,31545,option:heur
880,Charity Pink,Large,00707738586065,31546,option:heur
880,Charity Pink,X-Large,00707738586072,31547,option:heur
880,Charity Pink,2X-Large,00707738586508,31548,option:heur
880,Heather Grey,Small,00707738973872,28778,option:name
880,Heather Grey,Medium,00707738973889,28779,option:name
880,Heather Grey,Large,00707738973896,28780,option:name
880,Heather Grey,X-Large,00707738973902,28781,option:name
880,Heather Grey,2X-Large,00707738973919,28782,option:name
880,Heather Purple,Small,00707738974039,31926,option:name
880,Heather Purple,Medium,00707738974046,31927,option:name
880,Heather Purple,Large,00707738974053,31928,option:name
880,Heather Purple,X-Large,00707738974060,31929,option:name
880,Heather Purple,2X-Large,00707738974145,31930,option:name
71000,Heather Grey,Small,00707738982713,28761,option:name
71000,Heather Grey,Medium,00707738982720,28762,option:name
71000,Heather Grey,Large,00707738982737,28763,option:name
71000,Heather Grey,X-Large,00707738982744,28764,option:name
71000,Heather Grey,2X-Large,00707738982751,28765,option:name
71000,Heather Grey,3X-Large,00707738982768,28766,option:name
72000L,Black,Small,00821780023165,35404,option:name
72000L,Black,Medium,00821780023166,35405,option:name
72000L,Black,Large,00821780023167,35406,option:name
72000L,Black,X-Large,00821780023168,35407,option:name
72000L,Black,2X-Large,00821780023169,35408,option:name
K570,White,Medium,00191265523738,88645,mainframe
L570,Black,X-Small,00191265262828,54308,option:name
L570,Black,Small,00191265262835,54309,option:name
L570,Black,Medium,00191265262859,54310,option:name
L570,Black,Large,00191265262873,54311,option:name
L570,Black,X-Large,00191265262880,54312,option:name
L570,Black,2X-Large,00191265262811,54313,option:name
L570,Black,3X-Large,00191265262842,54314,option:name
L570,Black,4X-Large,00191265262866,54315,option:name
L570,White,X-Small,00191265286893,54317,option:name
L570,White,Small,00191265286916,54318,option:name
L570,White,Medium,00191265286930,54319,option:name
L570,White,Large,00191265286954,54320,option:name
L570,White,X-Large,00191265286961,54321,option:name
L570,White,2X-Large,00191265286909,54322,option:name
L570,White,3X-Large,00191265286923,54323,option:name
L570,White,4X-Large,00191265286947,54324,option:name
C914,Black,One Size,00191265273657,37747,option:name
C914,Red,One Size,00191265273756,37749,option:name
C914,Royal,One Size,00191265273763,37750,option:name
C914,White,One Size,00191265273800,37751,option:name
C914,Neon Yellow,One Size,00191265273725,41630,option:name
637167,Blustery,X-Small,00826216706747,101827,option:name
637167,Blustery,Small,00888408932730,101833,option:name
637167,Blustery,Large,00888408932754,101832,option:name
637167,Blustery,X-Large,00888408932761,101831,option:name
637167,Blustery,2X-Large,00888408932778,101830,option:name
637167,Blustery,3X-Large,00826216706815,101829,option:name
637167,Blustery,4X-Large,00826216706822,101828,option:name
637167,Volt,X-Small,00826216706921,40794,mainframe
637167,Volt,Small,00888408932785,40794,option:name
637167,Volt,Medium,00888408932792,40796,option:name
637167,Volt,Large,00888408932808,40797,option:name
637167,Volt,X-Large,00888408932815,40798,option:name
637167,Volt,2X-Large,00888408932822,40799,option:name
637167,Volt,3X-Large,00826216706938,40800,option:name
637167,Volt,4X-Large,00826216706945,40801,option:name
637167,Black,X-Small,00826216701735,35067,mainframe
637167,Black,Small,00091208718149,35067,option:name
637167,Black,Medium,00091208718156,35069,option:name
637167,Black,Large,00091208718378,35070,option:name
637167,Black,X-Large,00091208718392,35071,option:name
637167,Black,2X-Large,00091208718408,35072,option:name
637167,Black,3X-Large,00826216702077,35073,option:name
637167,Black,4X-Large,00826216704897,35074,option:name
637167,White,X-Small,00826216705085,101882,option:name
637167,White,Small,00091208723488,35075,option:name
637167,White,Medium,00091208723518,35076,option:name
637167,White,Large,00091208723525,35077,option:name
637167,White,X-Large,00091208723532,35078,option:name
637167,White,2X-Large,00091208723549,35079,option:name
637167,White,3X-Large,00826216705276,101884,option:name
637167,White,4X-Large,00826216705283,101883,option:name
637167,Marine,X-Small,00826216706549,40601,mainframe
637167,Marine,Small,00888408932686,40601,option:name
637167,Marine,Medium,00888408932693,40603,option:name
637167,Marine,Large,00888408932709,40604,option:name
637167,Marine,X-Large,00888408932716,40605,option:name
637167,Marine,2X-Large,00888408932723,40606,option:name
637167,Marine,3X-Large,00826216706563,40607,option:name
637167,Marine,4X-Large,00826216706716,40608,option:name
637167,Court Purple,X-Small,00887226025280,101849,option:heur
637167,Court Purple,Small,00091208890838,40413,option:heur
637167,Court Purple,Medium,00091208891552,40415,option:heur
637167,Court Purple,Large,00091208891569,40416,option:heur
637167,Court Purple,X-Large,00091208891576,40417,option:heur
637167,Court Purple,2X-Large,00091208891583,40418,option:heur
637167,Court Purple,3X-Large,00887226025297,40419,option:heur
637167,Court Purple,4X-Large,00887226025303,40420,option:heur
S659,Black,Small,00191265257770,73896,option:name
S659,Black,Medium,00191265257794,73897,option:name
S659,Black,Large,00191265257800,73898,option:name
S659,Black,X-Large,00191265257817,73899,option:name
S659,Black,2X-Large,00191265257756,73900,option:name
S659,Black,3X-Large,00191265257763,73901,option:name
S659,White,Small,00191265258005,73902,option:name
S659,White,Medium,00191265258036,73903,option:name
S659,White,Large,00191265258043,73904,option:name
S659,White,X-Large,00191265258050,73905,option:name
S659,White,2X-Large,00191265257992,73906,option:name
S659,White,3X-Large,00191265258012,73907,option:name
S658,Black,Small,00191265257299,73883,option:name
S658,Black,Medium,00191265257312,73884,option:name
S658,Black,Large,00191265257329,73885,option:name
S658,Black,X-Large,00191265257336,73886,option:name
S658,Black,2X-Large,00191265257275,73887,option:name
S658,Navy,Large,00191265257480,73888,option:name
S658,Navy,X-Large,00191265257497,73889,option:name
S658,White,Small,00191265257695,73890,option:name
S658,White,Medium,00191265257718,73891,option:name
S658,White,Large,00191265257725,73892,option:name
S658,White,X-Large,00191265257732,73893,option:name
S658,White,2X-Large,00191265257671,73894,option:name
K572,Black,X-Small,00191265004497,50821,mainframe
K572,Black,Small,00191265004503,50821,option:name
K572,Black,Medium,00191265004534,50823,option:name
K572,Black,Large,00191265004541,50824,option:name
K572,Black,X-Large,00191265004558,50825,option:name
K572,Black,2X-Large,00191265004480,50826,option:name
K572,Black,3X-Large,00191265004510,50827,option:name
K572,Black,4X-Large,00191265004527,50828,option:name
K572,Celadon Blue,Small,00191265004589,50829,option:heur
K572,Celadon Blue,Medium,00191265004602,50831,option:heur
K572,Celadon Blue,Large,00191265004626,50832,option:heur
K572,Celadon Blue,X-Large,00191265004633,50833,option:heur
K572,Celadon Blue,2X-Large,00191265004565,50834,option:heur
K572,Celadon Blue,3X-Large,00191265004596,50835,option:heur
K572,Celadon Blue,4X-Large,00191265004619,50836,option:heur
L572,Black,X-Small,00191265287708,54332,option:name
L572,Black,Small,00191265287722,54333,option:name
L572,Black,Medium,00191265287746,54334,option:name
L572,Black,Large,00191265287753,54335,option:name
L572,Black,X-Large,00191265287760,54336,option:name
L572,Black,2X-Large,00191265287692,54337,option:name
L572,Black,3X-Large,00191265287715,54338,option:name
L572,Black,4X-Large,00191265287739,54339,option:name
L572,Celadon Blue,X-Small,00191265287777,54340,option:heur
L572,Celadon Blue,Small,00191265287807,54341,option:heur
L572,Celadon Blue,Medium,00191265287814,54342,option:heur
L572,Celadon Blue,Large,00191265287838,54343,option:heur
L572,Celadon Blue,X-Large,00191265287845,54344,option:heur
L572,Celadon Blue,2X-Large,00191265287784,54345,option:heur
L572,Celadon Blue,3X-Large,00191265287791,54346,option:heur
L572,Celadon Blue,4X-Large,00191265287821,54347,option:heur
K568,Black,Small,00191265522205,50786,option:name
K568,Black,Medium,00191265522212,50787,option:name
K568,Black,Large,00191265522236,50788,option:name
K568,Black,X-Large,00191265522243,50789,option:name
K568,Black,2X-Large,00191265522175,50790,option:name
K568,Black,3X-Large,00191265522199,50791,option:name
L568,Black,Small,00191265213721,54295,option:name
L568,Black,Medium,00191265213738,54296,option:name
L568,Black,Large,00191265213752,54297,option:name
L568,Black,X-Large,00191265213769,54298,option:name
L568,Black,2X-Large,00191265213691,54299,option:name
DT5300,New Red,X-Small,00191265052351,104844,option:name
DT5300,New Red,Small,00191265052375,104851,option:name
DT5300,New Red,Medium,00191265052399,104850,option:name
DT5300,New Red,Large,00191265052412,104849,option:name
DT5300,New Red,X-Large,00191265052429,104848,option:name
DT5300,New Red,2X-Large,00191265052368,104847,option:name
DT5300,New Red,3X-Large,00191265052382,104846,option:name
DT5300,New Red,4X-Large,00191265052405,104845,option:name
L232,Grey Heather,Small,00191265267540,52558,option:name
L232,Grey Heather,Medium,00191265267564,52559,option:name
L232,Grey Heather,Large,00191265267571,52560,option:name
L232,Grey Heather,X-Large,00191265267588,52561,option:name
L232,Grey Heather,2X-Large,00191265267526,52562,option:name
L232,Grey Heather,3X-Large,00191265267533,52563,option:name
L231,Black,X-Small,00191265267113,51719,mainframe
L231,Black,Small,00191265267144,51719,option:name
L231,Black,Medium,00191265267168,51721,option:name
L231,Black,Large,00191265267175,51722,option:name
L231,Black,X-Large,00191265267182,51723,option:name
L231,Black,2X-Large,00191265267120,51724,option:name
L231,Black,3X-Large,00191265267137,51725,option:name
L231,Black,4X-Large,00191265267151,51726,option:name
L231,Navy,X-Small,00191265267281,51743,mainframe
L231,Navy,Small,00191265267298,51743,option:name
L231,Navy,Medium,00191265267311,51745,option:name
L231,Navy,Large,00191265267335,51746,option:name
L231,Navy,X-Large,00191265267342,51747,option:name
L231,Navy,2X-Large,00191265267274,51748,option:name
L231,Navy,3X-Large,00191265267304,51749,option:name
L231,Navy,4X-Large,00191265267328,51750,option:name
L231,Purple,X-Small,00191265267366,51751,mainframe
L231,Purple,Small,00191265267373,51751,option:name
L231,Purple,Medium,00191265267397,51753,option:name
L231,Purple,Large,00191265267410,51754,option:name
L231,Purple,X-Large,00191265267427,51755,option:name
L231,Purple,2X-Large,00191265267359,51756,option:name
L231,Purple,3X-Large,00191265267380,51757,option:name
L231,Purple,4X-Large,00191265267403,51758,option:name
F231,Black,Small,00191265033695,48537,option:name
F231,Black,Medium,00191265033725,48539,option:name
F231,Black,Large,00191265033732,48540,option:name
F231,Black,X-Large,00191265033749,48541,option:name
F231,Black,2X-Large,00191265033671,48542,option:name
F231,Black,3X-Large,00191265033701,48543,option:name
F231,Black,4X-Large,00191265033718,48544,option:name
F231,Navy,Small,00191265033862,48561,option:name
F231,Navy,Medium,00191265033879,48563,option:name
F231,Navy,Large,00191265033893,48564,option:name
F231,Navy,X-Large,00191265033909,48565,option:name
F231,Navy,2X-Large,00191265033831,48566,option:name
F231,Navy,3X-Large,00191265033855,48567,option:name
F231,Navy,4X-Large,00191265033886,48568,option:name
L332,Black/ Black,X-Small,00191265507523,53629,option:abbrev
L332,Black/ Black,Small,00191265507530,53630,option:abbrev
L332,Black/ Black,Medium,00191265507561,53631,option:abbrev
L332,Black/ Black,Large,00191265507578,53632,option:abbrev
L332,Black/ Black,X-Large,00191265507585,53633,option:abbrev
L332,Black/ Black,2X-Large,00191265507516,53634,option:abbrev
L332,Black/ Black,3X-Large,00191265507547,53635,option:abbrev
L332,Black/ Black,4X-Large,00191265507554,53636,option:abbrev
J331,Black,X-Small,00191265453387,49227,mainframe
J331,Black,Small,00191265453417,49227,option:name
J331,Black,Medium,00191265453431,49229,option:name
J331,Black,Large,00191265453448,49230,option:name
J331,Black,X-Large,00191265453455,49231,option:name
J331,Black,2X-Large,00191265453394,49232,option:name
J331,Black,3X-Large,00191265453400,49233,option:name
J331,Black,4X-Large,00191265453424,49234,option:name
J331,Direct Blue,X-Small,00191265453462,105721,option:heur
J331,Direct Blue,Small,00191265453493,105728,option:heur
J331,Direct Blue,Medium,00191265453516,105727,option:heur
J331,Direct Blue,Large,00191265453523,105726,option:heur
J331,Direct Blue,X-Large,00191265453530,105725,option:heur
J331,Direct Blue,2X-Large,00191265453479,105724,option:heur
J331,Direct Blue,3X-Large,00191265453486,105723,option:heur
J331,Direct Blue,4X-Large,00191265453509,105722,option:heur
L331,Black,X-Small,00191265507288,53614,option:name
L331,Black,Small,00191265507295,53615,option:name
L331,Black,Medium,00191265507318,53616,option:name
L331,Black,Large,00191265507332,53617,option:name
L331,Black,X-Large,00191265507349,53618,option:name
L331,Black,2X-Large,00191265507271,53619,option:name
L331,Black,3X-Large,00191265507301,53620,option:name
L331,Direct Blue,X-Small,00191265507363,106497,option:heur
L331,Direct Blue,Small,00191265507387,106504,option:heur
L331,Direct Blue,Medium,00191265507394,106503,option:heur
L331,Direct Blue,Large,00191265507417,106502,option:heur
L331,Direct Blue,X-Large,00191265507424,106501,option:heur
L331,Direct Blue,2X-Large,00191265507356,106500,option:heur
L331,Direct Blue,3X-Large,00191265507370,106499,option:heur
L331,Direct Blue,4X-Large,00191265507400,106498,option:heur
J337,Black,Small,00191265455015,49311,option:name
J337,Black,Medium,00191265455039,49312,option:name
J337,Black,Large,00191265455046,49313,option:name
J337,Black,X-Large,00191265455053,49314,option:name
J337,Black,2X-Large,00191265454995,49315,option:name
L574,Dark Grey,Small,00191265289009,57308,option:name
L574,Dark Grey,Medium,00191265289023,57309,option:name
L574,Dark Grey,Large,00191265289030,57310,option:name
L574,Dark Grey,X-Large,00191265289047,57311,option:name
L574,Dark Grey,2X-Large,00191265288972,57312,option:name
L574,Dark Grey,3X-Large,00191265288996,57313,option:name
J333,Black,Small,00191265453974,49252,option:name
J333,Black,Medium,00191265453981,49253,option:name
J333,Black,Large,00191265454001,49254,option:name
J333,Black,X-Large,00191265454018,49255,option:name
J333,Black,2X-Large,00191265453950,49256,option:name
J333,Black,3X-Large,00191265453967,49257,option:name
J333,Black,4X-Large,00191265453998,49265,option:name
J333,Slicker Yellow,Medium,00191265454384,53260,option:heur
J333,True Royal,2X-Large,00197908000987,49306,option:name
J333,True Royal,3X-Large,00197908000994,49307,option:name
J333,True Royal,Large,00197908000963,49304,option:name
J333,True Royal,Medium,00197908000956,49303,option:name
J333,True Royal,Small,00197908000949,49301,option:name
J333,True Royal,X-Large,00197908000970,49305,option:name
J333,True Royal,X-Small,00197908000932,49301,fullcolor
J333,Black,5X-Large,00197908000796,49266,option:name
L333,Black,X-Small,00191265507837,53638,option:name
L333,Black,Small,00191265507851,53639,option:name
L333,Black,Medium,00191265507882,53640,option:name
L333,Black,Large,00191265507899,53641,option:name
L333,Black,X-Large,00191265507905,53642,option:name
L333,Black,2X-Large,00191265507844,53643,option:name
L333,Black,3X-Large,00191265507868,53644,option:name
L333,Direct Blue,Small,00191265508025,57290,option:heur
L333,Direct Blue,Medium,00191265508049,57291,option:heur
L333,Direct Blue,Large,00191265508056,57292,option:heur
L333,Direct Blue,X-Large,00191265508063,57293,option:heur
L333,Direct Blue,2X-Large,00191265508001,57294,option:heur
L333,Magnet,X-Small,00191265508155,57700,option:name
L333,Magnet,Small,00191265508179,57701,option:name
L333,Magnet,Medium,00191265508209,57702,option:name
L333,Magnet,Large,00191265508216,57703,option:name
L333,Magnet,X-Large,00191265508223,57704,option:name
L333,Magnet,2X-Large,00191265508162,57705,option:name
L333,Magnet,3X-Large,00191265508186,57706,option:name
L333,True Royal,3X-Large,00197908001236,53665,option:name
L333,True Royal,Large,00197908001205,53662,option:name
L333,True Royal,Medium,00197908001199,53661,option:name
L333,True Royal,Small,00197908001182,53660,option:name
L333,True Royal,X-Large,00197908001212,53663,option:name
L333,True Royal,X-Small,00197908001175,53659,option:name
L333,True Royal,2X-Large,00197908001229,53664,option:name
K573,Black,Small,00191265005234,50858,option:name
K573,Black,Medium,00191265005258,50859,option:name
K573,Black,Large,00191265005265,50860,option:name
K573,Black,X-Large,00191265005272,50861,option:name
K573,Black,2X-Large,00191265005203,50862,option:name
K573,Black,3X-Large,00191265005227,50863,option:name
YST640,Black,Small,00191265167222,111289,option:name
YST640,Black,Medium,00191265167239,111288,option:name
YST640,Black,Large,00191265167246,111287,option:name
YST640,Black,X-Large,00191265167253,111286,option:name
746099,Black,Small,00886737323045,102173,option:name
746099,Black,Medium,00886737323052,102172,option:name
746099,Black,Large,00886737324189,102171,option:name
746099,Black,X-Large,00886737324196,102170,option:name
746099,Black,2X-Large,00886737324202,102169,option:name
746099,Black,3X-Large,00886737324219,102168,option:name
746099,White,Small,00886737343425,102167,option:name
746099,White,Medium,00886737343432,102166,option:name
746099,White,Large,00886737343449,102165,option:name
746099,White,X-Large,00886737343456,102164,option:name
746099,White,2X-Large,00886737343463,102163,option:name
746099,White,3X-Large,00886737343470,102162,option:name
746100,White,Small,00886737344514,102184,option:name
746100,White,Medium,00886737344521,102183,option:name
746100,White,Large,00886737344538,102182,option:name
746100,White,X-Large,00886737344705,102181,option:name
746100,White,2X-Large,00886737344712,102180,option:name
746102,Black/ Black,Small,00886737436202,35456,option:abbrev
746102,Black/ Black,Medium,00886737436219,35457,option:abbrev
746102,Black/ Black,Large,00886737436226,35458,option:abbrev
746102,Black/ Black,X-Large,00886737436233,35459,option:abbrev
746102,Black/ Black,2X-Large,00886737436325,35460,option:abbrev
5400B,White,Small,00821780098944,167273,option:name
5400B,White,Medium,00821780098953,167263,option:name
5400B,White,Large,00821780098952,167260,option:name
5400B,White,X-Large,00821780098951,167284,option:name
5400B,Black,Small,00821780098958,167276,option:name
5400B,Black,Medium,00821780098957,167270,option:name
5400B,Black,Large,00821780098956,167259,option:name
5400B,Black,X-Large,00821780098955,167285,option:name
5400B,Red,Small,00821780098954,167272,option:name
5400B,Red,Medium,00821780098964,167265,option:name
5400B,Red,Large,00821780098963,167258,option:name
5400B,Red,X-Large,00821780098962,167289,option:name
5400B,Royal,Small,00821780098961,167278,option:name
5400B,Royal,Medium,00821780098960,167264,option:name
5400B,Royal,Large,00821780098969,167261,option:name
5400B,Royal,X-Large,00821780098968,167283,option:name
5400B,Gold,Large,00821780098946,167255,option:name
5400B,Gold,Medium,00821780098947,167269,option:name
5400B,Gold,Small,00821780098943,167277,option:name
5400B,Gold,X-Large,00821780098945,167281,option:name
5400B,Purple,Large,00821780018518,167253,option:name
5400B,Purple,Medium,00821780018517,167262,option:name
5400B,Purple,Small,00821780018516,167279,option:name
5400B,Purple,X-Large,00821780018519,167287,option:name
5V00L,White,Small,00821780012982,167391,option:name
5V00L,White,Medium,00821780012983,167387,option:name
5V00L,White,Large,00821780012984,167379,option:name
5V00L,White,X-Large,00821780012985,167402,option:name
5V00L,White,2X-Large,00821780012986,167370,option:name
5V00L,Black,Small,00821780012922,167393,option:name
5V00L,Black,Medium,00821780012923,167386,option:name
5V00L,Black,Large,00821780012924,167383,option:name
5V00L,Black,X-Large,00821780012925,167400,option:name
5V00L,Black,2X-Large,00821780012926,167368,option:name
5V00L,Black,3X-Large,00821780012927,167376,option:name
5V00L,Red,Small,00821780027931,167392,option:name
5V00L,Red,Medium,00821780027932,167389,option:name
5V00L,Red,Large,00821780027933,167382,option:name
5V00L,Red,X-Large,00821780027934,167399,option:name
5V00L,Red,2X-Large,00821780027935,167371,option:name
5V00L,Red,3X-Large,00821780027936,167375,option:name
5V00L,Royal,Small,00821780027937,101399,option:name
5V00L,Royal,Medium,00821780027938,101398,option:name
5V00L,Royal,Large,00821780027939,101397,option:name
5V00L,Royal,X-Large,00821780027940,101396,option:name
5V00L,Royal,2X-Large,00821780027941,101395,option:name
5V00L,Royal,3X-Large,00821780027942,101394,option:name
5V00L,Purple,2X-Large,00821780020054,101402,option:name
5V00L,Purple,Large,00821780020052,101404,option:name
5V00L,Purple,Medium,00821780020051,101405,option:name
5V00L,Purple,Small,00821780020050,101406,option:name
5V00L,Purple,X-Large,00821780020053,101403,option:name
64400,White,Small,00821780096574,35322,option:name
64400,White,Medium,00821780096575,35323,option:name
64400,White,Large,00821780096576,35324,option:name
64400,White,X-Large,00821780096577,35325,option:name
64400,White,2X-Large,00821780096579,35326,option:name
64400,White,3X-Large,00821780096580,35327,option:name
64400,Black,Small,00821780096588,35329,option:name
64400,Black,Medium,00821780096589,35330,option:name
64400,Black,Large,00821780096590,35331,option:name
64400,Black,X-Large,00821780096591,35332,option:name
64400,Black,2X-Large,00821780096592,35333,option:name
64400,Black,3X-Large,00821780096593,35334,option:name
64400,Charcoal,Small,00821780096594,35336,option:name
64400,Charcoal,Medium,00821780096595,35337,option:name
64400,Charcoal,Large,00821780096596,35338,option:name
64400,Charcoal,X-Large,00821780096597,35339,option:name
64400,Charcoal,2X-Large,00821780096598,35340,option:name
64400,Charcoal,3X-Large,00821780096599,35341,option:name
64400,Neon Blue,2X-Large,00191675460777,206433,option:name
64400,Neon Blue,3X-Large,00191675460784,206437,option:name
64400,Neon Blue,Large,00191675460753,206445,option:name
64400,Neon Blue,Medium,00191675460746,206449,option:name
64400,Neon Blue,Small,00191675460739,206453,option:name
64400,Neon Blue,X-Large,00191675460760,206457,option:name
64200L,White,Small,00821780007529,167419,option:name
64200L,White,Medium,00821780007530,167418,option:name
64200L,White,Large,00821780007531,167417,option:name
64200L,White,X-Large,00821780007532,167420,option:name
64200L,White,2X-Large,00821780007533,167415,option:name
64V00,White,Small,00821780096513,167552,option:name
64V00,White,Medium,00821780096514,167551,option:name
64V00,White,Large,00821780096515,167550,option:name
64V00,White,X-Large,00821780096516,167553,option:name
64V00,White,2X-Large,00821780096517,167549,option:name
PC098,Coal,Small,00191265231183,70025,option:name
PC098,Coal,Medium,00191265231206,70026,option:name
PC098,Coal,Large,00191265231213,70027,option:name
PC098,Coal,X-Large,00191265231220,70028,option:name
PC098,Coal,2X-Large,00191265231169,70029,option:name
PC098,Coal,3X-Large,00191265231176,70030,option:name
PC098,Merlot,Small,00191265231398,70639,option:name
PC098,Merlot,Medium,00191265231411,70640,option:name
PC098,Merlot,Large,00191265231428,70641,option:name
PC098,Merlot,X-Large,00191265231435,70642,option:name
PC098,Merlot,2X-Large,00191265231374,70643,option:name
PC098,Merlot,3X-Large,00191265231381,70644,option:name
PC098,Mist,Small,00191265231459,70678,option:name
PC098,Mist,Medium,00191265231473,70679,option:name
PC098,Mist,Large,00191265231497,70680,option:name
PC098,Mist,X-Large,00191265231503,70681,option:name
PC098,Mist,2X-Large,00191265231442,70682,option:name
PC098,Mist,3X-Large,00191265231466,70683,option:name
PC098,Safari,Small,00191265231596,71221,option:name
PC098,Safari,Medium,00191265231619,71222,option:name
PC098,Safari,Large,00191265231633,71223,option:name
PC098,Safari,X-Large,00191265231640,71224,option:name
PC098,Safari,2X-Large,00191265231589,71225,option:name
PC098,Safari,3X-Large,00191265231602,71226,option:name
PC098,Cool Mint,2X-Large,00191265878807,108572,option:name
PC098,Cool Mint,Large,00191265878784,108574,option:name
PC098,Cool Mint,Medium,00191265878777,108575,option:name
PC098,Cool Mint,Small,00191265878760,108576,option:name
PC098,Cool Mint,X-Large,00191265878791,108573,option:name
64V00L,White,Small,00821780095127,167572,option:name
64V00L,White,Medium,00821780095128,167568,option:name
64V00L,White,Large,00821780095129,167563,option:name
64V00L,White,X-Large,00821780095130,167581,option:name
64V00L,White,2X-Large,00821780095131,167559,option:name
64V00L,Black,Small,00821780095141,167574,option:name
64V00L,Black,Medium,00821780095142,167570,option:name
64V00L,Black,Large,00821780095143,167562,option:name
64V00L,Black,X-Large,00821780095144,167580,option:name
64V00L,Black,2X-Large,00821780095145,167555,option:name
64V00L,Navy,Small,00821780095134,167575,option:name
64V00L,Navy,Medium,00821780095135,167571,option:name
64V00L,Navy,Large,00821780095136,167564,option:name
64V00L,Navy,X-Large,00821780095137,167579,option:name
64V00L,Navy,2X-Large,00821780095138,167557,option:name
K575,Black,X-Small,00191265119481,50883,mainframe
K575,Black,Small,00191265119504,50883,option:name
K575,Black,Medium,00191265119535,50885,option:name
K575,Black,Large,00191265119542,50886,option:name
K575,Black,X-Large,00191265119559,50887,option:name
K575,Black,2X-Large,00191265119498,50888,option:name
K575,Black,3X-Large,00191265119511,50889,option:name
K575,Black,4X-Large,00191265119528,50890,option:name
K575,White,X-Small,00191265119733,50899,mainframe
K575,White,Small,00191265119757,50899,option:name
K575,White,Medium,00191265119771,50901,option:name
K575,White,Large,00191265119788,50902,option:name
K575,White,X-Large,00191265119795,50903,option:name
K575,White,2X-Large,00191265119726,50904,option:name
K575,White,3X-Large,00191265119740,50905,option:name
K575,White,4X-Large,00191265119764,50906,option:name
K806,Black,X-Small,00191265121491,50997,mainframe
K806,Black,Small,00191265121514,50997,option:name
K806,Black,Medium,00191265121521,50999,option:name
K806,Black,Large,00191265121545,51000,option:name
K806,Black,X-Large,00191265121552,51001,option:name
K806,Black,2X-Large,00191265121484,51002,option:name
K806,Black,3X-Large,00191265121507,51003,option:name
K806,Black,4X-Large,00191265121538,51004,option:name
L806,Black,Small,00191265291804,54729,option:name
L806,Black,Medium,00191265291811,54730,option:name
L806,Black,Large,00191265291835,54731,option:name
L806,Black,X-Large,00191265291842,54732,option:name
L806,Black,2X-Large,00191265291774,54733,option:name
L806,Black,3X-Large,00191265291798,54734,option:name
T201,White/ Black,Small,00191265066631,79435,mainframe
T201,White/ Black,Medium,00191265066648,81044,option:abbrev
T201,White/ Black,Large,00191265066662,80971,option:abbrev
T201,White/ Black,X-Large,00191265066679,81148,option:abbrev
T201,White/ Black,2X-Large,00191265066600,80771,option:abbrev
T201,White/ Royal,Small,00191265066877,82758,option:name
T201,White/ Royal,Medium,00191265066891,82755,option:name
T201,White/ Royal,Large,00191265066907,82752,option:name
T201,White/ Royal,X-Large,00191265066914,82761,option:name
T201,White/ Royal,2X-Large,00191265066853,82745,option:name
T201,White/ Royal,3X-Large,00191265066860,82748,option:name
ST380,White,Small,00191265435536,109867,option:name
ST380,White,Medium,00191265435550,109866,option:name
ST380,White,Large,00191265435574,109865,option:name
ST380,White,X-Large,00191265435581,109864,option:name
ST380,White,2X-Large,00191265435529,109863,option:name
ST380,White,3X-Large,00191265435543,109862,option:name
ST380,White,4X-Large,00191265435567,109861,option:name
779797,White/ White,One Size,00091205861985,40202,option:name
779797,Black/ Black,One Size,00091205859715,35470,option:abbrev
799802,Black,X-Small,00091205910096,35473,mainframe
799802,Black,Small,00091205910102,35473,option:name
799802,Black,Medium,00091205910119,35475,option:name
799802,Black,Large,00091205910904,35476,option:name
799802,Black,X-Large,00091205911246,35477,option:name
799802,Black,2X-Large,00091205911352,35478,option:name
799802,Black,3X-Large,00091205911369,35479,option:name
799802,Black,4X-Large,00091205912489,35480,option:name
799802,White,Small,00091205918771,102217,option:name
799802,White,Medium,00091205918788,102216,option:name
799802,White,Large,00091205918795,102215,option:name
799802,White,X-Large,00091205918979,102214,option:name
799802,White,2X-Large,00091205918986,102213,option:name
799802,White,3X-Large,00091205918993,102212,option:name
799802,Pine Green,Small,00091205919020,40657,option:heur
799802,Pine Green,Medium,00091205919037,40658,option:heur
799802,Pine Green,Large,00091205919044,40659,option:heur
799802,Pine Green,X-Large,00091205919099,40660,option:heur
799802,Pine Green,2X-Large,00091205919105,40661,option:heur
799802,Pine Green,3X-Large,00091205919112,40662,option:heur
811807,Black,Small,00884751434594,35488,option:name
811807,Black,Medium,00884751434600,35489,option:name
811807,Black,Large,00884751434617,35490,option:name
811807,Black,X-Large,00884751434624,35491,option:name
811807,Black,2X-Large,00884751442698,35492,option:name
PC450,White,Small,00191265225250,5493,option:name
PC450,White,Medium,00191265225274,5494,option:name
PC450,White,Large,00191265225304,5495,option:name
PC450,White,X-Large,00191265225328,5496,option:name
PC450,White,2X-Large,00191265225243,5497,option:name
PC450,White,3X-Large,00191265225267,5498,option:name
PC450,White,4X-Large,00191265225281,5499,option:name
PC450,White,5X-Large,00191265225298,5500,option:name
PC450,White,6X-Large,00191265225311,5825,option:name
PC450,Athletic Heather,Small,00191265222563,5509,option:name
PC450,Athletic Heather,Medium,00191265222587,5510,option:name
PC450,Athletic Heather,Large,00191265222594,5511,option:name
PC450,Athletic Heather,X-Large,00191265222624,5512,option:name
PC450,Athletic Heather,2X-Large,00191265222549,5513,option:name
PC450,Athletic Heather,3X-Large,00191265222556,5514,option:name
PC450,Athletic Heather,4X-Large,00191265222570,5515,option:name
PC450,Athletic Heather,5X-Large,00191265222600,5516,option:name
PC450,Athletic Heather,6X-Large,00191265222617,5795,option:name
PC450,Athletic Red,Small,00191265222822,5536,option:name
PC450,Athletic Red,Medium,00191265222853,5537,option:name
PC450,Athletic Red,Large,00191265222860,5538,option:name
PC450,Athletic Red,X-Large,00191265222884,5539,option:name
PC450,Athletic Red,2X-Large,00191265222815,5540,option:name
PC450,Athletic Red,3X-Large,00191265222839,5541,option:name
PC450,Athletic Red,4X-Large,00191265222846,5542,option:name
PC450,Athletic Red,5X-Large,00191265222877,5543,option:name
PC450,Athletic Red,6X-Large,00191265222891,5798,option:name
PC450,Athletic Royal,Small,00191265222914,5502,option:name
PC450,Athletic Royal,Medium,00191265222938,5503,option:name
PC450,Athletic Royal,Large,00191265222952,5504,option:name
PC450,Athletic Royal,X-Large,00191265222983,5505,option:name
PC450,Athletic Royal,2X-Large,00191265222907,5506,option:name
PC450,Athletic Royal,3X-Large,00191265222921,5507,option:name
PC450,Athletic Royal,4X-Large,00191265222945,5508,option:name
PC450,Athletic Royal,5X-Large,00191265222969,5552,option:name
PC450,Athletic Royal,6X-Large,00191265222976,5799,option:name
PC450,Bright Aqua,Small,00191265223010,5554,option:heur
PC450,Bright Aqua,Medium,00191265223027,5555,option:heur
PC450,Bright Aqua,Large,00191265223058,5556,option:heur
PC450,Bright Aqua,X-Large,00191265223072,5557,option:heur
PC450,Bright Aqua,2X-Large,00191265222990,5558,option:heur
PC450,Bright Aqua,3X-Large,00191265223003,5559,option:heur
PC450,Bright Aqua,4X-Large,00191265223034,5560,option:heur
PC450,Bright Aqua,5X-Large,00191265223041,5561,option:heur
PC450,Bright Aqua,6X-Large,00191265223065,5800,option:heur
PC450,Charcoal,Small,00191265223379,5439,option:name
PC450,Charcoal,Medium,00191265223386,5440,option:name
PC450,Charcoal,Large,00191265223409,5441,option:name
PC450,Charcoal,X-Large,00191265223430,5442,option:name
PC450,Charcoal,2X-Large,00191265223355,5443,option:name
PC450,Charcoal,3X-Large,00191265223362,5444,option:name
PC450,Charcoal,4X-Large,00191265223393,5445,option:name
PC450,Charcoal,5X-Large,00191265223416,5446,option:name
PC450,Charcoal,6X-Large,00191265223423,5803,option:name
PC450,Orange,Small,00191265224277,5475,option:name
PC450,Orange,Medium,00191265224291,5476,option:name
PC450,Orange,Large,00191265224307,5477,option:name
PC450,Orange,X-Large,00191265224321,5478,option:name
PC450,Orange,2X-Large,00191265224253,5479,option:name
PC450,Orange,3X-Large,00191265224260,5480,option:name
PC450,Orange,4X-Large,00191265224284,5481,option:name
PC450,Orange,5X-Large,00191265224314,5482,option:name
PC450,Orange,6X-Large,00191265224338,5814,option:name
PC450,Sapphire,Small,00191265224451,5686,option:name
PC450,Sapphire,Medium,00191265224468,5687,option:name
PC450,Sapphire,Large,00191265224482,5688,option:name
PC450,Sapphire,X-Large,00191265224512,5689,option:name
PC450,Sapphire,2X-Large,00191265224437,5690,option:name
PC450,Sapphire,3X-Large,00191265224444,5691,option:name
PC450,Sapphire,4X-Large,00191265224475,5692,option:name
PC450,Sapphire,5X-Large,00191265224499,5693,option:name
PC450,Sapphire,6X-Large,00191265224505,5816,option:name
PC450,Team Navy,Small,00191265224628,5748,option:name
PC450,Team Navy,Medium,00191265224642,5749,option:name
PC450,Team Navy,Large,00191265224673,5750,option:name
PC450,Team Navy,X-Large,00191265224697,5751,option:name
PC450,Team Navy,2X-Large,00191265224611,5752,option:name
PC450,Team Navy,3X-Large,00191265224635,5753,option:name
PC450,Team Navy,4X-Large,00191265224659,5729,option:name
PC450,Team Navy,5X-Large,00191265224666,5754,option:name
PC450,Team Navy,6X-Large,00191265224680,5819,option:name
PC450,Texas Orange,Small,00191265224987,5779,option:name
PC450,Texas Orange,Medium,00191265225007,5780,option:name
PC450,Texas Orange,Large,00191265225021,5781,option:name
PC450,Texas Orange,X-Large,00191265225045,5782,option:name
PC450,Texas Orange,2X-Large,00191265224970,5783,option:name
PC450,Texas Orange,3X-Large,00191265224994,5784,option:name
PC450,Texas Orange,4X-Large,00191265225014,5785,option:name
PC450,Texas Orange,5X-Large,00191265225038,5786,option:name
PC450,Texas Orange,6X-Large,00191265225052,5824,option:name
PC450,True Royal,Small,00191265225168,5770,option:name
PC450,True Royal,Medium,00191265225199,5771,option:name
PC450,True Royal,Large,00191265225205,5772,option:name
PC450,True Royal,X-Large,00191265225229,5773,option:name
PC450,True Royal,2X-Large,00191265225151,5774,option:name
PC450,True Royal,3X-Large,00191265225175,5775,option:name
PC450,True Royal,4X-Large,00191265225182,5776,option:name
PC450,True Royal,5X-Large,00191265225212,5777,option:name
PC450,True Royal,6X-Large,00191265225236,5823,option:name
PC450,Athletic Maroon,Small,00191265222747,5527,option:name
PC450,Athletic Maroon,Medium,00191265222761,5528,option:name
PC450,Athletic Maroon,Large,00191265222785,5529,option:name
PC450,Athletic Maroon,X-Large,00191265222792,5530,option:name
PC450,Athletic Maroon,2X-Large,00191265222723,5531,option:name
PC450,Athletic Maroon,3X-Large,00191265222730,5532,option:name
PC450,Athletic Maroon,4X-Large,00191265222754,5533,option:name
PC450,Athletic Maroon,5X-Large,00191265222778,5534,option:name
PC450,Athletic Maroon,6X-Large,00191265222808,5797,option:name
PC450,Team Purple,Small,00191265224727,5731,option:name
PC450,Team Purple,Medium,00191265224741,5732,option:name
PC450,Team Purple,Large,00191265224758,5733,option:name
PC450,Team Purple,X-Large,00191265224772,5734,option:name
PC450,Team Purple,2X-Large,00191265224703,5735,option:name
PC450,Team Purple,3X-Large,00191265224710,5736,option:name
PC450,Team Purple,4X-Large,00191265224734,5737,option:name
PC450,Team Purple,5X-Large,00191265224765,108750,option:name
PC450,Team Purple,6X-Large,00191265224789,5820,option:name
PC450,Silver,Small,00191265546096,5484,option:name
PC450,Silver,Medium,00191265546089,5485,option:name
PC450,Silver,Large,00191265546072,5486,option:name
PC450,Silver,X-Large,00191265546102,5487,option:name
PC450,Silver,2X-Large,00191265546027,5488,option:name
PC450,Silver,3X-Large,00191265546034,5489,option:name
PC450,Silver,4X-Large,00191265546041,5490,option:name
PC450,Silver,5X-Large,00191265546058,5491,option:name
PC450,Silver,6X-Large,00191265546065,5817,option:name
PC450,Medium Grey,Small,00191265545822,5466,option:name
PC450,Medium Grey,Medium,00191265545815,5467,option:name
PC450,Medium Grey,Large,00191265545808,5468,option:name
PC450,Medium Grey,X-Large,00191265545839,5469,option:name
PC450,Medium Grey,2X-Large,00191265545754,5470,option:name
PC450,Medium Grey,3X-Large,00191265545761,5471,option:name
PC450,Medium Grey,4X-Large,00191265545778,5472,option:name
PC450,Medium Grey,5X-Large,00191265545785,5473,option:name
PC450,Medium Grey,6X-Large,00191265545792,5812,option:name
PC450,Kiwi,2X-Large,00191265545662,5642,option:name
PC450,Yellow,Small,00191265546188,5789,option:name
PC450,Yellow,Medium,00191265546171,5790,option:name
PC450,Yellow,Large,00191265546164,5791,option:name
PC450,Yellow,X-Large,00191265546195,5792,option:name
PC450,Yellow,2X-Large,00191265546119,5793,option:name
PC450,Yellow,3X-Large,00191265546126,5794,option:name
PC450,Spearmint,Small,00191265752541,5696,option:name
PC450,Spearmint,Medium,00191265752534,5697,option:name
PC450,Spearmint,Large,00191265752527,5698,option:name
PC450,Spearmint,X-Large,00191265752558,5699,option:name
PC450,Spearmint,2X-Large,00191265752473,5700,option:name
PC450,Spearmint,3X-Large,00191265752480,5701,option:name
PC450LS,White,Small,00191265286381,67880,option:name
PC450LS,White,Medium,00191265286404,67881,option:name
PC450LS,White,Large,00191265286428,67882,option:name
PC450LS,White,X-Large,00191265286442,67883,option:name
PC450LS,White,2X-Large,00191265286374,67884,option:name
PC450LS,White,3X-Large,00191265286398,67885,option:name
PC450LS,White,4X-Large,00191265286411,67886,option:name
PC450LS,White,5X-Large,00191265286435,67887,option:name
PC450LS,White,6X-Large,00191265286459,69405,option:name
PC450LS,Athletic Heather,Small,00191265225342,69581,option:name
PC450LS,Athletic Heather,Medium,00191265225366,69582,option:name
PC450LS,Athletic Heather,Large,00191265225397,127878,option:name
PC450LS,Athletic Heather,X-Large,00191265225410,69584,option:name
PC450LS,Athletic Heather,2X-Large,00191265225335,69585,option:name
PC450LS,Athletic Heather,3X-Large,00191265225359,69586,option:name
PC450LS,Athletic Heather,4X-Large,00191265225373,69587,option:name
PC450LS,Athletic Heather,5X-Large,00191265225380,69588,option:name
PC450LS,Bright Gold,Small,00191265225618,69901,option:heur
PC450LS,Bright Gold,Medium,00191265225632,69902,option:heur
PC450LS,Bright Gold,Large,00191265225656,69903,option:heur
PC450LS,Bright Gold,X-Large,00191265225670,69904,option:heur
PC450LS,Bright Gold,2X-Large,00191265225601,69905,option:heur
PC450LS,Bright Gold,3X-Large,00191265225625,69906,option:heur
PC450LS,Bright Gold,4X-Large,00191265225649,69907,option:heur
PC450LS,Bright Gold,5X-Large,00191265225663,69908,option:heur
PC450LS,Bright Gold,6X-Large,00191265225687,108754,option:heur
PC450LS,Charcoal,Small,00191265225809,67754,option:name
PC450LS,Charcoal,Medium,00191265225816,67755,option:name
PC450LS,Charcoal,Large,00191265225830,67756,option:name
PC450LS,Charcoal,X-Large,00191265225861,67757,option:name
PC450LS,Charcoal,2X-Large,00191265225786,67758,option:name
PC450LS,Charcoal,3X-Large,00191265225793,67759,option:name
PC450LS,Charcoal,4X-Large,00191265225823,67760,option:name
PC450LS,Charcoal,5X-Large,00191265225847,67761,option:name
PC450LS,Charcoal,6X-Large,00191265225854,69394,option:name
PC450LS,Orange,Small,00191265226332,67838,option:name
PC450LS,Orange,Medium,00191265226356,67839,option:name
PC450LS,Orange,Large,00191265226370,67840,option:name
PC450LS,Orange,X-Large,00191265226400,67841,option:name
PC450LS,Orange,2X-Large,00191265226325,67842,option:name
PC450LS,Orange,3X-Large,00191265226349,67843,option:name
PC450LS,Orange,4X-Large,00191265226363,67844,option:name
PC450LS,Orange,5X-Large,00191265226387,67845,option:name
PC450LS,Orange,6X-Large,00191265226394,69401,option:name
PC450LS,Team Navy,Small,00191265286114,71499,option:name
PC450LS,Team Navy,Medium,00191265286145,71500,option:name
PC450LS,Team Navy,Large,00191265286152,71501,option:name
PC450LS,Team Navy,X-Large,00191265286176,71502,option:name
PC450LS,Team Navy,2X-Large,00191265286107,71503,option:name
PC450LS,Team Navy,3X-Large,00191265286121,71504,option:name
PC450LS,Team Navy,4X-Large,00191265286138,71505,option:name
PC450LS,Team Navy,5X-Large,00191265286169,71506,option:name
PC450LS,True Royal,Small,00191265286299,67871,option:name
PC450LS,True Royal,Medium,00191265286312,67872,option:name
PC450LS,True Royal,Large,00191265286336,67873,option:name
PC450LS,True Royal,X-Large,00191265286350,67874,option:name
PC450LS,True Royal,2X-Large,00191265286282,67875,option:name
PC450LS,True Royal,3X-Large,00191265286305,67876,option:name
PC450LS,True Royal,4X-Large,00191265286329,67877,option:name
PC450LS,True Royal,5X-Large,00191265286343,67878,option:name
PC450LS,True Royal,6X-Large,00191265286367,69404,option:name
PC450LS,Team Purple,Small,00191265286206,71521,option:name
PC450LS,Team Purple,Medium,00191265286237,71522,option:name
PC450LS,Team Purple,Large,00191265286244,71523,option:name
PC450LS,Team Purple,X-Large,00191265286268,71524,option:name
PC450LS,Team Purple,2X-Large,00191265286190,71525,option:name
PC450LS,Team Purple,3X-Large,00191265286213,71526,option:name
PC450LS,Team Purple,4X-Large,00191265286220,71527,option:name
PC450LS,Team Purple,5X-Large,00191265286251,71528,option:name
PC450Y,White,X-Small,00191265299282,67988,option:name
PC450Y,White,Small,00191265299299,67989,option:name
PC450Y,White,Medium,00191265299305,67990,option:name
PC450Y,White,Large,00191265299312,67991,option:name
PC450Y,White,X-Large,00191265299329,67992,option:name
PC450Y,Light Blue,X-Small,00191265298933,70474,option:name
PC450Y,Light Blue,Small,00191265298940,70475,option:name
PC450Y,Light Blue,Medium,00191265298957,70476,option:name
PC450Y,Light Blue,Large,00191265298964,70477,option:name
PC450Y,Light Blue,X-Large,00191265298971,70478,option:name
PC450Y,Athletic Heather,X-Small,00191265286466,67919,option:heur
PC450Y,Athletic Heather,Small,00191265286473,67920,option:heur
PC450Y,Athletic Heather,Medium,00191265286480,67921,option:heur
PC450Y,Athletic Heather,Large,00191265286497,67922,option:heur
PC450Y,Athletic Heather,X-Large,00191265286503,67923,option:heur
PC450Y,Sapphire,Small,00191265299046,71264,option:name
PC450Y,Sapphire,Medium,00191265299053,71265,option:name
PC450Y,Sapphire,Large,00191265299060,71266,option:name
PC450Y,Sapphire,X-Large,00191265299077,71267,option:name
PC450Y,Charcoal,Small,00191265286725,67933,option:name
PC450Y,Charcoal,Medium,00191265286732,67934,option:name
PC450Y,Charcoal,Large,00191265286749,67935,option:name
PC450Y,Charcoal,X-Large,00191265286756,108769,option:name
PC450Y,Flash Green,X-Small,00191265298780,70190,option:heur
PC450Y,Flash Green,Small,00191265298797,70191,option:heur
PC450Y,Flash Green,Medium,00191265298803,70192,option:heur
PC450Y,Flash Green,Large,00191265298810,70193,option:heur
PC450Y,Flash Green,X-Large,00191265298827,70194,option:heur
PC450Y,Team Navy,X-Small,00191265299138,71508,option:name
PC450Y,Team Navy,Small,00191265299145,71509,option:name
PC450Y,Team Navy,Medium,00191265299152,71510,option:name
PC450Y,Team Navy,Large,00191265299169,71511,option:name
PC450Y,Team Navy,X-Large,00191265299176,71512,option:name
PC450Y,Orange,X-Small,00191265298988,67968,option:name
PC450Y,Orange,Small,00191265298995,67969,option:name
PC450Y,Orange,Medium,00191265299008,67970,option:name
PC450Y,Orange,Large,00191265299015,67971,option:name
PC450Y,Orange,X-Large,00191265299022,67972,option:name
PC450Y,Silver,Small,00191265589307,71401,option:name
PC450Y,Silver,Medium,00191265589291,71402,option:name
PC450Y,Silver,Large,00191265589284,71403,option:name
PC450Y,Silver,X-Large,00191265589314,71404,option:name
DM130,Purple Frost,X-Small,00191265142441,104573,option:heur
DM130,Purple Frost,4X-Large,00191265142472,104574,option:heur
DM130L,White,Small,00191265227094,43485,option:name
DM130L,White,Medium,00191265227124,43487,option:name
DM130L,White,Large,00191265227131,43488,option:name
DM130L,White,X-Large,00191265227148,43489,option:name
DM130L,White,2X-Large,00191265227070,43490,option:name
DM130L,White,3X-Large,00191265227100,43491,option:name
DM130L,White,4X-Large,00191265227117,43492,option:name
DM130L,Fuchsia Frost,Small,00191265142946,46131,option:heur
DM130L,Fuchsia Frost,Medium,00191265142960,46133,option:heur
DM130L,Fuchsia Frost,Large,00191265142977,46134,option:heur
DM130L,Fuchsia Frost,X-Large,00191265142984,46135,option:heur
DM130L,Fuchsia Frost,2X-Large,00191265142915,46136,option:heur
DM130L,Fuchsia Frost,3X-Large,00191265142939,46137,option:heur
DM130L,Grey Frost,X-Small,00191265226516,46303,option:heur
DM130L,Grey Frost,Small,00191265226547,151657,option:heur
DM130L,Grey Frost,Medium,00191265226554,46305,option:heur
DM130L,Grey Frost,Large,00191265226578,46306,option:heur
DM130L,Grey Frost,X-Large,00191265226585,46307,option:heur
DM130L,Grey Frost,2X-Large,00191265226523,46308,option:heur
DM130L,Grey Frost,3X-Large,00191265226530,46309,option:heur
DM130L,Grey Frost,4X-Large,00191265226561,46310,option:heur
DM130L,Green Frost,X-Small,00191265142991,46303,option:heur
DM130L,Green Frost,Small,00191265143011,151657,option:heur
DM130L,Green Frost,Medium,00191265143035,46305,option:heur
DM130L,Green Frost,Large,00191265226493,46306,option:heur
DM130L,Green Frost,X-Large,00191265226509,46307,option:heur
DM130L,Green Frost,2X-Large,00191265143004,46308,option:heur
DM130L,Green Frost,3X-Large,00191265143028,46309,option:heur
DM130L,Green Frost,4X-Large,00191265226486,46310,option:heur
DM130L,Navy Frost,Small,00191265226691,47253,option:heur
DM130L,Navy Frost,Medium,00191265226721,47255,option:heur
DM130L,Navy Frost,Large,00191265226738,47256,option:heur
DM130L,Navy Frost,X-Large,00191265226745,47257,option:heur
DM130L,Navy Frost,2X-Large,00191265226684,47258,option:heur
DM130L,Navy Frost,3X-Large,00191265226707,47259,option:heur
DM130L,Navy Frost,4X-Large,00191265226714,47260,option:heur
DM130L,Purple Frost,Small,00191265226776,47513,option:heur
DM130L,Purple Frost,Medium,00191265226806,47515,option:heur
DM130L,Purple Frost,Large,00191265226813,47516,option:heur
DM130L,Purple Frost,X-Large,00191265226820,47517,option:heur
DM130L,Purple Frost,2X-Large,00191265226769,47518,option:heur
DM130L,Purple Frost,3X-Large,00191265226783,47519,option:heur
DM130L,Purple Frost,4X-Large,00191265226790,47520,option:heur
DM130L,Royal Frost,Small,00191265226943,47701,option:heur
DM130L,Royal Frost,Medium,00191265226950,47703,option:heur
DM130L,Royal Frost,Large,00191265226974,47704,option:heur
DM130L,Royal Frost,X-Large,00191265226981,47705,option:heur
DM130L,Royal Frost,2X-Large,00191265226912,47706,option:heur
DM130L,Royal Frost,3X-Large,00191265226936,47707,option:heur
DM130L,Royal Frost,4X-Large,00191265226967,47708,option:heur
DM130L,Turquoise Frost,Small,00191265227025,47861,option:heur
DM130L,Turquoise Frost,Medium,00191265227049,47863,option:heur
DM130L,Turquoise Frost,Large,00191265227056,47864,option:heur
DM130L,Turquoise Frost,X-Large,00191265227063,47865,option:heur
DM130L,Turquoise Frost,2X-Large,00191265226998,47866,option:heur
DM130L,Turquoise Frost,3X-Large,00191265227018,47867,option:heur
DM130L,Heathered Charcoal,Small,00191265585286,46500,option:heur
DM130L,Heathered Charcoal,Medium,00191265585279,46501,option:heur
DM130L,Heathered Charcoal,Large,00191265585262,46502,option:heur
DM130L,Heathered Charcoal,X-Large,00191265585293,46503,option:heur
DM130L,Heathered Charcoal,2X-Large,00191265585316,46504,option:heur
DM130L,Heathered Charcoal,3X-Large,00191265585248,46505,option:heur
DM130L,Black,X-Small,00191265751087,43454,option:name
DM130L,Black,Small,00191265751063,151658,option:name
DM130L,Black,Medium,00191265751056,43456,option:name
DM130L,Black,Large,00191265751049,43457,option:name
DM130L,Black,X-Large,00191265751070,43458,option:name
DM130L,Black,2X-Large,00191265751094,43459,option:name
DM130L,Black,3X-Large,00191265751025,43460,option:name
DM130L,Black,4X-Large,00191265751032,43461,option:name
DM130L,Charcoal,Small,00191265751148,43462,option:name
DM130L,Charcoal,Medium,00191265751131,43464,option:name
DM130L,Charcoal,Large,00191265751124,43465,option:name
DM130L,Charcoal,X-Large,00191265751155,43466,option:name
DM130L,Charcoal,2X-Large,00191265751179,43467,option:name
DM130L,Charcoal,3X-Large,00191265751100,43468,option:name
DM130L,New Navy,Small,00191265751223,47343,option:heur
DM130L,New Navy,Medium,00191265751216,47345,option:heur
DM130L,New Navy,Large,00191265751209,47346,option:heur
DM130L,New Navy,X-Large,00191265751230,47347,option:heur
DM130L,New Navy,2X-Large,00191265751254,47348,option:heur
DM130L,New Navy,3X-Large,00191265751186,47349,option:heur
DM130L,New Navy,4X-Large,00191265751193,47350,option:heur
DM130L,Heathered Grey,3X-Large,00191265903110,43475,option:heur
DM130L,Heathered Grey,4X-Large,00191265903127,43476,option:heur
DM130L,Heathered Grey,Large,00191265903080,43472,option:heur
DM130L,Heathered Grey,Medium,00191265903073,43471,option:heur
DM130L,Heathered Grey,Small,00191265903066,43469,option:heur
DM130L,Heathered Grey,X-Large,00191265903097,43473,option:heur
DM130L,Heathered Grey,2X-Large,00191265903103,43474,option:heur
DM138L,White,Small,00191265229739,43564,option:name
DM138L,White,Medium,00191265229760,43566,option:name
DM138L,White,Large,00191265229777,43567,option:name
DM138L,White,X-Large,00191265229784,43568,option:name
DM138L,White,2X-Large,00191265229715,43569,option:name
DM138L,White,3X-Large,00191265229746,43570,option:name
DM138L,White,4X-Large,00191265229753,43571,option:name
DM138L,Fuchsia Frost,Small,00191265229173,46146,option:heur
DM138L,Fuchsia Frost,Medium,00191265229197,46147,option:heur
DM138L,Fuchsia Frost,Large,00191265229210,46148,option:heur
DM138L,Fuchsia Frost,X-Large,00191265229227,46149,option:heur
DM138L,Fuchsia Frost,2X-Large,00191265229159,46150,option:heur
DM138L,Fuchsia Frost,3X-Large,00191265229180,46151,option:heur
DM138L,Navy Frost,Small,00191265229340,47278,option:heur
DM138L,Navy Frost,Medium,00191265229364,47280,option:heur
DM138L,Navy Frost,Large,00191265229371,47281,option:heur
DM138L,Navy Frost,X-Large,00191265229388,47282,option:heur
DM138L,Navy Frost,2X-Large,00191265229326,47283,option:heur
DM138L,Navy Frost,3X-Large,00191265229333,47284,option:heur
DM138L,Navy Frost,4X-Large,00191265229357,47285,option:heur
DM138L,Purple Frost,Small,00191265229425,47529,option:heur
DM138L,Purple Frost,Medium,00191265229449,47531,option:heur
DM138L,Purple Frost,Large,00191265229456,47532,option:heur
DM138L,Purple Frost,X-Large,00191265229463,47533,option:heur
DM138L,Purple Frost,2X-Large,00191265229401,47534,option:heur
DM138L,Purple Frost,3X-Large,00191265229418,47535,option:heur
DM138L,Purple Frost,4X-Large,00191265229432,47536,option:heur
DM138L,Black,Small,00191265752183,43544,option:name
DM138L,Black,Medium,00191265752176,43546,option:name
DM138L,Black,Large,00191265752169,43547,option:name
DM138L,Black,X-Large,00191265752190,43548,option:name
DM138L,Black,2X-Large,00191265752213,43549,option:name
DM138L,Black,3X-Large,00191265752145,43550,option:name
S663,Black,X-Small,00191265258388,73928,option:name
S663,Black,Small,00191265258418,73929,option:name
S663,Black,Medium,00191265258432,73930,option:name
S663,Black,Large,00191265258449,73931,option:name
S663,Black,X-Large,00191265258456,73932,option:name
S663,Black,2X-Large,00191265258395,73933,option:name
S663,Black,3X-Large,00191265258401,73934,option:name
S663,Black,4X-Large,00191265258425,73935,option:name
S663,True Blue,Small,00191265258722,73955,option:heur
S663,True Blue,Large,00191265258760,73956,option:heur
S663,True Blue,X-Large,00191265258777,73957,option:heur
S663,True Blue,2X-Large,00191265258708,73958,option:heur
S663,White,X-Small,00191265258944,73965,option:name
S663,White,Small,00191265258968,73966,option:name
S663,White,Medium,00191265258999,73967,option:name
S663,White,Large,00191265259002,73968,option:name
S663,White,X-Large,00191265259019,73969,option:name
S663,White,2X-Large,00191265258951,73970,option:name
S663,White,3X-Large,00191265258975,73971,option:name
S663,White,4X-Large,00191265258982,73972,option:name
S663,Cloud Blue,Small,00191265799348,73936,option:heur
S663,Cloud Blue,Medium,00191265799331,73937,option:heur
S663,Cloud Blue,Large,00191265799324,73938,option:heur
S663,Cloud Blue,X-Large,00191265799355,73939,option:heur
S663,Cloud Blue,2X-Large,00191265799294,73940,option:heur
S663,Cloud Blue,3X-Large,00191265799300,73941,option:heur
S664,Black,X-Small,00191265259026,73974,option:name
S664,Black,Small,00191265259057,73975,option:name
S664,Black,Medium,00191265259071,73976,option:name
S664,Black,Large,00191265259088,73977,option:name
S664,Black,X-Large,00191265259095,73978,option:name
S664,Black,2X-Large,00191265259033,73979,option:name
S664,Black,3X-Large,00191265259040,73980,option:name
S664,Black,4X-Large,00191265259064,109503,option:name
S664,White,X-Small,00191265259576,74012,option:name
S664,White,Small,00191265259606,74013,option:name
S664,White,Medium,00191265259620,74014,option:name
S664,White,Large,00191265259637,74015,option:name
S664,White,X-Large,00191265259644,74016,option:name
S664,White,2X-Large,00191265259583,74017,option:name
S664,White,3X-Large,00191265259590,74018,option:name
S664,White,4X-Large,00191265259613,74019,option:name
L663,Black,Small,00191265194693,54520,option:name
L663,Black,Medium,00191265194716,54521,option:name
L663,Black,Large,00191265194723,54522,option:name
L663,Black,X-Large,00191265194730,54523,option:name
L663,Black,2X-Large,00191265194662,54524,option:name
L663,Pink Azalea,Small,00191265194846,54530,option:heur
L663,Pink Azalea,Medium,00191265194860,54531,option:heur
L663,Pink Azalea,Large,00191265194884,54532,option:heur
L663,Pink Azalea,X-Large,00191265194891,54533,option:heur
L663,Pink Azalea,2X-Large,00191265194822,54534,option:heur
L663,White,X-Small,00191265195300,54535,option:name
L663,White,Small,00191265195331,54536,option:name
L663,White,Medium,00191265195355,54537,option:name
L663,White,Large,00191265195362,54538,option:name
L663,White,X-Large,00191265195379,54539,option:name
L663,White,2X-Large,00191265195317,54540,option:name
L663,White,3X-Large,00191265195324,54541,option:name
L663,White,4X-Large,00191265195348,54542,option:name
L665,Black,X-Small,00191265196116,54544,option:name
L665,Black,Small,00191265196123,54545,option:name
L665,Black,Medium,00191265196147,54546,option:name
L665,Black,Large,00191265196161,54547,option:name
L665,Black,X-Large,00191265196178,54548,option:name
L665,Black,2X-Large,00191265196109,54549,option:name
L665,Black,3X-Large,00191265196130,54550,option:name
L665,Black,4X-Large,00191265196154,54551,option:name
L665,White,X-Small,00191265196758,54557,option:name
L665,White,Small,00191265196765,54558,option:name
L665,White,Medium,00191265196789,54559,option:name
L665,White,Large,00191265196802,54560,option:name
L665,White,X-Large,00191265196819,54561,option:name
L665,White,2X-Large,00191265196741,54562,option:name
L665,White,3X-Large,00191265196772,54563,option:name
L665,White,4X-Large,00191265196796,54564,option:name
K577,Estate Blue,Small,00191265120395,52344,option:heur
K577,Estate Blue,Medium,00191265120401,52345,option:heur
K577,Estate Blue,Large,00191265120425,52346,option:heur
K577,Estate Blue,X-Large,00191265120432,52347,option:heur
K577,Estate Blue,2X-Large,00191265120371,52348,option:heur
L577,Black,X-Small,00191265290425,54423,option:name
L577,Black,Small,00191265290432,54424,option:name
L577,Black,Medium,00191265290456,54425,option:name
L577,Black,Large,00191265290470,54426,option:name
L577,Black,X-Large,00191265290487,54427,option:name
L577,Black,2X-Large,00191265290418,54428,option:name
L577,Black,3X-Large,00191265290449,54429,option:name
L577,Black,4X-Large,00191265290463,54430,option:name
J7710,Black,Small,00191265464123,49561,option:name
J7710,Black,Medium,00191265464130,49562,option:name
J7710,Black,Large,00191265464154,49563,option:name
J7710,Black,X-Large,00191265464161,49564,option:name
J7710,Black,2X-Large,00191265464093,49565,option:name
L344,Black,Small,00191265509145,53684,option:name
L344,Black,Medium,00191265509169,53685,option:name
L344,Black,Large,00191265509176,53686,option:name
L344,Black,X-Large,00191265509183,53687,option:name
L344,Black,2X-Large,00191265509121,53688,option:name
J343,Black,Small,00191265455954,49318,option:name
J343,Black,Medium,00191265455985,49319,option:name
J343,Black,Large,00191265455992,49320,option:name
J343,Black,X-Large,00191265456005,49321,option:name
J343,Black,2X-Large,00191265455930,49322,option:name
J343,Black,3X-Large,00191265455961,49323,option:name
J345,Black,Small,00191265456913,49353,option:name
J345,Black,Medium,00191265456937,49354,option:name
J345,Black,Large,00191265456944,49355,option:name
J345,Black,X-Large,00191265456951,49356,option:name
L345,Black,Small,00191265509701,53690,option:name
L345,Black,Medium,00191265509725,53691,option:name
L345,Black,Large,00191265509732,53692,option:name
L345,Black,X-Large,00191265509749,53693,option:name
J344,Black,Small,00191265456425,49345,option:name
J344,Black,Medium,00191265456456,49346,option:name
J344,Black,Large,00191265456463,49347,option:name
J344,Black,X-Large,00191265456470,49348,option:name
J344,Black,2X-Large,00191265456401,49349,option:name
J344,Black,3X-Large,00191265456432,49350,option:name
J344,Black,4X-Large,00191265456449,49351,option:name
K5200,White,Small,00191265513043,50568,option:name
K5200,White,Medium,00191265513050,50569,option:name
K5200,White,Large,00191265513074,50570,option:name
K5200,White,X-Large,00191265513081,50571,option:name
K5200,White,2X-Large,00191265513012,50572,option:name
K5200,White,3X-Large,00191265513036,50573,option:name
6750,White,X-Small,00821780043679,28720,option:name
6750,White,Small,00821780029412,31059,option:name
6750,White,Medium,00821780029413,28722,option:name
6750,White,Large,00821780029414,28723,option:name
6750,White,X-Large,00821780029415,28724,option:name
6750,White,2X-Large,00821780029416,28725,option:name
6750,White,3X-Large,00821780029417,28726,option:name
6752,Black,X-Small,00821780043532,35379,mainframe
6752,Black,Small,00821780043533,35379,option:name
6752,Black,Medium,00821780043534,35381,option:name
6752,Black,Large,00821780043535,35382,option:name
6752,Black,X-Large,00821780043536,35383,option:name
6752,Black,2X-Large,00821780043537,35384,option:name
6752,Black,3X-Large,00821780043538,35385,option:name
6752,Heather Blue,Small,00821780029176,40538,option:heur
6752,Heather Blue,Medium,00821780029177,40539,option:heur
6752,Heather Blue,Large,00821780029178,40540,option:heur
6752,Heather Blue,X-Large,00821780029179,40541,option:heur
6752,Heather Blue,2X-Large,00821780029180,40542,option:heur
6752,Heather Blue,3X-Large,00821780029181,40543,option:heur
6752,Heather Grey,Small,00821780029188,39332,option:name
6752,Heather Grey,Medium,00821780029189,39334,option:name
6752,Heather Grey,Large,00821780029190,39335,option:name
6752,Heather Grey,X-Large,00821780029191,39336,option:name
6752,Heather Grey,2X-Large,00821780029192,39337,option:name
6752,Heather Grey,3X-Large,00821780029193,39338,option:name
6752,White,X-Small,00821780044284,35386,mainframe
6752,White,Small,00821780029200,35386,option:name
6752,White,Medium,00821780029201,35388,option:name
6752,White,Large,00821780029202,35389,option:name
6752,White,X-Large,00821780029203,35390,option:name
6752,White,2X-Large,00821780029204,35391,option:name
6752,White,3X-Large,00821780029205,35392,option:name
82800L,Red,Small,00821780025147,35506,option:name
82800L,Red,Medium,00821780025148,35507,option:name
82800L,Red,Large,00821780025149,35508,option:name
82800L,Red,X-Large,00821780025150,35509,option:name
82800L,Red,2X-Large,00821780025151,35510,option:name
18400,Black,Small,00821780055447,161324,option:name
18400,Black,Medium,00821780055715,161325,option:name
18400,Black,Large,00821780055716,161323,option:name
18400,Black,X-Large,00821780055717,161335,option:name
18400,Black,2X-Large,00821780055718,161350,option:name
18400,Black,3X-Large,00821780055719,161346,option:name
42400,Black,Small,00821780018176,166257,option:name
42400,Black,Medium,00821780018177,166256,option:name
42400,Black,Large,00821780018178,166255,option:name
42400,Black,X-Large,00821780018179,166258,option:name
42400,Black,2X-Large,00821780018180,166251,option:name
42400,Black,3X-Large,00821780018181,166252,option:name
42400,Red,Large,00821780018185,166253,option:name
42400,White,Large,00821780018165,166254,option:name
42400L,Red,Small,00821780018034,166282,option:name
42400L,Red,Medium,00821780018035,166276,option:name
42400L,Red,Large,00821780018036,166270,option:name
42400L,Red,X-Large,00821780018037,166290,option:name
42400L,Red,2X-Large,00821780018038,166260,option:name
42400L,Royal,Small,00821780018022,166284,option:name
42400L,Royal,Medium,00821780018024,166275,option:name
42400L,Royal,Large,00821780018025,166269,option:name
42400L,Royal,X-Large,00821780018027,166293,option:name
42400L,Royal,2X-Large,00821780018029,166261,option:name
42400L,White,X-Small,00821780017997,166283,option:name
42400L,White,Small,00821780017998,166287,option:name
42400L,White,Medium,00821780017999,166279,option:name
42400L,White,Large,00821780018000,166273,option:name
42400L,White,X-Large,00821780018001,166294,option:name
42400L,White,2X-Large,00821780018002,166265,option:name
8800B,Maroon,Small,00821780029040,35616,option:name
8800B,Maroon,Medium,00821780029041,35617,option:name
8800B,Maroon,Large,00821780029042,35618,option:name
8800B,Maroon,X-Large,00821780029039,35619,option:name
8800B,White,Small,00821780009784,35627,option:name
8800B,White,Medium,00821780009785,35628,option:name
8800B,White,Large,00821780009791,35629,option:name
5100P,Red,2T,00821780093189,199920,option:name
5100P,Red,3T,00821780093188,199919,option:name
5100P,Red,4T,00821780093187,199918,option:name
5100P,Red,5T,00821780093191,199917,option:name
5100P,Red,6T,00821780093190,199916,option:name
5100P,White,2T,00821780093197,199906,option:name
5100P,White,3T,00821780093125,199905,option:name
5100P,White,4T,00821780093124,199904,option:name
5100P,White,5T,00821780093132,199903,option:name
5100P,White,6T,00821780093131,199902,option:name
5100P,Black,2T,00821780093130,199924,option:name
5100P,Black,3T,00821780093129,199923,option:name
5100P,Black,4T,00821780093128,199922,option:name
5100P,Black,6T,00821780093135,199921,option:name
K580,Black,Small,00191265329323,50920,option:name
K580,Black,Medium,00191265329347,50921,option:name
K580,Black,Large,00191265329354,50922,option:name
K580,Black,X-Large,00191265329361,50923,option:name
K580,Black,2X-Large,00191265329309,50924,option:name
K580,Black,3X-Large,00191265329316,50925,option:name
LOE551,Gear Grey,X-Small,00191265653237,106867,option:heur
K100,Pink Azalea,Small,00191265327282,53031,option:heur
K100,Pink Azalea,Medium,00191265327299,53032,option:heur
K100,Pink Azalea,Large,00191265365352,53033,option:heur
K100,Pink Azalea,X-Large,00191265327336,53034,option:heur
K100,Pink Azalea,2X-Large,00191265327251,53035,option:heur
K100,White,Small,00191265327718,50171,option:name
K100,White,Medium,00191265327732,50172,option:name
K100,White,Large,00191265327756,50173,option:name
K100,White,X-Large,00191265327787,50174,option:name
K100,White,2X-Large,00191265327695,50175,option:name
K100,White,3X-Large,00191265327725,50176,option:name
K100,White,4X-Large,00191265327749,50177,option:name
K100,White,5X-Large,00191265327763,50178,option:name
K100P,Graphite,Small,00191265328739,52444,option:name
K100P,Graphite,Medium,00191265328760,52445,option:name
K100P,Graphite,Large,00191265365536,52446,option:name
K100P,Graphite,X-Large,00191265328777,52447,option:name
K100P,Graphite,2X-Large,00191265328715,52448,option:name
K100P,Graphite,3X-Large,00191265328746,52449,option:name
838964,Black,Small,00091209610411,35558,option:name
838964,Black,Medium,00091209610435,35559,option:name
838964,Black,Large,00091209610442,35560,option:name
838964,Black,X-Large,00091209610473,35561,option:name
838964,Black,2X-Large,00091209617014,35562,option:name
838964,Black,3X-Large,00091209617069,35563,option:name
838964,Cool Grey,Small,00091209617106,102256,option:name
838964,Cool Grey,Medium,00091209617175,102255,option:name
838964,Cool Grey,Large,00091209617328,102254,option:name
838964,Cool Grey,X-Large,00091209617335,102253,option:name
838964,Cool Grey,2X-Large,00091209617342,102252,option:name
838956,Black,Small,00883412638760,35527,option:name
838956,Black,Medium,00883412638777,35528,option:name
838956,Black,Large,00883412638784,35529,option:name
838956,Black,X-Large,00883412638845,35530,option:name
838956,Black,2X-Large,00883412638852,35531,option:name
838956,Anthracite,Small,00883412638913,40282,option:name
838956,Anthracite,Medium,00883412638920,40283,option:name
838956,Anthracite,Large,00883412638937,40284,option:name
838956,Anthracite,X-Large,00883412638944,40285,option:name
838956,Anthracite,2X-Large,00883412638951,40286,option:name
838956,Anthracite,3X-Large,00887227977779,40287,option:name
838956,White,Small,00883412639064,35534,option:name
838956,White,Medium,00883412639071,35535,option:name
838956,White,Large,00883412639088,35536,option:name
838956,White,X-Large,00883412797511,35537,option:name
838956,White,2X-Large,00883412797535,35538,option:name
838956,White,3X-Large,00887227977878,35539,option:name
838956,Black,3X-Large,00887227977717,35532,option:name
5700,White/ Black,Small,00821780040883,167363,option:abbrev
5700,White/ Black,Medium,00821780040884,167360,option:abbrev
5700,White/ Black,Large,00821780040885,167357,option:abbrev
5700,White/ Black,X-Large,00821780040886,167365,option:abbrev
5700,White/ Black,2X-Large,00821780040887,167352,option:abbrev
5700,White/ Black,3X-Large,00821780040888,167355,option:abbrev
5700,White/ Royal,Small,00821780040901,167364,option:name
5700,White/ Royal,Medium,00821780040902,167361,option:name
5700,White/ Royal,Large,00821780040903,167358,option:name
5700,White/ Royal,X-Large,00821780040904,167367,option:name
5700,White/ Royal,2X-Large,00821780040905,167351,option:name
5700,White/ Royal,3X-Large,00821780040906,167353,option:name
EB554,Black,Small,00191265617406,48117,option:name
EB554,Black,Medium,00191265617390,48119,option:name
EB554,Black,Large,00191265617383,48120,option:name
EB554,Black,X-Large,00191265617413,48121,option:name
EB554,Black,2X-Large,00191265617352,48122,option:name
EB554,Black,3X-Large,00191265617369,48123,option:name
EB554,Black,4X-Large,00191265617376,48124,option:name
LW100,Burgundy,X-Small,00191265563147,107261,option:name
LW100,Burgundy,Small,00191265563123,107268,option:name
LW100,Burgundy,Medium,00191265563116,107267,option:name
LW100,Burgundy,Large,00191265563109,107266,option:name
LW100,Burgundy,X-Large,00191265563130,107265,option:name
LW100,Burgundy,2X-Large,00191265563154,107264,option:name
LW100,Burgundy,3X-Large,00191265563086,107263,option:name
LW100,Burgundy,4X-Large,00191265563093,107262,option:name
W100,White,X-Small,00191265566551,80276,option:name
W100,White,Small,00191265566537,80277,option:name
W100,White,Medium,00191265566520,80278,option:name
W100,White,Large,00191265566513,80279,option:name
W100,White,X-Large,00191265566544,80280,option:name
W100,White,2X-Large,00191265566483,80281,option:name
W100,White,3X-Large,00191265566490,80282,option:name
LW102,Deep Black,X-Small,00191265564182,107278,option:name
LW102,Deep Black,Small,00191265564168,107285,option:name
LW102,Deep Black,Medium,00191265564151,107284,option:name
LW102,Deep Black,Large,00191265564144,107283,option:name
LW102,Deep Black,X-Large,00191265564175,107282,option:name
LW102,Deep Black,2X-Large,00191265564199,107281,option:name
LW102,Deep Black,3X-Large,00191265564120,107280,option:name
LW102,Deep Black,4X-Large,00191265564137,107279,option:name
LW102,White,X-Small,00191265564502,107294,option:name
LW102,White,Small,00191265564489,107301,option:name
LW102,White,Medium,00191265564472,107300,option:name
LW102,White,Large,00191265564465,107299,option:name
LW102,White,X-Large,00191265564496,107298,option:name
LW102,White,2X-Large,00191265564519,107297,option:name
LW102,White,3X-Large,00191265564441,107296,option:name
LW102,White,4X-Large,00191265564458,107295,option:name
K8000,Black,Small,00191265559812,50971,option:name
K8000,Black,Medium,00191265559805,50972,option:name
K8000,Black,Large,00191265559799,50973,option:name
K8000,Black,X-Large,00191265559829,50974,option:name
K8000,Black,2X-Large,00191265559744,50975,option:name
K8000,Black,3X-Large,00191265559751,50976,option:name
K8000,Black,4X-Large,00191265559768,50977,option:name
K8000,Black,5X-Large,00191265559775,50978,option:name
W668,Grey/ Black,X-Small,00191265567350,81802,option:abbrev
W668,Grey/ Black,Small,00191265567336,81795,option:abbrev
W668,Grey/ Black,Medium,00191265567329,81790,option:abbrev
W668,Grey/ Black,Large,00191265567312,81785,option:abbrev
W668,Grey/ Black,X-Large,00191265567343,81800,option:abbrev
W668,Grey/ Black,2X-Large,00191265567282,81774,option:abbrev
W668,Grey/ Black,3X-Large,00191265567299,81777,option:abbrev
W668,Grey/ Black,4X-Large,00191265567305,81780,option:abbrev
W668,Royal/ Black,Small,00191265567411,82462,option:name
W668,Royal/ Black,Medium,00191265567404,82459,option:name
W668,Royal/ Black,Large,00191265567398,82456,option:name
W668,Royal/ Black,X-Large,00191265567428,82465,option:name
W668,Royal/ Black,2X-Large,00191265567367,82451,option:name
W668,Royal/ Black,3X-Large,00191265567374,82452,option:name
W668,Royal/ Black,4X-Large,00191265567381,82453,option:name
883681,Black,Small,00887225924430,35632,option:name
883681,Black,Medium,00887225924447,35633,option:name
883681,Black,Large,00887225924454,35634,option:name
883681,Black,X-Large,00887225924461,35635,option:name
883681,Black,2X-Large,00887225924478,35636,option:name
838957,Black,Small,00887225891480,35541,option:name
838957,Black,Medium,00887225891497,35542,option:name
838957,Black,Large,00887225891503,35543,option:name
838957,Black,X-Large,00887225891510,35544,option:name
838957,Black,2X-Large,00887225891527,35545,option:name
RS3037,Black/ White,2T,00052987041798,109384,option:name
RS3037,Black/ White,3T,00052987041804,109383,option:name
RS3037,Black/ White,4T,00052987041811,109382,option:name
RS3330,Black/ White,2T,00052987066029,109398,option:name
RS3330,Black/ White,3T,00052987066012,109397,option:name
RS3330,Black/ White,4T,00052987066005,109396,option:name
RS3330,White/ Black,2T,00052987066067,109394,option:abbrev
RS3330,White/ Black,3T,00052987066050,109393,option:abbrev
RS3330,White/ Black,4T,00052987066043,109392,option:abbrev
RS4400,Black,NB,00052987556292,109403,option:name
RS4400,White,NB,00052987261226,109402,option:name
NEA600,Black,X-Small,00191265611824,64604,option:name
NEA600,Black,Small,00191265611800,64605,option:name
NEA600,Black,Medium,00191265611794,64606,option:name
NEA600,Black,Large,00191265611787,64607,option:name
NEA600,Black,X-Large,00191265611817,64608,option:name
NEA600,Black,2X-Large,00191265611756,64609,option:name
NEA600,Black,3X-Large,00191265611763,64610,option:name
NEA600,Black,4X-Large,00191265611770,64611,option:name
NEA600,Royal,X-Small,00191265611985,64626,option:name
NEA600,Royal,Small,00191265611961,64627,option:name
NEA600,Royal,Medium,00191265611954,64628,option:name
NEA600,Royal,Large,00191265611947,64629,option:name
NEA600,Royal,X-Large,00191265611978,64630,option:name
NEA600,Royal,2X-Large,00191265611916,64631,option:name
NEA600,Royal,3X-Large,00191265611923,64632,option:name
NEA600,Royal,4X-Large,00191265611930,64633,option:name
NEA600,White,X-Small,00191265721691,64634,option:name
NEA600,White,Small,00191265721677,64635,option:name
NEA600,White,Medium,00191265721660,64636,option:name
NEA600,White,Large,00191265721653,64637,option:name
NEA600,White,X-Large,00191265721684,64638,option:name
NEA600,White,2X-Large,00191265721622,64639,option:name
NEA600,White,3X-Large,00191265721639,64640,option:name
NEA600,White,4X-Large,00191265721646,64641,option:name
NEA600,Scarlet,2X-Large,00197908089982,71328,option:name
NEA600,Scarlet,3X-Large,00197908089999,71329,option:name
NEA600,Scarlet,4X-Large,00197908090001,71330,option:name
NEA600,Scarlet,Large,00197908089968,71326,option:name
NEA600,Scarlet,Medium,00197908089951,71325,option:name
NEA600,Scarlet,Small,00197908089944,71324,option:name
NEA600,Scarlet,X-Large,00197908089975,71327,option:name
NEA510,Black Heather,X-Small,00191265610865,107912,option:name
PC380LS,Neon Yellow,2X-Large,00197908090193,108663,option:name
PC380LS,Neon Yellow,3X-Large,00197908090209,108662,option:name
PC380LS,Neon Yellow,4X-Large,00197908090216,108661,option:name
PC380LS,Neon Yellow,Large,00197908090179,108665,option:name
PC380LS,Neon Yellow,Medium,00197908090162,108666,option:name
PC380LS,Neon Yellow,Small,00197908090155,108667,option:name
PC380LS,Neon Yellow,X-Large,00197908090186,108664,option:name
DT132L,Grey Frost,X-Small,00191265539463,104761,option:heur
DT132L,Grey Frost,Small,00191265539449,104768,option:heur
DT132L,Grey Frost,Medium,00191265539432,104767,option:heur
DT132L,Grey Frost,Large,00191265539425,104766,option:heur
DT132L,Grey Frost,X-Large,00191265539456,104765,option:heur
DT132L,Grey Frost,2X-Large,00191265539470,104764,option:heur
DT132L,Grey Frost,3X-Large,00191265539401,104763,option:heur
DT132L,Grey Frost,4X-Large,00191265539418,104762,option:heur
DT137L,White,Small,00191265540483,104786,option:name
DT137L,White,Medium,00191265540476,104785,option:name
DT137L,White,Large,00191265540469,104784,option:name
DT137L,White,X-Large,00191265540490,104783,option:name
DT137L,White,2X-Large,00191265540513,104782,option:name
DT137L,Grey Frost,Small,00191265540247,46367,option:heur
DT137L,Grey Frost,Medium,00191265540230,46368,option:heur
DT137L,Grey Frost,Large,00191265540223,46369,option:heur
DT137L,Grey Frost,X-Large,00191265540254,46370,option:heur
DT137L,Grey Frost,2X-Large,00191265540278,46371,option:heur
DT137L,Grey Frost,3X-Large,00191265540209,46372,option:heur
DT137L,Navy Frost,Small,00191265540407,47310,option:heur
DT137L,Navy Frost,Medium,00191265540391,47311,option:heur
DT137L,Navy Frost,Large,00191265540384,47312,option:heur
DT137L,Navy Frost,X-Large,00191265540414,47313,option:heur
DT137L,Navy Frost,2X-Large,00191265540438,47314,option:heur
DT137L,Navy Frost,3X-Large,00191265540360,47315,option:heur
DT137L,Navy Frost,4X-Large,00191265540377,47316,option:heur
DT137L,Black,Small,00191265721103,44273,option:name
DT137L,Black,Medium,00191265721097,44274,option:name
DT137L,Black,Large,00191265721080,44275,option:name
DT137L,Black,X-Large,00191265721110,44276,option:name
DT137L,Black,2X-Large,00191265721134,44277,option:name
DT137L,Black,3X-Large,00191265721066,44278,option:name
OG601,White,One Size,00191265663113,108538,option:name
PC590Q,Charcoal,Small,00191265548236,108937,option:name
PC590Q,Charcoal,Medium,00191265548229,108936,option:name
PC590Q,Charcoal,Large,00191265548212,108935,option:name
PC590Q,Charcoal,X-Large,00191265548243,108934,option:name
PC590Q,Charcoal,2X-Large,00191265548182,108933,option:name
PC590Q,Charcoal,3X-Large,00191265548199,108932,option:name
PC590Q,Silver,Small,00191265548588,108931,option:name
PC590Q,Silver,Medium,00191265548571,108930,option:name
PC590Q,Silver,Large,00191265548564,108929,option:name
PC590Q,Silver,X-Large,00191265548595,108928,option:name
PC590Q,Silver,2X-Large,00191265548533,108927,option:name
PC590Q,Silver,3X-Large,00191265548540,108926,option:name
PC590YH,Charcoal,X-Small,00191265548649,108953,option:name
PC590YH,Charcoal,Small,00191265548625,108957,option:name
PC590YH,Charcoal,Medium,00191265548618,108956,option:name
PC590YH,Charcoal,Large,00191265548601,108955,option:name
PC590YH,Charcoal,X-Large,00191265548632,108954,option:name
PC590YH,Red,X-Small,00191265548793,108958,option:name
PC590YH,Red,Small,00191265548779,108962,option:name
PC590YH,Red,Medium,00191265548762,108961,option:name
PC590YH,Red,Large,00191265548755,108960,option:name
PC590YH,Red,X-Large,00191265548786,108959,option:name
PC590YH,Royal,X-Small,00191265548847,108948,option:name
PC590YH,Royal,Small,00191265548823,108952,option:name
PC590YH,Royal,Medium,00191265548816,108951,option:name
PC590YH,Royal,Large,00191265548809,108950,option:name
PC590YH,Royal,X-Large,00191265548830,108949,option:name
PC590YH,Silver,X-Small,00191265548892,108943,option:name
PC590YH,Silver,Small,00191265548878,108947,option:name
PC590YH,Silver,Medium,00191265548861,108946,option:name
PC590YH,Silver,Large,00191265548854,108945,option:name
PC590YH,Silver,X-Large,00191265548885,108944,option:name
K111,Graphite/ White,Small,00191265552974,52486,option:name
K111,Graphite/ White,Medium,00191265552967,52487,option:name
K111,Graphite/ White,Large,00191265552950,52488,option:name
K111,Graphite/ White,X-Large,00191265552981,52489,option:name
K111,Graphite/ White,2X-Large,00191265552929,52490,option:name
K111,Graphite/ White,3X-Large,00191265552936,52491,option:name
L5430,Black,Small,00191265553605,54245,option:name
L5430,Black,Medium,00191265553599,54246,option:name
L5430,Black,Large,00191265553582,54247,option:name
L5430,Black,X-Large,00191265553612,54248,option:name
L5430,Black,2X-Large,00191265553636,54249,option:name
L5430,Black,3X-Large,00191265553568,54250,option:name
L5430,Dusty Blue,Small,00191265553681,54256,option:heur
L5430,Dusty Blue,Medium,00191265553674,54257,option:heur
L5430,Dusty Blue,Large,00191265553667,54258,option:heur
L5430,Dusty Blue,X-Large,00191265553698,54259,option:heur
L5430,Dusty Blue,2X-Large,00191265553711,54260,option:heur
L5430,Dusty Blue,3X-Large,00191265553643,54261,option:heur
W380,Light Blue,X-Small,00191265633475,82069,option:name
W380,Light Blue,Small,00191265633451,82066,option:name
W380,Light Blue,Medium,00191265633444,82064,option:name
W380,Light Blue,Large,00191265633437,82062,option:name
W380,Light Blue,X-Large,00191265633468,82068,option:name
W380,Light Blue,2X-Large,00191265633406,82058,option:name
W380,Light Blue,3X-Large,00191265633413,82059,option:name
W380,Light Blue,4X-Large,00191265633420,82060,option:name
LST855,Black,X-Small,00191265638333,107180,option:name
L902,Graphite,X-Small,00191265631143,57495,option:name
L902,Graphite,Small,00191265631129,57496,option:name
L902,Graphite,Medium,00191265631112,57497,option:name
L902,Graphite,Large,00191265631105,57498,option:name
L902,Graphite,X-Large,00191265631136,57499,option:name
L902,Graphite,2X-Large,00191265631150,57500,option:name
L902,Graphite,3X-Large,00191265631082,57501,option:name
L902,Graphite,4X-Large,00191265631099,57502,option:name
J902,Graphite,Small,00191265629935,49724,option:name
J902,Graphite,Medium,00191265629928,49725,option:name
J902,Graphite,Large,00191265629911,49726,option:name
J902,Graphite,X-Large,00191265629942,49727,option:name
J902,Graphite,2X-Large,00191265629881,49728,option:name
J902,Graphite,3X-Large,00191265629898,49729,option:name
L903,White,Small,00191265631440,54930,option:name
L903,White,Medium,00191265631433,54931,option:name
L903,White,Large,00191265631426,54932,option:name
L903,White,X-Large,00191265631457,54933,option:name
L903,White,2X-Large,00191265631471,54934,option:name
J903,Graphite,Small,00191265630177,52432,option:name
J903,Graphite,Medium,00191265630160,52433,option:name
J903,Graphite,Large,00191265630153,52434,option:name
J903,Graphite,X-Large,00191265630184,52435,option:name
J903,Graphite,2X-Large,00191265630122,52436,option:name
F904,Graphite,2X-Large,00191265628761,52420,option:name
LST358,Silver,X-Small,00191265637138,63439,option:name
LST358,Silver,Small,00191265637114,63440,option:name
LST358,Silver,Medium,00191265637107,63441,option:name
LST358,Silver,Large,00191265637091,63442,option:name
LST358,Silver,X-Large,00191265637121,63443,option:name
LST358,Silver,2X-Large,00191265637145,63444,option:name
LST358,Silver,3X-Large,00191265637077,63445,option:name
LST358,Silver,4X-Large,00191265637084,63446,option:name
ST358,Black,X-Small,00191265638661,76943,option:name
ST358,Black,Small,00191265638647,76944,option:name
ST358,Black,Medium,00191265638630,76945,option:name
ST358,Black,Large,00191265638623,76946,option:name
ST358,Black,X-Large,00191265638654,76947,option:name
ST358,Black,2X-Large,00191265638593,76948,option:name
ST358,Black,3X-Large,00191265638609,76949,option:name
ST358,Black,4X-Large,00191265638616,76950,option:name
ST358,Iron Grey,X-Small,00191265638746,76951,option:heur
ST358,Iron Grey,Small,00191265638722,76952,option:heur
ST358,Iron Grey,Medium,00191265638715,76953,option:heur
ST358,Iron Grey,Large,00191265638708,76954,option:heur
ST358,Iron Grey,X-Large,00191265638739,76955,option:heur
ST358,Iron Grey,2X-Large,00191265638678,76956,option:heur
ST358,Iron Grey,3X-Large,00191265638685,76957,option:heur
ST358,Silver,X-Small,00191265638821,82567,option:name
ST358,Silver,Small,00191265638807,82553,option:name
ST358,Silver,Medium,00191265638791,82546,option:name
ST358,Silver,Large,00191265638784,82537,option:name
ST358,Silver,X-Large,00191265638814,82560,option:name
ST358,Silver,2X-Large,00191265638753,82522,option:name
ST358,Royal,2X-Large,00197908126991,76978,option:name
ST358,Royal,3X-Large,00197908127004,76979,option:name
ST358,Royal,4X-Large,00197908127011,76980,option:name
ST358,Royal,Large,00197908126977,76976,option:name
ST358,Royal,Medium,00197908126960,76975,option:name
ST358,Royal,Small,00197908126953,76974,option:name
ST358,Royal,X-Large,00197908126984,76977,option:name
DT6302,White,2X-Large,00191265623278,202995,mainframe
NKBQ5231,Black,4X-Large,00192502424818,108122,option:name
NKAH6418,Anthracite,Small,00883419925924,108095,option:name
NKAH6418,Anthracite,Medium,00883419925931,108094,option:name
NKAH6418,Anthracite,Large,00883419925948,108093,option:name
NKAH6418,Anthracite,X-Large,00883419925955,108092,option:name
NKAH6418,Anthracite,2X-Large,00883419925962,108091,option:name
NKAH6418,Anthracite,3X-Large,00191885405889,108090,option:name
NKAH6418,Anthracite,4X-Large,00191885405896,108089,option:name
BC3001,Mint,X-Small,00884913389199,103382,option:name
BC3001,Mint,Small,00884913389144,103388,option:name
BC3001,Mint,Medium,00884913389151,103387,option:name
BC3001,Mint,Large,00884913389168,103386,option:name
BC3001,Mint,X-Large,00884913389175,103385,option:name
BC3001,Mint,2X-Large,00884913389182,103384,option:name
BC3001,Mint,3X-Large,00884913389205,103383,option:name
BC3001,Natural,Small,00884913389229,103393,option:name
BC3001,Natural,Medium,00884913389236,103392,option:name
BC3001,Natural,Large,00884913389243,103391,option:name
BC3001,Natural,X-Large,00884913389250,103390,option:name
BC3001,Natural,2X-Large,00884913389267,103389,option:name
BC3001,Orange,X-Small,00884913156999,103400,option:name
BC3001,Pink,X-Small,00884913299221,103402,option:name
BC3001,Red,X-Small,00884913110991,103401,option:name
BC3001,Yellow,X-Small,00884913157170,103394,option:name
BC3001,Yellow,Small,00884913157187,103399,option:name
BC3001,Yellow,Medium,00884913157194,103398,option:name
BC3001,Yellow,Large,00884913157200,103397,option:name
BC3001,Yellow,X-Large,00884913157217,103396,option:name
BC3001,Yellow,2X-Large,00884913157224,103395,option:name
BC3413,Orange Triblend,X-Small,00884913303188,103491,option:abbrev
BC3413,Orange Triblend,Small,00884913300897,103497,option:abbrev
BC3413,Orange Triblend,Medium,00884913300941,103496,option:abbrev
BC3413,Orange Triblend,Large,00884913302594,103495,option:abbrev
BC3413,Orange Triblend,X-Large,00884913302648,103494,option:abbrev
BC3413,Orange Triblend,2X-Large,00884913303133,103493,option:abbrev
BC3413,Orange Triblend,3X-Large,00884913393998,103492,option:abbrev
BC3480,Neon Blue,X-Small,00884913222304,103527,option:name
BC3480,Neon Blue,Small,00884913222311,103532,option:name
BC3480,Neon Blue,Medium,00884913222328,103531,option:name
BC3480,Neon Blue,Large,00884913222335,103530,option:name
BC3480,Neon Blue,X-Large,00884913222342,103529,option:name
BC3480,Neon Blue,2X-Large,00884913222359,103528,option:name
BC3719,Heather Navy,X-Small,00884913545465,103582,option:heur
BC3719,Heather Navy,Small,00884913545472,103588,option:heur
BC3719,Heather Navy,Medium,00884913545489,103587,option:heur
BC3719,Heather Navy,Large,00884913545496,103586,option:heur
BC3719,Heather Navy,X-Large,00884913545502,103585,option:heur
BC3719,Heather Navy,2X-Large,00884913545519,103584,option:heur
BC3719,Heather Navy,3X-Large,00884913698369,103583,option:heur
BC3729,Black,X-Small,00884913640177,204359,option:name
BC3729,Black,Small,00884913640184,204353,option:name
BC3729,Black,Medium,00884913640191,204350,option:name
BC3729,Black,Large,00884913640207,204347,option:name
BC3729,Black,X-Large,00884913640214,204356,option:name
BC3729,Black,2X-Large,00884913640221,204344,option:name
BC3729,Dark Grey,X-Small,00884913639812,204360,option:name
BC3729,Dark Grey,Small,00884913639829,204354,option:name
BC3729,Dark Grey,Medium,00884913639836,204351,option:name
BC3729,Dark Grey,Large,00884913639843,204348,option:name
BC3729,Dark Grey,X-Large,00884913639850,204357,option:name
BC3729,Dark Grey,2X-Large,00884913639867,204345,option:name
BC3729,Navy,X-Small,00884913640238,204361,option:name
BC3729,Navy,Small,00884913640245,204355,option:name
BC3729,Navy,Medium,00884913640252,204352,option:name
BC3729,Navy,Large,00884913640269,204349,option:name
BC3729,Navy,X-Large,00884913640276,204358,option:name
BC3729,Navy,2X-Large,00884913640283,204346,option:name
BC3739,Black,X-Small,00884913226401,103607,option:name
BC3739,Black,Small,00884913226418,37070,option:name
BC3739,Black,Medium,00884913226425,37072,option:name
BC3739,Black,Large,00884913226432,37073,option:name
BC3739,Black,X-Large,00884913226449,37074,option:name
BC3739,Black,2X-Large,00884913226456,37075,option:name
BC6008,Teal,Small,00884913642270,103633,option:name
BC6008,Teal,Medium,00884913642287,103632,option:name
BC6008,Teal,Large,00884913642294,103631,option:name
BC6008,Teal,X-Large,00884913642300,103630,option:name
BC6008,Teal,2X-Large,00884913642317,103629,option:name
BC6405,Maroon,2X-Large,00884913821491,103648,option:name
BC6405,Maroon,Large,00884913821477,103650,option:name
BC6405,Maroon,Medium,00884913821460,103651,option:name
BC6405,Maroon,Small,00884913821453,103652,option:name
BC6405,Maroon,X-Large,00884913821484,103649,option:name
BC6682,Heather Olive,Small,00884913596160,103684,option:heur
BC6682,Heather Olive,Medium,00884913596177,103683,option:heur
BC6682,Heather Olive,Large,00884913596184,103682,option:heur
BC6682,Heather Olive,X-Large,00884913630116,103681,option:heur
BC6682,Heather Olive,2X-Large,00884913630123,103680,option:heur
BC8800,Maroon,Small,00884913472280,202919,mainframe
BC8803,Red,2X-Large,00884913472471,202920,mainframe
DT565,Black,X-Small,00191265666510,104872,option:name
DT565,Black,Small,00191265666497,104879,option:name
DT565,Black,Medium,00191265666480,104878,option:name
DT565,Black,Large,00191265666473,104877,option:name
DT565,Black,X-Large,00191265666503,104876,option:name
DT565,Black,2X-Large,00191265666442,104875,option:name
DT565,Black,3X-Large,00191265666459,104874,option:name
DT565,Black,4X-Large,00191265666466,104873,option:name
LST405,Light Grey Heather,Small,00191265677387,107048,option:heur
LST405,Light Grey Heather,Medium,00191265677370,107047,option:heur
LST405,Light Grey Heather,Large,00191265677363,107046,option:heur
LST405,Light Grey Heather,X-Large,00191265677394,107045,option:heur
LST405,Light Grey Heather,2X-Large,00191265677417,107044,option:heur
LST405,Light Grey Heather,3X-Large,00191265677349,107043,option:heur
LST405,Light Grey Heather,4X-Large,00191265677356,107042,option:heur
LST405,White Triad Solid,X-Small,00191265677721,60241,option:abbrev
LST405,White Triad Solid,Small,00191265677707,60242,option:abbrev
LST405,White Triad Solid,Medium,00191265677691,60243,option:abbrev
LST405,White Triad Solid,Large,00191265677684,60244,option:abbrev
LST405,White Triad Solid,X-Large,00191265677714,60245,option:abbrev
LST405,White Triad Solid,2X-Large,00191265677738,60246,option:abbrev
LST405,White Triad Solid,3X-Large,00191265677660,60247,option:abbrev
K600,Black,Small,00191265728300,50943,option:name
K600,Black,Medium,00191265728294,50944,option:name
K600,Black,Large,00191265728287,50945,option:name
K600,Black,X-Large,00191265728317,50946,option:name
K600,Black,2X-Large,00191265728256,50947,option:name
K600,Black,3X-Large,00191265728263,50948,option:name
H000,Lagoon Blue,Small,00191675095863,205933,option:name
H000,Lagoon Blue,Medium,00191675095870,205932,option:name
H000,Lagoon Blue,Large,00191675095887,205931,option:name
H000,Lagoon Blue,X-Large,00191675095894,205934,option:name
H000,Lagoon Blue,2X-Large,00191675095900,205924,option:name
H000,Lagoon Blue,3X-Large,00191675095917,205925,option:name
H000,Lagoon Blue,4X-Large,00191675095924,205927,option:name
H000,Lagoon Blue,5X-Large,00191675095931,205929,option:name
CTTK87,Black,Large Tall,00035481256318,104532,option:name
CTTK87,Black,X-Large Tall,00035481256325,104533,option:name
CTTK87,Black,2X-Large Tall,00035481256332,104530,option:name
CTTK87,Black,3X-Large Tall,00035481256349,104531,option:name
CTK121,Moss,4X-Large,00889192859579,104482,option:name
CTK122,Brite Orange,2X-Large,00192776850597,104496,option:heur
CTK122,Brite Orange,3X-Large,00192776850351,104495,option:heur
CTK122,Brite Orange,Large,00192776850443,104498,option:heur
CTK122,Brite Orange,Medium,00192776850474,104499,option:heur
CTK122,Brite Orange,Small,00192776850504,104500,option:heur
CTK122,Brite Orange,X-Large,00192776850535,104497,option:heur
CT102199,Charcoal,Small,00889192362215,104262,option:name
CT102199,Charcoal,Medium,00889192362185,104261,option:name
CT102199,Charcoal,2X-Large,00889192362093,104260,option:name
CT102199,Navy,2X-Large,00889192362635,104255,option:name
CT102199,Navy,3X-Large,00889192362666,104254,option:name
CT102199,Navy,Large,00889192362697,104257,option:name
CT102199,Navy,Medium,00889192362727,104258,option:name
CT102199,Navy,Small,00889192362758,104259,option:name
CT102199,Navy,X-Large,00889192362789,104256,option:name
ST420,Kelly Green,Small,00191265803809,109892,option:name
ST420,Kelly Green,Medium,00191265803793,109891,option:name
ST420,Kelly Green,Large,00191265803786,109890,option:name
ST420,Kelly Green,X-Large,00191265803816,109889,option:name
ST420,Kelly Green,2X-Large,00191265803755,109888,option:name
ST420,Kelly Green,3X-Large,00191265803762,109887,option:name
ST420,Kelly Green,4X-Large,00191265803779,109886,option:name
YST420LS,Sapphire,X-Small,00191265808422,111237,option:name
YST420LS,Sapphire,Small,00191265808408,111241,option:name
YST420LS,Sapphire,Medium,00191265808392,111240,option:name
YST420LS,Sapphire,Large,00191265808385,111239,option:name
YST420LS,Sapphire,X-Large,00191265808415,111238,option:name
H400,White,Small,00191675089732,49003,option:name
H400,White,Medium,00191675089749,49004,option:name
H400,White,Large,00191675089756,49005,option:name
H400,White,X-Large,00191675089763,49006,option:name
H400,White,2X-Large,00191675089770,49007,option:name
5300,Safety Green,Medium,00821780069364,25180,option:heur
5300,Safety Green,Large,00821780069365,25181,option:heur
5300,Safety Green,X-Large,00821780069366,25182,option:heur
5300,Safety Green,2X-Large,00821780069367,25183,option:heur
5300,Sport Grey,Small,00821780069375,25184,option:heur
5300,Sport Grey,Medium,00821780069376,25185,option:heur
5300,Sport Grey,Large,00821780069377,25186,option:heur
5300,Sport Grey,X-Large,00821780069413,25187,option:heur
5300,Sport Grey,2X-Large,00821780069378,25188,option:heur
5300,Sport Grey,3X-Large,00821780069379,25189,option:heur
5300,Royal,Small,00821780069291,25166,option:name
1717,White,Small,00884074018792,198713,option:name
1717,White,Medium,00884074018793,198712,option:name
1717,White,Large,00884074018794,198711,option:name
1717,White,X-Large,00884074018795,198710,option:name
1717,White,2X-Large,00884074018796,198709,option:name
1717,White,3X-Large,00884074018797,206023,option:name
1717,Grey,Small,00884074019266,198725,option:name
1717,Grey,Medium,00884074019267,198724,option:name
1717,Grey,Large,00884074019268,198723,option:name
1717,Grey,X-Large,00884074019269,198722,option:name
1717,Grey,2X-Large,00884074019270,198721,option:name
1717,Grey,3X-Large,00884074019271,206020,option:name
1717,Chalky Mint,Small,00884074035660,206046,option:name
1717,Chalky Mint,Medium,00884074035661,206042,option:name
1717,Chalky Mint,Large,00884074035662,206039,option:name
1717,Chalky Mint,X-Large,00884074035663,206048,option:name
1717,Chalky Mint,2X-Large,00884074035664,206015,option:name
1717,Chalky Mint,3X-Large,00884074035665,206019,option:name
1717,Black,Small,00884074018972,198739,option:name
1717,Black,Medium,00884074018973,198738,option:name
1717,Black,Large,00884074018974,198737,option:name
1717,Black,X-Large,00884074018975,198736,option:name
1717,Black,2X-Large,00884074018976,198735,option:name
1717,Black,3X-Large,00884074018977,198734,option:name
1717,Chambray,Small,00884074019050,100018,option:name
1717,Chambray,Medium,00884074019051,206043,option:name
1717,Chambray,Large,00884074019052,100017,option:name
1717,Chambray,X-Large,00884074019053,100016,option:name
1717,Chambray,2X-Large,00884074019054,100015,option:name
1717,Chambray,3X-Large,00884074019055,100014,option:name
1717,Crunchberry,Small,00884074035559,100032,option:name
1717,Crunchberry,Medium,00884074035560,100031,option:name
1717,Crunchberry,Large,00884074035561,100030,option:name
1717,Crunchberry,X-Large,00884074035562,100029,option:name
1717,Crunchberry,2X-Large,00884074035563,100028,option:name
1717,Crunchberry,3X-Large,00884074035564,100027,option:name
1717,Red,Small,00884074019002,198732,option:name
1717,Red,Medium,00884074019003,198731,option:name
1717,Red,Large,00884074019004,198730,option:name
1717,Red,X-Large,00884074019005,198729,option:name
1717,Red,2X-Large,00884074019006,198728,option:name
1717,Red,3X-Large,00884074019007,198727,option:name
1717,Blossom,Small,00884074019032,100025,option:name
1717,Blossom,Medium,00884074019033,100024,option:name
1717,Blossom,Large,00884074019034,100023,option:name
1717,Blossom,X-Large,00884074019035,100022,option:name
1717,Blossom,2X-Large,00884074019036,100021,option:name
1717,Blossom,3X-Large,00884074019037,100020,option:name
1717,Neon Pink,Small,00884074038556,198714,option:name
1717,Neon Pink,Medium,00884074038561,206044,option:name
1717,Neon Pink,Large,00884074038566,206040,option:name
1717,Neon Pink,X-Large,00884074038571,206049,option:name
1717,Neon Pink,2X-Large,00884074038576,206016,option:name
1717,Neon Pink,3X-Large,00884074038581,206022,option:name
1717,Chili,Small,00884074018948,198691,option:name
1717,Chili,Medium,00884074018949,198690,option:name
1717,Chili,Large,00884074018950,198689,option:name
1717,Chili,X-Large,00884074018951,198688,option:name
1717,Chili,2X-Large,00884074018952,198687,option:name
1717,Chili,3X-Large,00884074018953,198686,option:name
1717,Ivory,2X-Large,00884074019024,100007,option:name
1717,Ivory,3X-Large,00884074019025,100006,option:name
1717,Ivory,Large,00884074019022,198706,option:name
1717,Ivory,Medium,00884074019021,198707,option:name
1717,Ivory,Small,00884074019020,198708,option:name
1717,Ivory,X-Large,00884074019023,198705,option:name
1717,Black,4X-Large,00884074048339,198733,option:name
1717,White,4X-Large,00884074048341,206036,option:name
1717,Ivory,4X-Large,00884074048348,206032,option:name
1717,Neon Violet,2X-Large,00191675375705,99994,option:name
1717,Neon Violet,3X-Large,00191675375712,99993,option:name
1717,Neon Violet,Large,00191675375682,99996,option:name
1717,Neon Violet,Medium,00191675375675,99997,option:name
1717,Neon Violet,Small,00191675375668,99998,option:name
1717,Neon Violet,X-Large,00191675375699,99995,option:name
1717,Mystic,2X-Large,00884074018970,100001,option:name
1717,Mystic,3X-Large,00884074018971,100000,option:name
1717,Mystic,4X-Large,00884074048351,99999,option:name
1717,Mystic,Large,00884074018968,100003,option:name
1717,Mystic,Medium,00884074018967,100004,option:name
1717,Mystic,Small,00884074018966,100005,option:name
1717,Mystic,X-Large,00884074018969,100002,option:name
1717,Grey,4X-Large,00884074048307,206029,option:name
1717,Red,4X-Large,00884074048356,198726,option:name
1717,Chalky Mint,4X-Large,00884074048292,206026,option:name
1717,Chambray,4X-Large,00884074048293,100013,option:name
1717,Chili,4X-Large,00884074048346,206028,option:name
1717,Blossom,4X-Large,00884074048342,100019,option:name
1717,Neon Pink,4X-Large,00884074048324,206033,option:name
1717,Crunchberry,4X-Large,00884074048299,100026,option:name
1717,Neon Violet,4X-Large,00191675375729,99992,option:name
6030,White,Small,00884074023991,35060,option:name
6030,White,Medium,00884074023992,35061,option:name
6030,White,Large,00884074023993,35062,option:name
6030,White,X-Large,00884074023994,35063,option:name
6030,White,2X-Large,00884074023995,35064,option:name
6030,White,3X-Large,00884074023996,35065,option:name
4410,Blue Jean,Small,00884074043316,199793,option:heur
4410,Blue Jean,Medium,00884074043330,199792,option:heur
4410,Blue Jean,Large,00884074043344,199791,option:heur
4410,Blue Jean,X-Large,00884074043358,199790,option:heur
4410,Blue Jean,2X-Large,00884074043372,199789,option:heur
4410,Berry,2X-Large,00884074043697,199804,option:name
4410,Ice Blue,2X-Large,00884074043615,199799,option:heur
4410,Berry,Large,00884074043695,199806,option:name
4410,Ice Blue,Large,00884074043613,199801,option:heur
4410,Berry,Medium,00884074043694,199807,option:name
4410,Ice Blue,Medium,00884074043612,199802,option:heur
4410,Berry,Small,00884074043693,199808,option:name
4410,Ice Blue,Small,00884074043611,199803,option:heur
4410,Berry,X-Large,00884074043696,199805,option:name
4410,Ice Blue,X-Large,00884074043614,199800,option:heur
1566,Blue Jean,Small,00884074039084,31442,option:heur
1566,Blue Jean,Medium,00884074039092,31443,option:heur
1566,Blue Jean,Large,00884074039102,31444,option:heur
1566,Blue Jean,X-Large,00884074039111,31445,option:heur
1566,Blue Jean,2X-Large,00884074039120,31446,option:heur
1566,Blue Jean,3X-Large,00884074039128,31447,option:heur
1566,Pepper,Small,00884074039085,32281,option:name
1566,Pepper,Medium,00884074039093,32282,option:name
1566,Pepper,Large,00884074039103,32283,option:name
1566,Pepper,X-Large,00884074039112,32284,option:name
1566,Pepper,2X-Large,00884074039121,32285,option:name
1566,Pepper,3X-Large,00884074039129,32286,option:name
1566,Watermelon,Small,00884074043282,32717,option:name
1566,Watermelon,Medium,00884074043283,32718,option:name
1566,Watermelon,Large,00884074043284,32719,option:name
1566,Watermelon,X-Large,00884074043285,32720,option:name
1566,Watermelon,2X-Large,00884074043286,32721,option:name
1566,White,2X-Large,00884074039437,30708,option:name
1566,True Navy,2X-Large,00884074040977,30702,option:name
1566,White,3X-Large,00884074039450,30709,option:name
1566,True Navy,3X-Large,00884074040978,30703,option:name
1566,White,Large,00884074039411,30706,option:name
1566,True Navy,Large,00884074040975,30700,option:name
1566,White,Medium,00884074039398,30705,option:name
1566,Butter,Medium,00884074041542,30702,mainframe
1566,True Navy,Medium,00884074040974,30699,option:name
1566,White,Small,00884074039385,30704,option:name
1566,True Navy,Small,00884074040973,30698,option:name
1566,White,X-Large,00884074039424,30707,option:name
1566,True Navy,X-Large,00884074040976,30701,option:name
1566,Orchid,2X-Large,00884074050934,204043,option:name
1566,Orchid,3X-Large,00884074050935,204044,option:name
1566,Orchid,Large,00884074050932,204045,option:name
1566,Orchid,Medium,00884074050931,204046,option:name
1566,Orchid,Small,00884074050930,204047,option:name
1566,Orchid,X-Large,00884074050933,204048,option:name
1566,Topaz Blue,X-Large,00884074050574,32604,option:heur
1580,Crimson,Small,00884074050024,99975,option:name
1580,Crimson,Medium,00884074050025,189664,option:name
1580,Crimson,Large,00884074050026,99974,option:name
1580,Crimson,X-Large,00884074050027,99973,option:name
1580,Crimson,2X-Large,00884074050028,99972,option:name
1580,Crimson,3X-Large,00884074050029,99971,option:name
1580,Flo Blue,Small,00884074050012,99981,option:heur
1580,Flo Blue,Medium,00884074050013,99980,option:heur
1580,Flo Blue,Large,00884074050014,99979,option:heur
1580,Flo Blue,X-Large,00884074050015,99978,option:heur
1580,Flo Blue,2X-Large,00884074050016,99977,option:heur
1580,Flo Blue,3X-Large,00884074050017,99976,option:heur
949,Black,Small,00707738227388,28818,option:name
949,Black,Medium,00707738227395,28819,option:name
949,Black,Large,00707738227401,28820,option:name
949,Black,X-Large,00707738227418,28821,option:name
949,Black,2X-Large,00707738227500,28822,option:name
949,Black,3X-Large,00707738978174,28823,option:name
949,White,Small,00707738227548,28848,option:name
949,White,Medium,00707738227555,28849,option:name
949,White,Large,00707738227562,28850,option:name
949,White,X-Large,00707738227579,28851,option:name
949,White,2X-Large,00707738227586,28852,option:name
949,White,3X-Large,00707738978235,28853,option:name
6014,White,Small,00884074022593,35045,option:name
6014,White,Medium,00884074022594,35046,option:name
6014,White,Large,00884074022595,35047,option:name
6014,White,X-Large,00884074022596,35048,option:name
6014,White,2X-Large,00884074022597,35049,option:name
6014,White,3X-Large,00884074022598,35050,option:name
6014,Grey,Small,00884074023748,35022,option:name
6014,Grey,Medium,00884074023749,35023,option:name
6014,Grey,Large,00884074023750,35024,option:name
6014,Grey,X-Large,00884074023751,35025,option:name
6014,Grey,2X-Large,00884074023752,35026,option:name
6014,Grey,3X-Large,00884074023753,35027,option:name
6014,Brick,Small,00884074023577,40364,option:name
6014,Brick,Medium,00884074023578,40365,option:name
6014,Brick,Large,00884074023579,40366,option:name
6014,Brick,X-Large,00884074023580,40367,option:name
6014,Brick,2X-Large,00884074023581,40368,option:name
6014,Brick,3X-Large,00884074023582,40369,option:name
6014,Black,Small,00884074022950,35005,option:name
6014,Black,Medium,00884074022951,35006,option:name
6014,Black,Large,00884074022952,35007,option:name
6014,Black,X-Large,00884074022953,35008,option:name
6014,Black,2X-Large,00884074022954,35009,option:name
6014,Black,3X-Large,00884074022955,35010,option:name
6014,Red,2X-Large,00884074023026,35043,option:name
6014,Crunchberry,2X-Large,00884074023842,40442,option:name
6014,Midnight,2X-Large,00884074022669,40217,option:name
6014,Royal Caribe,2X-Large,00884074023788,41084,option:heur
6014,Red,3X-Large,00884074023027,35044,option:name
6014,Crunchberry,3X-Large,00884074023843,40443,option:name
6014,Midnight,3X-Large,00884074022670,40218,option:name
6014,Royal Caribe,3X-Large,00884074023789,41085,option:heur
6014,Red,Large,00884074023024,35041,option:name
6014,Crunchberry,Large,00884074023840,40440,option:name
6014,Midnight,Large,00884074022667,40215,option:name
6014,Royal Caribe,Large,00884074023786,41082,option:heur
6014,Red,Medium,00884074023023,35040,option:name
6014,Crunchberry,Medium,00884074023839,40439,option:name
6014,Midnight,Medium,00884074022666,40214,option:name
6014,Royal Caribe,Medium,00884074023785,41081,option:heur
6014,Red,Small,00884074023022,35039,option:name
6014,Crunchberry,Small,00884074023838,40438,option:name
6014,Midnight,Small,00884074022665,40213,option:name
6014,Royal Caribe,Small,00884074023784,41080,option:heur
6014,Red,X-Large,00884074023025,35042,option:name
6014,Crunchberry,X-Large,00884074023841,40441,option:name
6014,Midnight,X-Large,00884074022668,40216,option:name
6014,Royal Caribe,X-Large,00884074023787,41083,option:heur
9018,White,X-Small,00884074026136,35749,mainframe
9018,White,Small,00884074026137,35749,option:name
9018,White,Medium,00884074026138,35750,option:name
9018,White,Large,00884074026139,35751,option:name
9018,White,X-Large,00884074026140,35752,option:name
9018,Chambray,Large,00884074026497,102363,option:name
9018,Violet,Large,00884074026629,102368,option:name
9018,Chambray,Medium,00884074026496,102364,option:name
9018,Violet,Medium,00884074026628,102369,option:name
9018,Chambray,Small,00884074026495,102365,option:name
9018,Violet,Small,00884074026627,102370,option:name
9018,Chambray,X-Large,00884074026498,102362,option:name
9018,Violet,X-Large,00884074026630,102367,option:name
9018,Chambray,X-Small,00884074026494,102361,option:name
9018,Violet,X-Small,00884074026626,102366,option:name
S651,Black,Small,00191265742962,73844,option:name
S651,Black,Medium,00191265742955,73845,option:name
S651,Black,Large,00191265742948,73846,option:name
S651,Black,X-Large,00191265742979,73847,option:name
S651,Black,2X-Large,00191265742917,73848,option:name
S651,Black,3X-Large,00191265742924,73849,option:name
S651,Navy,Small,00191265743044,73850,option:name
S651,Navy,Medium,00191265743037,73851,option:name
S651,Navy,Large,00191265743020,73852,option:name
S651,Navy,X-Large,00191265743051,73853,option:name
S651,Navy,2X-Large,00191265742993,73854,option:name
J407,Graphite,Small,00191265738750,52427,option:name
J407,Graphite,Medium,00191265738743,52428,option:name
J407,Graphite,Large,00191265738736,52429,option:name
J407,Graphite,X-Large,00191265738767,52430,option:name
J407,Graphite,2X-Large,00191265738705,52431,option:name
L407,Graphite,Small,00191265741064,57490,option:name
L407,Graphite,Medium,00191265741057,57491,option:name
L407,Graphite,Large,00191265741040,57492,option:name
L407,Graphite,X-Large,00191265741071,57493,option:name
L407,Graphite,2X-Large,00191265741095,57494,option:name
LOG104,Electric Blue,X-Small,00191265734844,205828,option:heur
LOG104,Electric Blue,Small,00191265734820,57405,option:heur
LOG104,Electric Blue,Medium,00191265734813,57406,option:heur
LOG104,Electric Blue,Large,00191265734806,57407,option:heur
LOG104,Electric Blue,X-Large,00191265734837,57408,option:heur
LOG104,Electric Blue,2X-Large,00191265734776,57409,option:heur
LOG104,Electric Blue,3X-Large,00191265734783,57410,option:heur
LOG104,Electric Blue,4X-Large,00191265734790,57411,option:heur
LOG104,Navy,X-Small,00191265734929,205829,option:name
LOG104,Navy,Small,00191265734905,56129,option:name
LOG104,Navy,Medium,00191265734899,56130,option:name
LOG104,Navy,Large,00191265734882,56131,option:name
LOG104,Navy,X-Large,00191265734912,56132,option:name
LOG104,Navy,2X-Large,00191265734851,56133,option:name
LOG104,Navy,3X-Large,00191265734868,205826,option:name
LOG104,Navy,4X-Large,00191265734875,205827,option:name
NKBV6043,White,Small,00198485065543,108147,option:name
NKBV6043,White,Medium,00198485067929,108146,option:name
NKBV6043,White,Large,00198485067363,108145,option:name
NKBV6043,White,X-Large,00198485064133,108144,option:name
NKBV6043,White,2X-Large,00198485066083,108143,option:name
L236,Medium Blue Heather,X-Small,00191265800778,57722,option:heur
L236,Medium Blue Heather,Small,00191265800754,57723,option:heur
L236,Medium Blue Heather,Medium,00191265800747,57724,option:heur
L236,Medium Blue Heather,Large,00191265800730,57725,option:heur
L236,Medium Blue Heather,X-Large,00191265800761,57726,option:heur
L236,Medium Blue Heather,2X-Large,00191265800785,57727,option:heur
L236,Medium Blue Heather,3X-Large,00191265800716,57728,option:heur
L236,Medium Blue Heather,4X-Large,00191265800723,57729,option:heur
PC78Q,Athletic Heather,Small,00191265772839,109040,option:name
PC78Q,Athletic Heather,Medium,00191265772822,109039,option:name
PC78Q,Athletic Heather,Large,00191265772815,109038,option:name
PC78Q,Athletic Heather,X-Large,00191265772846,109037,option:name
PC78Q,Athletic Heather,2X-Large,00191265772785,109036,option:name
PC78Q,Athletic Heather,3X-Large,00191265772792,109035,option:name
PC78Q,Athletic Heather,4X-Large,00191265772808,109034,option:name
PC78Q,Heather Royal,Small,00191265773188,109047,option:heur
PC78Q,Heather Royal,Medium,00191265773171,109046,option:heur
PC78Q,Heather Royal,Large,00191265773164,109045,option:heur
PC78Q,Heather Royal,X-Large,00191265773195,109044,option:heur
PC78Q,Heather Royal,2X-Large,00191265773133,109043,option:heur
PC78Q,Heather Royal,3X-Large,00191265773140,109042,option:heur
PC78Q,Heather Royal,4X-Large,00191265773157,109041,option:heur
PC145,Grey,2X-Large,00197908041324,108597,option:name
PC145,Grey,Large,00197908041300,108599,option:name
PC145,Grey,Medium,00197908041294,108600,option:name
PC145,Grey,Small,00197908041287,108601,option:name
PC145,Grey,X-Large,00197908041317,108598,option:name
ST251,White,Small,00191265813365,109691,option:name
ST251,White,Medium,00191265813358,109690,option:name
ST251,White,Large,00191265813341,109689,option:name
ST251,White,X-Large,00191265813372,109688,option:name
ST251,White,2X-Large,00191265813310,109687,option:name
ST251,White,3X-Large,00191265813327,109686,option:name
JST66,Maroon,Small,00191265780148,106098,option:name
JST66,Maroon,Medium,00191265780131,106097,option:name
JST66,Maroon,Large,00191265780124,106096,option:name
JST66,Maroon,X-Large,00191265780155,106095,option:name
JST66,Maroon,2X-Large,00191265780094,106094,option:name
JST66,Maroon,3X-Large,00191265780100,106093,option:name
LST94,Black/ Black,X-Small,00191265786232,58551,option:abbrev
LST94,Black/ Black,Small,00191265786218,58552,option:abbrev
LST94,Black/ Black,Medium,00191265786201,58553,option:abbrev
LST94,Black/ Black,Large,00191265786195,58554,option:abbrev
LST94,Black/ Black,X-Large,00191265786225,58555,option:abbrev
LST94,Black/ Black,2X-Large,00191265786249,58556,option:abbrev
YST94,Black/ White,Small,00191265793568,111298,option:name
YST94,Black/ White,Medium,00191265793551,111297,option:name
YST94,Black/ White,Large,00191265793544,111296,option:name
YST94,Black/ White,X-Large,00191265793575,111295,option:name
ST273,Black,X-Small,00191265787444,74614,option:name
ST273,Black,Small,00191265787420,74615,option:name
ST273,Black,Medium,00191265787413,74616,option:name
ST273,Black,Large,00191265787406,74617,option:name
ST273,Black,X-Large,00191265787437,74618,option:name
ST273,Black,2X-Large,00191265787376,74619,option:name
ST273,Black,3X-Large,00191265787383,74620,option:name
ST273,Black,4X-Large,00191265787390,74621,option:name
ST273,Heather Grey,Small,00191265787581,76095,option:name
ST273,Heather Grey,Medium,00191265787574,76096,option:name
ST273,Heather Grey,Large,00191265787567,76097,option:name
ST273,Heather Grey,X-Large,00191265787598,76098,option:name
ST273,Heather Grey,2X-Large,00191265787536,76099,option:name
ST273,Heather Grey,3X-Large,00191265787543,76100,option:name
90M,Charcoal,Small,00885306840624,35760,option:name
90M,Charcoal,Medium,00885306840471,35761,option:name
90M,Charcoal,Large,00885306840747,35762,option:name
90M,Charcoal,X-Large,00885306840594,35763,option:name
90M,Charcoal,2X-Large,00885306840945,35764,option:name
90M,Charcoal,3X-Large,00885306840839,35765,option:name
90M,Charcoal/ Black,Small,00885306840709,41466,option:name
90M,Charcoal/ Black,Medium,00885306840761,41467,option:name
90M,Charcoal/ Black,Large,00885306840549,41468,option:name
90M,Charcoal/ Black,X-Large,00885306840679,41469,option:name
90M,Charcoal/ Black,2X-Large,00885306840853,41470,option:name
90M,Charcoal/ Black,3X-Large,00885306840976,41471,option:name
90M,Red,Small,00885306840754,35778,option:name
90M,Red,Medium,00885306840532,35779,option:name
90M,Red,Large,00885306840457,35780,option:name
90M,Red,X-Large,00885306840501,35781,option:name
90M,Red,2X-Large,00885306840891,35782,option:name
90M,Red,3X-Large,00885306840846,35783,option:name
90M,Royal,Small,00885306840600,35784,option:name
90M,Royal,Medium,00885306840693,35785,option:name
90M,Royal,Large,00885306840723,35786,option:name
90M,Royal,X-Large,00885306840648,35787,option:name
90M,Royal,2X-Large,00885306840921,35788,option:name
90M,Royal,3X-Large,00885306840877,35789,option:name
91M,Charcoal,Small,00885306842161,35808,option:name
91M,Charcoal,Medium,00885306842048,35809,option:name
91M,Charcoal,Large,00885306842079,35810,option:name
91M,Charcoal,X-Large,00885306842017,35811,option:name
91M,Charcoal,2X-Large,00885306842659,35812,option:name
91M,Charcoal,3X-Large,00885306842437,35813,option:name
91M,Red,Small,00885306841973,35826,option:name
91M,Red,Medium,00885306842062,35827,option:name
91M,Red,Large,00885306842000,35828,option:name
91M,Red,X-Large,00885306841959,35829,option:name
91M,Red,2X-Large,00885306842291,35830,option:name
91M,Red,3X-Large,00885306842307,35831,option:name
91M,Royal,Small,00885306842055,35832,option:name
91M,Royal,Medium,00885306841928,35833,option:name
91M,Royal,Large,00885306842024,35834,option:name
91M,Royal,X-Large,00885306841904,35835,option:name
91M,Royal,2X-Large,00885306842543,35836,option:name
K750,Sterling Grey,Small,00191265774864,53289,option:heur
K750,Sterling Grey,Medium,00191265774857,53290,option:heur
K750,Sterling Grey,Large,00191265774840,53291,option:heur
K750,Sterling Grey,X-Large,00191265774871,53292,option:heur
K750,Sterling Grey,2X-Large,00191265774819,53293,option:heur
K750,Sterling Grey,3X-Large,00191265774826,53294,option:heur
C801,Black,One Size,00191265773843,37664,option:name
C801,Graphite,One Size,00191265773850,41483,option:name
C801,Royal,One Size,00191265773898,37668,option:name
C801,Red,One Size,00191265773881,37667,option:name
F130,Black,X-Small,00191265810586,48146,mainframe
F130,Black,Small,00191265810562,48146,option:name
F130,Black,Medium,00191265810555,48148,option:name
F130,Black,Large,00191265810548,48149,option:name
F130,Black,X-Large,00191265810579,48150,option:name
F130,Black,2X-Large,00191265810517,48151,option:name
F130,Black,3X-Large,00191265810524,48152,option:name
F130,Black,4X-Large,00191265810531,48153,option:name
F130,Charcoal,X-Small,00191265810661,48154,mainframe
F130,Charcoal,Small,00191265810647,48154,option:name
F130,Charcoal,Medium,00191265810630,48156,option:name
F130,Charcoal,Large,00191265810623,48157,option:name
F130,Charcoal,X-Large,00191265810654,48158,option:name
F130,Charcoal,2X-Large,00191265810593,48159,option:name
F130,Charcoal,3X-Large,00191265810609,48160,option:name
L130,Black,Small,00191265811675,51336,option:name
L130,Black,Medium,00191265811668,51338,option:name
L130,Black,Large,00191265811651,51339,option:name
L130,Black,X-Large,00191265811682,51340,option:name
L130,Black,2X-Large,00191265811705,51341,option:name
L130,Black,3X-Large,00191265811637,51342,option:name
L130,Black,4X-Large,00191265811644,51343,option:name
L130,Charcoal,Small,00191265811750,51344,option:name
L130,Charcoal,Medium,00191265811743,51345,option:name
L130,Charcoal,Large,00191265811736,51346,option:name
L130,Charcoal,X-Large,00191265811767,51347,option:name
L130,Charcoal,2X-Large,00191265811781,51348,option:name
L130,Charcoal,3X-Large,00191265811712,51350,option:name
W680,Black,Small,00191265779029,80347,option:name
W680,Black,Medium,00191265779012,80348,option:name
W680,Black,Large,00191265779005,80349,option:name
W680,Black,X-Large,00191265779036,80350,option:name
W680,Black,2X-Large,00191265778978,80351,option:name
W680,Black,3X-Large,00191265778985,80352,option:name
W680,White,Small,00191265779340,80360,option:name
W680,White,Medium,00191265779333,80361,option:name
W680,White,Large,00191265779326,80362,option:name
W680,White,X-Large,00191265779357,80363,option:name
W680,White,2X-Large,00191265779296,80364,option:name
W680,White,3X-Large,00191265779302,80365,option:name
W400,Graphite,Small,00191265778060,81754,option:name
W400,Graphite,Medium,00191265778053,81748,option:name
W400,Graphite,Large,00191265778046,81742,option:name
W400,Graphite,X-Large,00191265778077,81760,option:name
W400,Graphite,2X-Large,00191265778015,81728,option:name
W401,Black,Small,00191265778466,80286,option:name
W401,Black,Medium,00191265778459,80287,option:name
W401,Black,Large,00191265778442,80288,option:name
W401,Black,X-Large,00191265778473,80289,option:name
W401,Black,2X-Large,00191265778411,80290,option:name
W401,Black,3X-Large,00191265778428,80291,option:name
W401,Cloud Blue,Small,00191265778541,80292,option:heur
W401,Cloud Blue,Medium,00191265778534,80293,option:heur
W401,Cloud Blue,Large,00191265778527,80294,option:heur
W401,Cloud Blue,X-Large,00191265778558,80295,option:heur
W401,Cloud Blue,2X-Large,00191265778497,80296,option:heur
W401,Cloud Blue,3X-Large,00191265778503,80297,option:heur
W401,White,Small,00191265778947,80298,option:name
W401,White,Medium,00191265778930,80299,option:name
W401,White,Large,00191265778923,80300,option:name
W401,White,X-Large,00191265778954,80301,option:name
W401,White,2X-Large,00191265778893,80302,option:name
L850,Cobalt Blue,X-Small,00191265812177,54819,option:heur
L850,Cobalt Blue,Small,00191265812153,54820,option:heur
L850,Cobalt Blue,Medium,00191265812146,54821,option:heur
L850,Cobalt Blue,Large,00191265812139,54822,option:heur
L850,Cobalt Blue,X-Large,00191265812160,54823,option:heur
L850,Cobalt Blue,2X-Large,00191265812184,54824,option:heur
L850,Cobalt Blue,3X-Large,00191265812115,54825,option:heur
J851,Cobalt Blue,Small,00191265811361,49652,option:heur
J851,Cobalt Blue,Medium,00191265811354,49654,option:heur
J851,Cobalt Blue,Large,00191265811347,49655,option:heur
J851,Cobalt Blue,X-Large,00191265811378,49656,option:heur
J851,Cobalt Blue,2X-Large,00191265811316,49657,option:heur
J851,Cobalt Blue,3X-Large,00191265811323,49658,option:heur
L851,Cobalt Blue,Small,00191265812634,54849,option:heur
L851,Cobalt Blue,Medium,00191265812627,54850,option:heur
L851,Cobalt Blue,Large,00191265812610,54851,option:heur
L851,Cobalt Blue,X-Large,00191265812641,54852,option:heur
L851,Cobalt Blue,2X-Large,00191265812665,54853,option:heur
L851,Cobalt Blue,3X-Large,00191265812597,54854,option:heur
DT1101,Orchid Haze,2X-Large,00197908040136,104661,option:heur
DT1101,Orchid Haze,3X-Large,00197908040143,104660,option:heur
DT1101,Orchid Haze,4X-Large,00197908040150,104659,option:heur
DT1101,Orchid Haze,Large,00197908040112,104663,option:heur
DT1101,Orchid Haze,Medium,00197908040105,104664,option:heur
DT1101,Orchid Haze,X-Large,00197908040129,104662,option:heur
DT1101,Orchid Haze,X-Small,00197908040082,104658,option:heur
T425,White,Small,00011919033508,79441,mainframe
T425,White,Medium,00011919033515,81045,option:name
T425,White,Large,00011919033522,80972,option:name
T425,White,X-Large,00011919033539,81149,option:name
T425,White,2X-Large,00011919033546,80772,option:name
T425,White,3X-Large,00011919033553,80855,option:name
S149,Black,Small,00070036068053,73566,option:name
S149,Black,Medium,00070036045542,73567,option:name
S149,Black,Large,00070036045559,73568,option:name
S149,Black,X-Large,00070036045566,73569,option:name
S149,Black,2X-Large,00070036045573,73570,option:name
S149,Black,3X-Large,00070036067872,73571,option:name
S149,Cardinal,Small,00078715995423,75767,option:name
S149,Cardinal,Medium,00078715995430,75768,option:name
S149,Cardinal,Large,00078715995447,75769,option:name
S149,Cardinal,X-Large,00078715995454,75770,option:name
S149,Cardinal,2X-Large,00078715995461,75771,option:name
S149,Cardinal,3X-Large,00078715995478,75772,option:name
S149,Dark Green,Small,00070036068046,73572,option:name
S149,Dark Green,Medium,00070036045603,73573,option:name
S149,Dark Green,Large,00070036045610,73574,option:name
S149,Dark Green,X-Large,00070036045627,73575,option:name
S149,Dark Green,2X-Large,00070036045634,73576,option:name
S149,Dark Green,3X-Large,00070036067889,73577,option:name
S149,Navy,Small,00070036045474,73579,option:name
S149,Navy,Medium,00070036045481,73580,option:name
S149,Navy,Large,00070036045498,73581,option:name
S149,Navy,X-Large,00070036045504,73582,option:name
S149,Navy,2X-Large,00070036045511,73583,option:name
S149,Navy,3X-Large,00070036045528,73584,option:name
S149,White,Small,00738994415554,73559,option:name
S149,White,Medium,00738994415561,73560,option:name
S149,White,Large,00738994415578,73561,option:name
S149,White,X-Large,00738994415585,73562,option:name
S149,White,2X-Large,00738994415592,73563,option:name
S149,White,3X-Large,00738994415608,73564,option:name
S101,Ash,Small,01461392040726,109423,option:name
S101,Ash,Medium,01461393040726,109422,option:name
S101,Ash,Large,01461394040726,109421,option:name
S101,Ash,X-Large,01461395040726,109420,option:name
S101,Ash,2X-Large,01461401040726,109419,option:name
S101,Ash,3X-Large,01461412040726,109418,option:name
S101,Black,Small,00070036067933,170412,option:name
S101,Black,Medium,00070036045177,170409,option:name
S101,Black,Large,00070036045184,170397,option:name
S101,Black,X-Large,00070036045191,170422,option:name
S101,Black,2X-Large,00070036045207,170369,option:name
S101,Black,3X-Large,00070036056395,170377,option:name
S101,Cardinal,Small,00011919441143,170414,option:name
S101,Cardinal,Medium,00011919441150,170403,option:name
S101,Cardinal,Large,00011919441167,170391,option:name
S101,Cardinal,X-Large,00011919441174,170430,option:name
S101,Cardinal,2X-Large,00011919441181,170365,option:name
S101,Cardinal,3X-Large,00011919441198,170379,option:name
S101,Light Blue,Small,00194164950261,109415,option:name
S101,Light Blue,Medium,00194164950278,109414,option:name
S101,Light Blue,Large,00194164950285,109413,option:name
S101,Light Blue,X-Large,00194164950292,109412,option:name
S101,Light Blue,2X-Large,00194164950308,109411,option:name
S101,Light Blue,3X-Large,00194164950315,109410,option:name
S101,Navy,Small,00070036067926,170420,option:name
S101,Navy,Medium,00070036045139,170405,option:name
S101,Navy,Large,00070036045146,170395,option:name
S101,Navy,X-Large,00070036045153,170421,option:name
S101,Navy,2X-Large,00070036045160,170375,option:name
S101,Navy,3X-Large,00070036056401,170384,option:name
S101,Red,Small,01461872040726,170415,option:name
S101,Red,Medium,01461873040726,170407,option:name
S101,Red,Large,01461874040726,170394,option:name
S101,Red,X-Large,01461875040726,170426,option:name
S101,Red,2X-Large,01461881040726,170368,option:name
S101,Red,3X-Large,01461892040726,170380,option:name
S101,Red,4X-Large,00194164950438,170386,option:name
S101,White,Small,00192503336677,109417,option:name
S101,White,Medium,00192503336684,170406,option:name
S101,White,Large,00192503336691,170390,option:name
S101,White,X-Large,00192503336707,170427,option:name
S101,White,2X-Large,00192503336714,170373,option:name
S101,White,3X-Large,00192503336721,109416,option:name
CT102286,Moss,2X-Large,00192776834634,104268,option:name
CT102286,Moss,3X-Large,00192776834665,104267,option:name
CT102286,Moss,Large,00192776834696,104270,option:name
CT102286,Moss,Medium,00192776834726,104271,option:name
CT102286,Moss,Small,00192776834757,104272,option:name
CT102286,Moss,X-Large,00192776834788,104269,option:name
CTK128,Black,Small,00035481398506,104513,option:name
CTK128,Black,Medium,00035481106934,104512,option:name
CTK128,Black,Large,00035481106941,104511,option:name
CTK128,Black,X-Large,00035481106958,104510,option:name
CTK128,Black,2X-Large,00035481106965,104509,option:name
CTK128,Black,3X-Large,00035481398513,104508,option:name
CTK128,Black,4X-Large,00035481398520,104507,option:name
CTK128,Carbon Heather,3X-Large,00889192637924,104504,option:name
CTK128,Carbon Heather,4X-Large,00889192637955,104503,option:name
727982,White,Small,00091203054075,35439,option:name
727982,White,Medium,00091203054082,35440,option:name
727982,White,Large,00091203054099,35441,option:name
727982,White,X-Large,00091203054112,35442,option:name
727982,White,2X-Large,00091203054150,35443,option:name
840178,Black,Small,00091202709358,102280,option:name
840178,Black,Medium,00091202709372,102279,option:name
840178,Black,Large,00091202710330,35569,option:name
840178,Black,X-Large,00091202710347,102277,option:name
CJ1614,Black,Small,00194272728271,37919,option:name
CJ1614,Black,Medium,00194272728288,37920,option:name
CJ1614,Black,Large,00194272728295,37921,option:name
CJ1614,Black,X-Large,00194272728301,37922,option:name
CJ1614,Black,2X-Large,00194272728318,37923,option:name
CJ1614,Black,3X-Large,00194272728325,37924,option:name
CJ1614,Black,4X-Large,00194272728332,37925,option:name
CJ1614,White,Small,00194272728516,37938,option:name
CJ1614,White,Medium,00194272728523,37939,option:name
CJ1614,White,Large,00194272728530,37940,option:name
CJ1614,White,X-Large,00194272728547,37941,option:name
CJ1614,White,2X-Large,00194272728554,37942,option:name
CJ1614,White,3X-Large,00194272728561,37943,option:name
CJ1614,White,4X-Large,00194272728578,37944,option:name
CJ1614,Dark Grey Heather,Small,00193658530545,42170,option:name
CJ1614,Dark Grey Heather,Medium,00193658530552,42171,option:name
CJ1614,Dark Grey Heather,Large,00193658530569,42172,option:name
CJ1614,Dark Grey Heather,X-Large,00193658530576,42173,option:name
CJ1614,Dark Grey Heather,2X-Large,00193658530583,42174,option:name
CJ1614,Dark Grey Heather,3X-Large,00193658530590,42175,option:name
CJ1614,Dark Grey Heather,4X-Large,00193658530606,42176,option:name
CJ1614,Royal,Small,00194272728875,37932,option:name
CJ1614,Royal,Medium,00194272728882,37933,option:name
CJ1614,Royal,Large,00194272728899,37934,option:name
CJ1614,Royal,X-Large,00194272728905,37935,option:name
CJ1614,Royal,2X-Large,00194272728912,37936,option:name
CJ1614,Royal,3X-Large,00194272728929,37937,option:name
EB227,Black,4X-Large,00191265828000,105177,option:name
K542,Navy Heather,Small,00191265836142,52873,option:name
K542,Navy Heather,Medium,00191265836135,52874,option:name
K542,Navy Heather,Large,00191265836128,52875,option:name
K542,Navy Heather,X-Large,00191265836159,52876,option:name
K542,Navy Heather,2X-Large,00191265836098,52878,option:name
K542,Navy Heather,3X-Large,00191265836104,52877,option:name
S101SS,Black,Small,00194164829123,109445,option:name
S101SS,Black,Medium,00194164829130,109444,option:name
S101SS,Black,Large,00194164829147,109443,option:name
S101SS,Black,X-Large,00194164829154,109442,option:name
S101SS,Black,2X-Large,00194164829161,109441,option:name
S101SS,Black,3X-Large,00194164829178,109440,option:name
S101SS,Black,4X-Large,00194164829185,109439,option:name
S101SS,Charcoal Heather,Small,00194164829192,109438,option:heur
S101SS,Charcoal Heather,Medium,00194164829901,109437,option:heur
S101SS,Charcoal Heather,Large,00194164829918,109436,option:heur
S101SS,Charcoal Heather,X-Large,00194164829925,109435,option:heur
S101SS,Charcoal Heather,2X-Large,00194164829932,109434,option:heur
S101SS,Charcoal Heather,3X-Large,00194164829949,109433,option:heur
S101SS,Charcoal Heather,4X-Large,00194164829956,109432,option:heur
L131,Black,X-Small,00191265837354,51367,mainframe
L131,Black,Small,00191265837330,51367,option:name
L131,Black,Medium,00191265837323,51369,option:name
L131,Black,Large,00191265837316,51370,option:name
L131,Black,X-Large,00191265837347,51371,option:name
L131,Black,2X-Large,00191265837361,51372,option:name
L132,Black,X-Small,00191265837590,51390,mainframe
L132,Black,Small,00191265837576,51390,option:name
L132,Black,Medium,00191265837569,51392,option:name
L132,Black,Large,00191265837552,51393,option:name
L132,Black,X-Large,00191265837583,51394,option:name
L132,Black,2X-Large,00191265837606,51395,option:name
L132,Black,4X-Large,00191265837545,51396,option:name
DT6100,Royal Frost,X-Small,00191265822527,104907,option:heur
DT6100,Royal Frost,5X-Large,00197908133227,104908,option:heur
DT6104,Black,Small,00191265824262,104981,option:name
DT6104,Black,Medium,00191265824255,104980,option:name
DT6104,Black,Large,00191265824248,104979,option:name
DT6104,Grey Frost,2X-Large,00197908031219,104969,option:heur
DT6104,Grey Frost,Large,00197908031196,104971,option:heur
DT6104,Grey Frost,Medium,00197908031189,104972,option:heur
DT6104,Grey Frost,Small,00197908031172,104973,option:heur
DT6104,Grey Frost,X-Large,00197908031202,104970,option:heur
CTT104050,Black,Large Tall,00192776181165,104521,option:name
CTT104050,Black,X-Large Tall,00192776181226,104522,option:name
CTT104050,Black,2X-Large Tall,00192776181073,104519,option:name
CTT104050,Black,3X-Large Tall,00192776181103,104520,option:name
K810,Dark Green,Small,00191265851756,51045,option:name
K810,Dark Green,Medium,00191265851749,51046,option:name
K810,Dark Green,Large,00191265851732,51047,option:name
K810,Dark Green,X-Large,00191265851763,51048,option:name
K810,Dark Green,3X-Large,00191265851718,51050,option:name
K810,Dark Green,2X-Large,00191265851701,51049,option:name
W808,Regatta Blue,X-Small,00191265859288,80367,option:heur
W808,Regatta Blue,Small,00191265859264,80368,option:heur
W808,Regatta Blue,Medium,00191265859257,80369,option:heur
W808,Regatta Blue,Large,00191265859240,80370,option:heur
W808,Regatta Blue,X-Large,00191265859271,80371,option:heur
W808,Regatta Blue,3X-Large,00191265859226,80373,option:heur
W808,Regatta Blue,4X-Large,00191265859233,80374,option:heur
W808,Regatta Blue,2X-Large,00191265859219,80372,option:heur
NL5013,Black,Small,00841016159364,108438,option:name
NL5013,Black,Medium,00841016159371,108437,option:name
NL5013,Black,Large,00841016159388,108436,option:name
NL5013,Black,X-Large,00841016159395,108435,option:name
NL5013,Black,2X-Large,00841016159401,108434,option:name
NL9303,Maroon,Small,00841016164313,108511,option:name
NL9303,Natural,Small,00841016157315,108505,option:name
NL9303,White,Small,00841016157384,108517,option:name
NL9303,Maroon,Medium,00841016164320,108510,option:name
NL9303,Natural,Medium,00841016157322,108504,option:name
NL9303,White,Medium,00841016157391,108516,option:name
NL9303,Maroon,Large,00841016164337,108509,option:name
NL9303,Natural,Large,00841016157339,108503,option:name
NL9303,White,Large,00841016157407,108515,option:name
NL9303,Maroon,X-Large,00841016164344,108508,option:name
NL9303,Natural,X-Large,00841016157346,108502,option:name
NL9303,White,X-Large,00841016157414,108514,option:name
NL9303,Maroon,2X-Large,00841016164351,108507,option:name
NL9303,Natural,2X-Large,00841016157353,108501,option:name
NL9303,White,2X-Large,00841016157421,108513,option:name
NL9303,Maroon,3X-Large,00841016164368,108506,option:name
NL9303,White,3X-Large,00841016157438,108512,option:name
NE208,Black,One Size,00196313376656,63838,option:name
NE208,Scarlet,One Size,00196313300606,204051,option:name
NEA141,Black,X-Large,00191265887243,203111,mainframe
S700,Black,Small,00011919797646,170555,option:name
S700,Dark Green,Small,00011919797769,170552,option:name
S700,Maroon,Small,00011919798001,170548,option:name
S700,White,Small,00011919798421,170546,option:name
S700,Black,Medium,00011919797653,170532,option:name
S700,Dark Green,Medium,00011919797776,170540,option:name
S700,Maroon,Medium,00011919798018,170543,option:name
S700,White,Medium,00011919798438,170541,option:name
S700,Black,Large,00011919797660,170518,option:name
S700,Dark Green,Large,00011919797783,170528,option:name
S700,Maroon,Large,00011919798025,170522,option:name
S700,White,Large,00011919798445,170524,option:name
S700,Black,X-Large,00011919797677,170565,option:name
S700,Dark Green,X-Large,00011919797790,170567,option:name
S700,Maroon,X-Large,00011919798032,170569,option:name
S700,White,X-Large,00011919798452,170558,option:name
S700,Black,2X-Large,00011919797684,170498,option:name
S700,Dark Green,2X-Large,00011919797806,170495,option:name
S700,Maroon,2X-Large,00011919798049,170502,option:name
S700,White,2X-Large,00011919798469,170496,option:name
S700,Black,3X-Large,00011919797691,170511,option:name
S700,Dark Green,3X-Large,00011919797813,170512,option:name
S700,White,3X-Large,00011919798476,170507,option:name
S700,Orange,2X-Large,00011919798162,170503,option:name
S700,Orange,3X-Large,00011919798179,170516,option:name
S700,Orange,Large,00011919798148,170525,option:name
S700,Orange,Medium,00011919798131,170537,option:name
S700,Orange,Small,00011919798124,170545,option:name
S700,Orange,X-Large,00011919798155,170568,option:name
S800,Black,Small,00011919797387,170642,option:name
S800,Black,Medium,00011919797394,170637,option:name
S800,Black,Large,00011919798902,170625,option:name
S800,Black,X-Large,00011919798919,170646,option:name
S800,Black,2X-Large,00011919798926,170616,option:name
S800,Black,3X-Large,00011919798933,170624,option:name
S6000,Black,Small,00011919796540,73663,option:name
S6000,Maroon,Small,00011919796908,73681,option:name
S6000,Navy,Small,00011919796960,73687,option:name
S6000,Silver Grey,Small,00011919797264,76640,option:name
S6000,White,Small,00011919797325,73712,option:name
S6000,Black,Medium,00011919796557,73664,option:name
S6000,Maroon,Medium,00011919796915,73682,option:name
S6000,Navy,Medium,00011919796977,73688,option:name
S6000,Silver Grey,Medium,00011919797271,76641,option:name
S6000,White,Medium,00011919797332,73713,option:name
S6000,Black,Large,00011919796564,73665,option:name
S6000,Maroon,Large,00011919796922,73683,option:name
S6000,Navy,Large,00011919796984,73689,option:name
S6000,Silver Grey,Large,00011919797288,76642,option:name
S6000,White,Large,00011919797349,73714,option:name
S6000,Black,X-Large,00011919796571,73666,option:name
S6000,Maroon,X-Large,00011919796939,73684,option:name
S6000,Navy,X-Large,00011919796991,73690,option:name
S6000,Silver Grey,X-Large,00011919797295,76643,option:name
S6000,White,X-Large,00011919797356,73715,option:name
S6000,Black,2X-Large,00011919796588,73667,option:name
S6000,Maroon,2X-Large,00011919796946,73685,option:name
S6000,Navy,2X-Large,00011919797004,73691,option:name
S6000,Silver Grey,2X-Large,00011919797301,76644,option:name
S6000,White,2X-Large,00011919797363,73716,option:name
S6000,Black,3X-Large,00011919796595,73668,option:name
S6000,Maroon,3X-Large,00011919796953,73686,option:name
S6000,Navy,3X-Large,00011919797011,73692,option:name
S6000,Silver Grey,3X-Large,00011919797318,76645,option:name
S6000,White,3X-Large,00011919797370,73717,option:name
S6000,Sand,2X-Large,00194959712777,73710,option:name
S6000,Sand,3X-Large,00194959712784,73711,option:name
S6000,Sand,Large,00194959712753,73708,option:name
S6000,Sand,Medium,00194959712746,73707,option:name
S6000,Sand,Small,00194959712739,73706,option:name
S6000,Sand,X-Large,00194959712760,73709,option:name
S6000,Dark Green,2X-Large,00011919796700,73679,option:name
S6000,Dark Green,3X-Large,00011919796717,73680,option:name
S6000,Dark Green,Large,00011919796687,73677,option:name
S6000,Dark Green,Medium,00011919796670,73676,option:name
S6000,Dark Green,Small,00011919796663,73675,option:name
S6000,Dark Green,X-Large,00011919796694,73678,option:name
F906,Graphite,Small,00191265889971,52421,option:name
F906,Graphite,Medium,00191265889988,52422,option:name
F906,Graphite,Large,00191265889995,52423,option:name
F906,Graphite,X-Large,00191265890007,52424,option:name
F906,Graphite,2X-Large,00191265890014,52425,option:name
F906,Graphite,3X-Large,00191265890021,52426,option:name
L906,Graphite,X-Small,00191265891806,57503,option:name
L906,Graphite,Small,00191265891813,57504,option:name
L906,Graphite,Medium,00191265891820,57505,option:name
L906,Graphite,Large,00191265891837,57506,option:name
L906,Graphite,X-Large,00191265891844,57507,option:name
L906,Graphite,2X-Large,00191265891851,57508,option:name
L906,Graphite,3X-Large,00191265891868,57509,option:name
TM1MU411,Black,Small,00190388322853,110377,option:name
TM1MU411,Blue Nights,Small,00190388322914,110354,option:heur
TM1MU411,Classic Blue,Small,00190388322976,110359,option:heur
TM1MU411,White,Small,00190388323096,110364,option:name
TM1MU411,Blue Nights,Medium,00190388322907,110353,option:heur
TM1MU411,White,Large,00190388323072,110363,option:name
TM1MU411,Blue Nights,X-Large,00190388322921,110352,option:heur
TM1MU411,White,X-Large,00190388323102,110362,option:name
TM1MU411,Blue Nights,2X-Large,00190388322877,110351,option:heur
TM1MU411,White,2X-Large,00190388323058,110361,option:name
TM1MU411,Blue Nights,3X-Large,00190388322884,110350,option:heur
TM1MU411,White,3X-Large,00190388323065,110360,option:name
CT104293,Carhartt Brown,Small,00192776837963,104327,option:heur
CT104293,Carhartt Brown,Medium,00192776837932,104326,option:heur
CT104293,Carhartt Brown,Large,00192776837901,104325,option:heur
CT104293,Carhartt Brown,X-Large,00192776837994,104324,option:heur
CT104293,Carhartt Brown,2X-Large,00192776837819,104323,option:heur
CT104293,Carhartt Brown,3X-Large,00192776837840,104322,option:heur
CT104293,Carhartt Brown,4X-Large,00192776837871,104321,option:heur
CT104277,Black,Small,00192776507873,104319,option:name
CT104277,Carhartt Brown,Small,00192776487045,104303,option:heur
CT104277,Black,Medium,00192776507842,104318,option:name
CT104277,Carhartt Brown,Medium,00192776487014,104302,option:heur
CT104277,Black,Large,00192776507811,104317,option:name
CT104277,Carhartt Brown,Large,00192776486987,104301,option:heur
CT104277,Black,X-Large,00192776507903,104316,option:name
CT104277,Carhartt Brown,X-Large,00192776487076,104300,option:heur
CT104277,Black,2X-Large,00192776507699,104315,option:name
CT104277,Carhartt Brown,2X-Large,00192776486864,104299,option:heur
CT104277,Black,3X-Large,00192776507729,104314,option:name
CT104277,Carhartt Brown,3X-Large,00192776486895,104298,option:heur
CT104277,Black,4X-Large,00192776507750,104313,option:name
CT104277,Carhartt Brown,4X-Large,00192776486925,104297,option:heur
CT104277,Black,5X-Large,00192776507781,104312,option:name
CT104277,Carhartt Brown,5X-Large,00192776486956,104296,option:heur
CTK288,Black,Small,00035481657603,38810,option:name
CTK288,Carhartt Brown,Small,00192776845647,41959,option:heur
CTK288,Black,Medium,00035481657610,38811,option:name
CTK288,Carhartt Brown,Medium,00192776845616,41960,option:heur
CTK288,Black,Large,00035481657627,38812,option:name
CTK288,Carhartt Brown,Large,00192776845586,41961,option:heur
CTK288,Black,X-Large,00035481657634,38813,option:name
CTK288,Carhartt Brown,X-Large,00192776845678,41962,option:heur
CTK288,Black,2X-Large,00035481657641,38814,option:name
CTK288,Carhartt Brown,2X-Large,00192776845739,41963,option:heur
CTK288,Black,3X-Large,00035481657658,38815,option:name
CTK288,Carhartt Brown,3X-Large,00192776845494,41964,option:heur
CTK288,Black,4X-Large,00035481657665,38816,option:name
CTK288,Carhartt Brown,4X-Large,00192776845524,41965,option:heur
CTK288,Black,5X-Large,00035481657672,38817,option:name
CTK288,Carhartt Brown,5X-Large,00192776845555,41966,option:heur
NKDC2115,Black,X-Small,00195239799525,108190,option:name
NKDC2115,Black,Small,00195239799532,108197,option:name
NKDC2115,Black,Medium,00195239799556,108196,option:name
NKDC2115,Black,Large,00195239799570,108195,option:name
NKDC2115,Black,X-Large,00195239799594,108194,option:name
NKDC2115,Black,2X-Large,00195239799600,108193,option:name
NKDC2115,Black,3X-Large,00195239799617,108192,option:name
NKDC2115,Black,4X-Large,00195239799624,108191,option:name
K398,Silver,X-Small,00191265932790,106292,option:name
K398,Silver,Small,00191265932806,106299,option:name
K398,Graphite,Small,00191265932721,50274,option:name
K398,Graphite,Medium,00191265932738,50275,option:name
K398,Silver,Medium,00191265932813,106298,option:name
K398,Silver,Large,00191265932820,106297,option:name
K398,Graphite,Large,00191265932745,50276,option:name
K398,Graphite,X-Large,00191265932752,50277,option:name
K398,Silver,X-Large,00191265932837,106296,option:name
K398,Silver,2X-Large,00191265932844,106295,option:name
K398,Graphite,2X-Large,00191265932769,50278,option:name
K398,Silver,3X-Large,00191265932851,106294,option:name
K398,Graphite,3X-Large,00191265932776,50279,option:name
K398,Silver,4X-Large,00191265932868,106293,option:name
K398,Graphite,4X-Large,00191265932783,52457,option:name
DT6101,Black,Small,00191265923743,44760,option:name
DT6101,New Navy,Small,00191265924382,47369,option:heur
DT6101,White,Small,00191265924542,44774,option:name
DT6101,Black,Medium,00191265923750,44761,option:name
DT6101,New Navy,Medium,00191265924399,47371,option:heur
DT6101,White,Medium,00191265924559,44776,option:name
DT6101,Black,Large,00191265923767,44762,option:name
DT6101,New Navy,Large,00191265924405,47372,option:heur
DT6101,White,Large,00191265924566,44777,option:name
DT6101,Black,X-Large,00191265923774,44763,option:name
DT6101,New Navy,X-Large,00191265924412,47373,option:heur
DT6101,White,X-Large,00191265924573,44778,option:name
DT6101,Black,2X-Large,00191265923781,44764,option:name
DT6101,New Navy,2X-Large,00191265924429,47374,option:heur
DT6101,White,2X-Large,00191265924580,44779,option:name
DT6101,Black,3X-Large,00191265923798,44765,option:name
DT6101,New Navy,3X-Large,00191265924436,47375,option:heur
DT6101,White,3X-Large,00191265924597,44780,option:name
DT6101,Black,4X-Large,00191265923804,44766,option:name
DT6101,New Navy,4X-Large,00191265924443,47376,option:heur
DT6101,White,4X-Large,00191265924603,44781,option:name
NKDH4949,Scarlet,Small,00195867681247,108210,option:name
NKDH4949,Royal,Small,00195867681124,108204,option:name
NKDH4949,Scarlet,Medium,00195867681254,108209,option:name
NKDH4949,Royal,Medium,00195867681131,108203,option:name
NKDH4949,Scarlet,Large,00195867681261,108208,option:name
NKDH4949,Royal,Large,00195867681148,108202,option:name
NKDH4949,Scarlet,X-Large,00195867681278,108207,option:name
NKDH4949,Royal,X-Large,00195867681155,108201,option:name
NKDH4949,Scarlet,2X-Large,00195867681285,108206,option:name
NKDH4949,Royal,2X-Large,00195867681162,108200,option:name
NKDH4949,Scarlet,3X-Large,00195867681292,108205,option:name
NKDH4949,Royal,3X-Large,00195867681179,108199,option:name
LPC140P,Dove Grey,X-Small,00191265960670,106961,option:name
LPC140P,Dove Grey,Small,00191265960687,106968,option:name
LPC140P,Dove Grey,Medium,00191265960694,106967,option:name
LPC140P,Dove Grey,Large,00191265960700,106966,option:name
LPC140P,Dove Grey,X-Large,00191265960717,106965,option:name
LPC140P,Dove Grey,2X-Large,00191265960724,106964,option:name
LPC140P,Dove Grey,3X-Large,00191265960731,106963,option:name
LPC140P,Dove Grey,4X-Large,00191265960748,106962,option:name
1745,Amethyst,Small,00191675337253,204330,option:name
1745,Amethyst,Medium,00191675337260,204329,option:name
1745,Amethyst,Large,00191675337277,204328,option:name
1745,Amethyst,X-Large,00191675337284,204331,option:name
1745,Amethyst,2X-Large,00191675337307,204326,option:name
1745,Amethyst,3X-Large,00191675337314,204327,option:name
1745,Hibiscus,2X-Large,00191675380143,100040,option:name
1745,Hibiscus,3X-Large,00191675380150,100039,option:name
1745,Hibiscus,Large,00191675380129,100042,option:name
1745,Hibiscus,Medium,00191675380112,100043,option:name
1745,Hibiscus,Small,00191675380105,100044,option:name
1745,Hibiscus,X-Large,00191675380136,100041,option:name
1545,Amethyst,Small,00191675336843,31364,option:name
1545,Citrine,Small,00191675336904,31556,option:name
1545,Clay,Small,00191675336966,31562,option:name
1545,Fern,Small,00191675337024,31677,option:name
1545,Ocean,Small,00191675337086,32200,option:name
1545,Smoke,Small,00191675337147,32536,option:name
1545,Amethyst,Medium,00191675336850,31365,option:name
1545,Citrine,Medium,00191675336911,31557,option:name
1545,Clay,Medium,00191675336980,31563,option:name
1545,Fern,Medium,00191675337031,31678,option:name
1545,Ocean,Medium,00191675337093,32201,option:name
1545,Smoke,Medium,00191675337154,32537,option:name
1545,Amethyst,Large,00191675336867,31366,option:name
1545,Citrine,Large,00191675336928,31558,option:name
1545,Clay,Large,00191675336997,31564,option:name
1545,Fern,Large,00191675337048,31679,option:name
1545,Ocean,Large,00191675337109,32202,option:name
1545,Smoke,Large,00191675337161,32538,option:name
1545,Amethyst,X-Large,00191675336874,31367,option:name
1545,Citrine,X-Large,00191675336935,31559,option:name
1545,Clay,X-Large,00191675337000,31565,option:name
1545,Fern,X-Large,00191675337055,31680,option:name
1545,Ocean,X-Large,00191675337116,32203,option:name
1545,Smoke,X-Large,00191675337178,32539,option:name
1545,Amethyst,2X-Large,00191675336881,31368,option:name
1545,Citrine,2X-Large,00191675336942,31560,option:name
1545,Clay,2X-Large,00191675336973,31566,option:name
1545,Fern,2X-Large,00191675337062,31681,option:name
1545,Ocean,2X-Large,00191675337123,32204,option:name
1545,Smoke,2X-Large,00191675337185,32540,option:name
1545,Amethyst,3X-Large,00191675336898,31369,option:name
1545,Citrine,3X-Large,00191675336959,31561,option:name
1545,Clay,3X-Large,00191675337017,31567,option:name
1545,Fern,3X-Large,00191675337079,31682,option:name
1545,Ocean,3X-Large,00191675337130,32205,option:name
1545,Smoke,3X-Large,00191675337192,32541,option:name
SF000,Black,Small,00191675339769,109534,option:name
SF000,Maroon,Small,00191675399992,206525,option:name
SF000,Navy,Small,00191675339691,206527,option:name
SF000,Red,Small,00191675376092,109527,option:name
SF000,Black,Medium,00191675339776,109533,option:name
SF000,Maroon,Medium,00191675400001,206519,option:name
SF000,Navy,Medium,00191675339707,206521,option:name
SF000,Red,Medium,00191675376108,109526,option:name
SF000,Black,Large,00191675339783,109532,option:name
SF000,Maroon,Large,00191675400018,206513,option:name
SF000,Navy,Large,00191675339714,206515,option:name
SF000,Red,Large,00191675376115,109525,option:name
SF000,Black,X-Large,00191675339790,109531,option:name
SF000,Maroon,X-Large,00191675400025,206531,option:name
SF000,Navy,X-Large,00191675339721,206533,option:name
SF000,Red,X-Large,00191675376122,109524,option:name
SF000,Black,2X-Large,00191675339806,109530,option:name
SF000,Maroon,2X-Large,00191675400032,206495,option:name
SF000,Navy,2X-Large,00191675339738,206497,option:name
SF000,Red,2X-Large,00191675376139,109523,option:name
SF000,Black,3X-Large,00191675339813,109529,option:name
SF000,Maroon,3X-Large,00191675400049,206501,option:name
SF000,Navy,3X-Large,00191675339745,206503,option:name
SF000,Red,3X-Large,00191675376146,109522,option:name
SF000,Black,4X-Large,00191675339820,109528,option:name
SF000,Maroon,4X-Large,00191675400056,206507,option:name
SF000,Navy,4X-Large,00191675339752,206509,option:name
SF000,Red,4X-Large,00191675376399,109521,option:name
SF000,Sand,2X-Large,00191675339875,206500,option:name
SF000,Sand,3X-Large,00191675339882,206506,option:name
SF000,Sand,4X-Large,00191675339899,206512,option:name
SF000,Sand,Large,00191675339851,206518,option:name
SF000,Sand,Medium,00191675339844,206524,option:name
SF000,Sand,Small,00191675339837,206530,option:name
SF000,Sand,X-Large,00191675339868,206536,option:name
SF000,Sage,2X-Large,00191675405037,206499,option:name
SF000,Sage,3X-Large,00191675405044,206505,option:name
SF000,Sage,4X-Large,00191675405051,206511,option:name
SF000,Sage,Large,00191675405068,206517,option:name
SF000,Sage,Medium,00191675405075,206523,option:name
SF000,Sage,Small,00191675405082,206529,option:name
SF000,Sage,X-Large,00191675405099,206535,option:name
SF500,Black,Small,00191675340369,109556,option:name
SF500,Black,Medium,00191675340376,109555,option:name
SF500,Black,Large,00191675340383,109554,option:name
SF500,Black,X-Large,00191675340390,109553,option:name
SF500,Black,2X-Large,00191675340406,109552,option:name
SF500,Black,3X-Large,00191675340413,109551,option:name
SF500,Black,4X-Large,00191675340420,109550,option:name
SF500,Maroon,2X-Large,00191675340727,206461,option:name
SF500,Red,2X-Large,00191675340567,109545,option:name
SF500,Maroon,3X-Large,00191675340734,206466,option:name
SF500,Red,3X-Large,00191675340574,109544,option:name
SF500,Sand,3X-Large,00191675340499,206468,option:name
SF500,Maroon,4X-Large,00191675340741,206472,option:name
SF500,Red,4X-Large,00191675340581,109543,option:name
SF500,Sand,4X-Large,00191675340505,206474,option:name
SF500,Maroon,Large,00191675340703,206478,option:name
SF500,Red,Large,00191675340543,109547,option:name
SF500,Maroon,Medium,00191675340697,206483,option:name
SF500,Red,Medium,00191675340536,109548,option:name
SF500,Maroon,Small,00191675340680,206488,option:name
SF500,Red,Small,00191675340529,109549,option:name
SF500,Maroon,X-Large,00191675340710,206493,option:name
SF500,Red,X-Large,00191675340550,109546,option:name
SF500,Sage,2X-Large,00191675406287,109538,option:name
SF500,Sage,3X-Large,00191675406294,109537,option:name
SF500,Sage,4X-Large,00191675406300,109536,option:name
SF500,Sage,Large,00191675406263,109540,option:name
SF500,Sage,Medium,00191675406256,109541,option:name
SF500,Sage,Small,00191675406249,109542,option:name
SF500,Sage,X-Large,00191675406270,109539,option:name
SF500,Daisy,2X-Large,00191675386176,206459,option:name
SF500,Daisy,3X-Large,00191675386183,206464,option:name
SF500,Daisy,4X-Large,00191675386190,206470,option:name
SF500,Daisy,Large,00191675386152,206476,option:name
SF500,Daisy,Medium,00191675386145,206481,option:name
SF500,Daisy,Small,00191675386138,206486,option:name
SF500,Daisy,X-Large,00191675386169,206491,option:name
MM1001,Blue Note,X-Small,00191265938785,107507,option:heur
MM1001,White,X-Small,00191265939188,107528,option:name
MM1001,White,Small,00191265939195,107535,option:name
MM1001,Blue Note,Small,00191265938792,107514,option:heur
MM1001,Anchor Grey,Small,00191265938631,61682,option:heur
MM1001,Anchor Grey,Medium,00191265938648,61683,option:heur
MM1001,Blue Note,Medium,00191265938808,107513,option:heur
MM1001,White,Medium,00191265939201,107534,option:name
MM1001,White,Large,00191265939218,107533,option:name
MM1001,Blue Note,Large,00191265938815,107512,option:heur
MM1001,Anchor Grey,Large,00191265938655,61684,option:heur
MM1001,Anchor Grey,X-Large,00191265938662,61685,option:heur
MM1001,Blue Note,X-Large,00191265938822,107511,option:heur
MM1001,White,X-Large,00191265939225,107532,option:name
MM1001,White,2X-Large,00191265939232,107531,option:name
MM1001,Blue Note,2X-Large,00191265938839,107510,option:heur
MM1001,Anchor Grey,2X-Large,00191265938679,61686,option:heur
MM1001,Anchor Grey,3X-Large,00191265938686,61687,option:heur
MM1001,Blue Note,3X-Large,00191265938846,107509,option:heur
MM1001,White,3X-Large,00191265939249,107530,option:name
MM1001,White,4X-Large,00191265939256,107529,option:name
MM1001,Blue Note,4X-Large,00191265938853,107508,option:heur
MM7214,Anchor Grey,X-Small,00191265956123,107656,option:heur
MM7214,Anchor Grey,Small,00191265956130,107663,option:heur
MM7214,Anchor Grey,Medium,00191265956147,107662,option:heur
MM7214,Anchor Grey,Large,00191265956154,107661,option:heur
MM7214,Anchor Grey,X-Large,00191265956161,107660,option:heur
MM7214,Anchor Grey,2X-Large,00191265956178,107659,option:heur
MM7214,Anchor Grey,3X-Large,00191265956185,107658,option:heur
MM7214,Anchor Grey,4X-Large,00191265956192,107657,option:heur
K867,Black,X-Small,00191265965514,51139,mainframe
K867,Black,Small,00191265965521,51139,option:name
K867,Black,Medium,00191265965538,51141,option:name
K867,Black,Large,00191265965545,51142,option:name
K867,Black,X-Large,00191265965552,51143,option:name
K867,Black,2X-Large,00191265965569,51144,option:name
K867,Black,3X-Large,00191265965576,51145,option:name
K867,Black,4X-Large,00191265965583,51146,option:name
K867,Navy Heather,2X-Large,00191265965965,52870,option:heur
K867,Navy Heather,3X-Large,00191265965972,52871,option:heur
K867,Navy Heather,4X-Large,00191265965989,52872,option:heur
K867,Navy Heather,Large,00191265965941,52868,option:heur
K867,Navy Heather,Medium,00191265965934,52867,option:heur
K867,Navy Heather,Small,00191265965927,52865,option:heur
K867,Navy Heather,X-Large,00191265965958,52869,option:heur
K826,Charcoal,Small,00191265965200,51057,option:name
K826,Charcoal,Medium,00191265965217,51058,option:name
K826,Charcoal,Large,00191265965224,51059,option:name
K826,Charcoal,X-Large,00191265965231,51060,option:name
K826,Charcoal,2X-Large,00191265965248,51061,option:name
MM3020,Insignia Blue,Small,00191265955256,63666,option:heur
MM3020,Insignia Blue,Medium,00191265955263,63667,option:heur
MM3020,Insignia Blue,Large,00191265955270,63668,option:heur
MM3020,Insignia Blue,X-Large,00191265955287,63669,option:heur
MM3020,Insignia Blue,2X-Large,00191265955294,63670,option:heur
MM3020,Insignia Blue,3X-Large,00191265955300,63671,option:heur
MM3020,Insignia Blue,4X-Large,00191265955317,63672,option:heur
LK595,Wine,X-Small,00191265969598,203073,mainframe
F804,Graphite,Small,00191265963282,52545,option:name
F804,Graphite,Medium,00191265963299,52546,option:name
F804,Graphite,Large,00191265963305,52547,option:name
F804,Graphite,X-Large,00191265963312,52548,option:name
F804,Graphite,2X-Large,00191265963329,52549,option:name
DT1304,White,2X-Large,00197908032629,104745,option:name
DT1304,White,3X-Large,00197908032636,104744,option:name
DT1304,White,4X-Large,00197908032643,104743,option:name
DT1304,White,Large,00197908032605,104747,option:name
DT1304,White,Medium,00197908032599,104748,option:name
DT1304,White,Small,00197908032582,104749,option:name
DT1304,White,X-Large,00197908032612,104746,option:name
DT1304,White,X-Small,00197908032575,104742,option:name
STF200,Ecru,Small,00191265971287,110119,option:name
STF204,Athletic Heather,X-Small,00191265972956,110126,option:name
STF204,Athletic Heather,Small,00191265972963,110131,option:name
STF204,Athletic Heather,Medium,00191265972970,110130,option:name
STF204,Athletic Heather,Large,00191265972987,110129,option:name
STF204,Athletic Heather,X-Large,00191265972994,110128,option:name
STF204,Athletic Heather,2X-Large,00191265973007,110127,option:name
L151,Pewter,X-Small,00191265967433,52990,mainframe
L151,Royal,X-Small,00191265967518,51422,mainframe
L151,Black,X-Small,00191265967198,51409,mainframe
L151,Pewter,Small,00191265967440,52990,option:name
L151,Royal,Small,00191265967525,51422,option:name
L151,Black,Small,00191265967204,51409,option:name
L151,Pewter,Medium,00191265967457,52992,option:name
L151,Royal,Medium,00191265967532,51424,option:name
L151,Black,Medium,00191265967211,51411,option:name
L151,Pewter,Large,00191265967464,52993,option:name
L151,Royal,Large,00191265967549,51425,option:name
L151,Black,Large,00191265967228,51412,option:name
L151,Pewter,X-Large,00191265967471,52994,option:name
L151,Royal,X-Large,00191265967556,51426,option:name
L151,Black,X-Large,00191265967235,51413,option:name
L151,Pewter,2X-Large,00191265967488,52995,option:name
L151,Royal,2X-Large,00191265967563,51427,option:name
L151,Black,2X-Large,00191265967242,51414,option:name
L151,Pewter,3X-Large,00191265967495,52996,option:name
L151,Royal,3X-Large,00191265967570,51428,option:name
L151,Black,3X-Large,00191265967259,51415,option:name
L151,Pewter,4X-Large,00191265967501,52997,option:name
L151,Royal,4X-Large,00191265967587,51429,option:name
L151,Black,4X-Large,00191265967266,51416,option:name
L123,Black,X-Small,00191265967037,51319,mainframe
L123,Black,Small,00191265967044,51319,option:name
L123,Black,Medium,00191265967051,51321,option:name
L123,Black,Large,00191265967068,51322,option:name
L123,Black,X-Large,00191265967075,51323,option:name
L123,Black,2X-Large,00191265967082,51324,option:name
L123,Black,3X-Large,00191265967099,51325,option:name
L123,Black,4X-Large,00191265967105,51326,option:name
F151,Pewter,Small,00191265962568,52985,option:name
F151,Royal,Small,00191265962643,48170,option:name
F151,Pewter,Medium,00191265962575,52986,option:name
F151,Royal,Medium,00191265962650,48171,option:name
F151,Pewter,Large,00191265962582,52987,option:name
F151,Royal,Large,00191265962667,48172,option:name
F151,Pewter,X-Large,00191265962599,52988,option:name
F151,Royal,X-Large,00191265962674,48173,option:name
F151,Pewter,2X-Large,00191265962605,52989,option:name
F151,Royal,2X-Large,00191265962681,48174,option:name
F151,Royal,3X-Large,00191265962698,48175,option:name
F151,Royal,4X-Large,00191265962704,48176,option:name
F152,Black,Small,00191265962728,48178,option:name
F152,Navy,Small,00191265962803,48184,option:name
F152,Black,Medium,00191265962735,48179,option:name
F152,Navy,Medium,00191265962810,48185,option:name
F152,Black,Large,00191265962742,48180,option:name
F152,Navy,Large,00191265962827,48186,option:name
F152,Black,X-Large,00191265962759,48181,option:name
F152,Navy,X-Large,00191265962834,48187,option:name
F152,Black,2X-Large,00191265962766,48182,option:name
F152,Navy,2X-Large,00191265962841,48188,option:name
F152,Black,3X-Large,00191265962773,48183,option:name
F152,Navy,3X-Large,00191265962858,48189,option:name
J123,Black,X-Small,00191265963756,49010,mainframe
J123,Black,Small,00191265963763,49010,option:name
J123,True Blue,Small,00191265964005,49034,option:heur
J123,Black,Medium,00191265963770,49012,option:name
J123,True Blue,Medium,00191265964012,49036,option:heur
J123,Black,Large,00191265963787,49013,option:name
J123,True Blue,Large,00191265964029,49037,option:heur
J123,Black,X-Large,00191265963794,49014,option:name
J123,True Blue,X-Large,00191265964036,49038,option:heur
J123,Black,2X-Large,00191265963800,49015,option:name
J123,True Blue,2X-Large,00191265964043,49039,option:heur
J123,Black,3X-Large,00191265963817,49016,option:name
J123,True Blue,3X-Large,00191265964050,49040,option:heur
J123,Black,4X-Large,00191265963824,49017,option:name
J123,True Blue,4X-Large,00191265964067,49041,option:heur
J853,Shadow Grey,Small,00191265964647,49682,option:heur
J853,Shadow Grey,Medium,00191265964654,49683,option:heur
J853,Shadow Grey,Large,00191265964661,49684,option:heur
J853,Shadow Grey,X-Large,00191265964678,49685,option:heur
J853,Shadow Grey,2X-Large,00191265964685,49686,option:heur
J853,Shadow Grey,3X-Large,00191265964692,49687,option:heur
DT110,Black,X-Small,00197908005197,104649,option:name
DT110,White,X-Small,00197908005753,104641,option:name
CT104315,Black,X-Small,00192776802770,104335,option:name
CT104315,Shadow Grey,X-Small,00195836247085,104329,option:heur
CT104315,Black,Small,00192776802718,104340,option:name
CT104315,Shadow Grey,Small,00195836247115,104334,option:heur
CT104315,Black,Medium,00192776802688,104339,option:name
CT104315,Shadow Grey,Medium,00195836247146,104333,option:heur
CT104315,Black,Large,00192776802657,104338,option:name
CT104315,Shadow Grey,Large,00195836247177,104332,option:heur
CT104315,Black,X-Large,00192776802749,104337,option:name
CT104315,Shadow Grey,X-Large,00195836247207,104331,option:heur
CT104315,Black,2X-Large,00197219453625,104336,option:name
CT104315,Shadow Grey,2X-Large,00197219453540,104330,option:heur
CT104078,Black,Small,00192776633411,104287,option:name
CT104078,Carbon Heather,Small,00192776633565,104280,option:heur
CT104078,Carbon Heather,Medium,00192776633534,104279,option:heur
CT104078,Black,Medium,00192776633381,104286,option:name
CT104078,Black,Large,00192776633350,104285,option:name
CT104078,Carbon Heather,Large,00192776633503,104278,option:heur
CT104078,Carbon Heather,X-Large,00192776633596,104277,option:heur
CT104078,Black,X-Large,00192776633442,104284,option:name
CT104078,Carbon Heather,2X-Large,00192776633473,104276,option:heur
CT104078,Black,2X-Large,00192776633329,104283,option:name
CT104078,Black,3X-Large,00192776658971,104282,option:name
CT104078,Carbon Heather,3X-Large,00192776665429,104275,option:heur
CT104078,Carbon Heather,4X-Large,00192776659152,104274,option:heur
CT104078,Black,4X-Large,00192776659008,104281,option:name
CT105291,Navy,Small,00195836146272,104348,option:name
CT105291,Navy,Medium,00195836146241,104347,option:name
CT105291,Navy,Large,00195836146210,104346,option:name
CT105291,Navy,X-Large,00195836146302,104345,option:name
CT105291,Navy,2X-Large,00195836146128,104344,option:name
CT105291,Navy,3X-Large,00195836146159,104343,option:name
CT105291,Navy,4X-Large,00195836146180,104342,option:name
DT672,Black,X-Small,00191265988476,105082,option:name
DT672,Washed Coal,Small,00191265988889,47921,option:heur
DT672,Nostalgia Rose Heather,Small,00191265988803,47414,option:heur
DT672,Flint Blue Heather,Small,00191265988568,46090,option:heur
DT672,Black,Small,00191265988483,44995,option:name
DT672,Flint Blue Heather,Medium,00191265988575,46092,option:heur
DT672,Black,Medium,00191265988490,44997,option:name
DT672,Nostalgia Rose Heather,Medium,00191265988810,47416,option:heur
DT672,Washed Coal,Medium,00191265988896,47923,option:heur
DT672,Washed Coal,Large,00191265988902,47924,option:heur
DT672,Nostalgia Rose Heather,Large,00191265988827,47417,option:heur
DT672,Black,Large,00191265988506,44998,option:name
DT672,Flint Blue Heather,Large,00191265988582,46093,option:heur
DT672,Black,X-Large,00191265988513,44999,option:name
DT672,Flint Blue Heather,X-Large,00191265988599,46094,option:heur
DT672,Nostalgia Rose Heather,X-Large,00191265988834,47418,option:heur
DT672,Washed Coal,X-Large,00191265988919,47925,option:heur
DT672,Washed Coal,2X-Large,00191265988926,47926,option:heur
DT672,Nostalgia Rose Heather,2X-Large,00191265988841,47419,option:heur
DT672,Flint Blue Heather,2X-Large,00191265988605,46095,option:heur
DT672,Black,2X-Large,00191265988520,45000,option:name
DT672,Flint Blue Heather,3X-Large,00191265988612,46096,option:heur
DT672,Black,3X-Large,00191265988537,45001,option:name
DT672,Nostalgia Rose Heather,3X-Large,00191265988858,47420,option:heur
DT672,Washed Coal,3X-Large,00191265988933,47927,option:heur
DT672,Washed Coal,4X-Large,00191265988940,47928,option:heur
DT672,Nostalgia Rose Heather,4X-Large,00191265988865,47421,option:heur
DT672,Black,4X-Large,00191265988544,45002,option:name
DT672,Flint Blue Heather,4X-Large,00191265988629,46097,option:heur
DT673,Black,X-Small,00191265988957,105085,option:name
DT673,Black,Small,00191265988964,105092,option:name
DT673,Black,Medium,00191265988971,105091,option:name
DT673,Black,Large,00191265988988,105090,option:name
DT673,Black,X-Large,00191265988995,105089,option:name
DT673,Black,2X-Large,00191265989008,105088,option:name
DT673,Black,3X-Large,00191265989015,105087,option:name
DT673,Black,4X-Large,00191265989022,105086,option:name
TM1WX001,Black,2X-Large,00190388511745,110417,option:name
64000B,Black,X-Small,00821780091459,101992,option:name
64000B,Red,X-Small,00821780015281,35236,mainframe
64000B,Royal,X-Small,00821780091543,35241,mainframe
64000B,Black,Small,00821780091460,101996,option:name
64000B,Red,Small,00821780015282,35236,option:name
64000B,Royal,Small,00821780091544,35241,option:name
64000B,Black,Medium,00821780091461,101995,option:name
64000B,Red,Medium,00821780015283,35238,option:name
64000B,Royal,Medium,00821780091545,35243,option:name
64000B,Black,Large,00821780091462,101994,option:name
64000B,Red,Large,00821780015284,35239,option:name
64000B,Royal,Large,00821780091546,35244,option:name
64000B,Black,X-Large,00821780091463,101993,option:name
64000B,Red,X-Large,00821780015285,35240,option:name
64000B,Royal,X-Large,00821780091548,35245,option:name
64000B,Sapphire,Large,00821780023364,39876,option:name
64000B,Sapphire,Medium,00821780023363,39875,option:name
64000B,Sapphire,Small,00821780023362,39874,option:name
64000B,Sapphire,X-Large,00821780023365,39877,option:name
BB18000,Deep Black,X-Small,00191265977517,103159,option:name
BB18000,Newport Blue,X-Small,00191265977593,103143,option:name
BB18000,White,X-Small,00191265977678,103167,option:name
BB18000,White,Small,00191265977685,103174,option:name
BB18000,Newport Blue,Small,00191265977609,103150,option:name
BB18000,Deep Black,Small,00191265977524,103166,option:name
BB18000,Deep Black,Medium,00191265977531,103165,option:name
BB18000,Newport Blue,Medium,00191265977616,103149,option:name
BB18000,White,Medium,00191265977692,103173,option:name
BB18000,White,Large,00191265977708,103172,option:name
BB18000,Newport Blue,Large,00191265977623,103148,option:name
BB18000,Deep Black,Large,00191265977548,103164,option:name
BB18000,Deep Black,X-Large,00191265977555,103163,option:name
BB18000,Newport Blue,X-Large,00191265977630,103147,option:name
BB18000,White,X-Large,00191265977715,103171,option:name
BB18000,White,2X-Large,00191265977722,103170,option:name
BB18000,Newport Blue,2X-Large,00191265977647,103146,option:name
BB18000,Deep Black,2X-Large,00191265977562,103162,option:name
BB18000,Deep Black,3X-Large,00191265977579,103161,option:name
BB18000,Newport Blue,3X-Large,00191265977654,103145,option:name
BB18000,White,3X-Large,00191265977739,103169,option:name
BB18000,White,4X-Large,00191265977746,103168,option:name
BB18000,Newport Blue,4X-Large,00191265977661,103144,option:name
BB18000,Deep Black,4X-Large,00191265977586,103160,option:name
BB18001,Cobalt Blue,X-Small,00191265977753,103184,option:name
BB18001,Deep Black,X-Small,00191265977838,103192,option:name
BB18001,Newport Blue,X-Small,00191265977913,103176,option:name
BB18001,White,X-Small,00191265977999,103200,option:name
BB18001,White,Small,00191265978002,103207,option:name
BB18001,Newport Blue,Small,00191265977920,103183,option:name
BB18001,Deep Black,Small,00191265977845,103199,option:name
BB18001,Cobalt Blue,Small,00191265977760,103191,option:name
BB18001,Deep Black,Medium,00191265977852,103198,option:name
BB18001,Cobalt Blue,Medium,00191265977777,103190,option:name
BB18001,Newport Blue,Medium,00191265977937,103182,option:name
BB18001,White,Medium,00191265978019,103206,option:name
BB18001,White,Large,00191265978026,103205,option:name
BB18001,Newport Blue,Large,00191265977944,103181,option:name
BB18001,Cobalt Blue,Large,00191265977784,103189,option:name
BB18001,Deep Black,Large,00191265977869,103197,option:name
BB18001,Cobalt Blue,X-Large,00191265977791,103188,option:name
BB18001,Deep Black,X-Large,00191265977876,103196,option:name
BB18001,Newport Blue,X-Large,00191265977951,103180,option:name
BB18001,White,X-Large,00191265978033,103204,option:name
BB18001,White,2X-Large,00191265978040,103203,option:name
BB18001,Newport Blue,2X-Large,00191265977968,103179,option:name
BB18001,Cobalt Blue,2X-Large,00191265977807,103187,option:name
BB18001,Deep Black,2X-Large,00191265977883,103195,option:name
BB18001,Deep Black,3X-Large,00191265977890,103194,option:name
BB18001,Cobalt Blue,3X-Large,00191265977814,103186,option:name
BB18001,Newport Blue,3X-Large,00191265977975,103178,option:name
BB18001,White,3X-Large,00191265978057,103202,option:name
BB18001,White,4X-Large,00191265978064,103201,option:name
BB18001,Newport Blue,4X-Large,00191265977982,103177,option:name
BB18001,Cobalt Blue,4X-Large,00191265977821,103185,option:name
BB18001,Deep Black,4X-Large,00191265977906,103193,option:name
64200,White,Small,00821780023050,102009,option:name
64200,White,Medium,00821780023051,102008,option:name
64200,White,Large,00821780023052,102007,option:name
64200,White,X-Large,00821780023053,102006,option:name
64200,White,2X-Large,00821780023054,102005,option:name
2000T,Black,Large Tall,00821780073603,164201,option:name
2000T,Red,Large Tall,00821780006914,164200,option:name
2000T,Royal,Large Tall,00821780006915,164197,option:name
2000T,Sport Grey,Large Tall,00191675130397,164198,option:heur
2000T,White,Large Tall,00821780073594,164199,option:name
2000T,Black,X-Large Tall,00821780073604,164204,option:name
2000T,Red,X-Large Tall,00821780088928,164202,option:name
2000T,Royal,X-Large Tall,00821780088931,164206,option:name
2000T,Sport Grey,X-Large Tall,00821780073608,164205,option:heur
2000T,White,X-Large Tall,00821780073595,164203,option:name
2000T,Black,2X-Large Tall,00821780073605,164187,option:name
2000T,Red,2X-Large Tall,00821780088929,164188,option:name
2000T,Royal,2X-Large Tall,00821780088932,164186,option:name
2000T,Sport Grey,2X-Large Tall,00821780073609,164190,option:heur
2000T,White,2X-Large Tall,00821780073596,164189,option:name
2000T,Black,3X-Large Tall,00821780073606,164192,option:name
2000T,Red,3X-Large Tall,00821780088930,164193,option:name
2000T,Royal,3X-Large Tall,00821780088933,164191,option:name
2000T,Sport Grey,3X-Large Tall,00821780073610,164195,option:heur
2000T,White,3X-Large Tall,00821780073598,164194,option:name
DV7312,Court Purple,Small,00196154795364,105112,option:heur
DV7312,Court Purple,Medium,00196154795371,105111,option:heur
DV7312,Court Purple,Large,00196154795388,105110,option:heur
DV7312,Court Purple,X-Large,00196154795395,105109,option:heur
DV7312,Court Purple,2X-Large,00196154795401,105108,option:heur
DV7317,Black,Small,00196606187570,45200,option:name
DV7317,Carbon Heather,Small,00196154797139,45933,option:name
DV7317,White,Small,00196154797184,45240,option:name
DV7317,Black,Medium,00196606187587,45202,option:name
DV7317,Carbon Heather,Medium,00196154797146,45935,option:name
DV7317,White,Medium,00196154797191,45242,option:name
DV7317,Black,Large,00196606187594,45203,option:name
DV7317,Carbon Heather,Large,00196154797153,45936,option:name
DV7317,White,Large,00196154797207,45243,option:name
DV7317,Black,X-Large,00196606187600,45204,option:name
DV7317,Carbon Heather,X-Large,00196154797160,45937,option:name
DV7317,White,X-Large,00196154797214,45244,option:name
JST58,Maroon,X-Small,00197908021067,106084,option:name
JST58,Maroon,Small,00197908021074,106091,option:name
JST58,Maroon,Medium,00197908021081,106090,option:name
JST58,Maroon,Large,00197908021098,106089,option:name
JST58,Maroon,X-Large,00197908021104,106088,option:name
JST58,Maroon,2X-Large,00197908021111,106087,option:name
JST58,Maroon,3X-Large,00197908021128,106086,option:name
JST58,Maroon,4X-Large,00197908021135,106085,option:name
F426,Insignia Blue Heather,2X-Large,00197908014571,105313,option:heur
F426,Insignia Blue Heather,3X-Large,00197908014588,105312,option:heur
F426,Insignia Blue Heather,Large,00197908014557,105315,option:heur
F426,Insignia Blue Heather,Medium,00197908014540,105316,option:heur
F426,Insignia Blue Heather,Small,00197908014533,105317,option:heur
F426,Insignia Blue Heather,X-Large,00197908014564,105314,option:heur
F426,Insignia Blue Heather,X-Small,00197908014526,105310,option:heur
F426,Insignia Blue Heather,4X-Large,00197908014595,105311,option:heur
NE219,Royal,One Size,00197215361290,107883,option:name
NKDX6718,White,X-Small,00196606250205,108257,option:name
NKDX6718,White,Small,00196606250212,108264,option:name
NKDX6718,White,Medium,00196606250236,108263,option:name
NKDX6718,White,Large,00196606250250,108262,option:name
NKDX6718,White,X-Large,00196606250274,108261,option:name
NKDX6718,White,2X-Large,00196606250298,108260,option:name
NKDX6718,White,3X-Large,00196606250311,108259,option:name
NKDX6718,White,4X-Large,00196606250335,108258,option:name
NKDX8734,White,Small,00196608353959,108303,option:name
NKDX8734,White,Medium,00196608353966,108302,option:name
NKDX8734,White,Large,00196608353973,108301,option:name
NKDX8734,White,X-Large,00196608353980,108300,option:name
NKDX8734,White,2X-Large,00196608353997,108299,option:name
NKDX8787,Black,Small,00196608354611,108312,option:name
NKDX8787,Black,Medium,00196608354628,108311,option:name
NKDX8787,Black,Large,00196608354635,108310,option:name
NKDX8787,Black,X-Large,00196608354642,108309,option:name
NE911,Black,One Size,00197215361252,63940,option:name
NKBFN6319,White,Small,00196609688227,108099,option:name
NKBFN6319,White,Medium,00196609688234,108098,option:name
NKBFN6319,White,Large,00196609688241,108097,option:name
DT6102Y,Black,X-Small,00197908051262,104957,option:name
DT6102Y,Deep Royal,X-Small,00197908051361,104927,option:name
DT6102Y,Royal Frost,X-Small,00197908051613,104922,option:name
DT6102Y,Black,Small,00197908051279,104962,option:name
DT6102Y,Deep Royal,Small,00197908051378,104931,option:name
DT6102Y,Royal Frost,Small,00197908051620,104926,option:name
DT6102Y,Black,Medium,00197908051286,104961,option:name
DT6102Y,Deep Royal,Medium,00197908051385,104930,option:name
DT6102Y,Royal Frost,Medium,00197908051637,104925,option:name
DT6102Y,Black,Large,00197908051293,104960,option:name
DT6102Y,Deep Royal,Large,00197908051392,104929,option:name
DT6102Y,Royal Frost,Large,00197908051644,104924,option:name
DT6102Y,Black,X-Large,00197908051309,104958,option:name
DT6102Y,Deep Royal,X-Large,00197908051408,104928,option:name
DT6102Y,Royal Frost,X-Large,00197908051651,104923,option:name
DT2200,Black,X-Small,00197908049825,104812,option:name
LST486,White,X-Small,00197908068598,107113,option:name
LST486,White,Small,00197908068604,107117,option:name
LST486,White,Medium,00197908068611,107116,option:name
LST486,White,Large,00197908068628,107115,option:name
LST486,White,X-Large,00197908068635,107114,option:name
ST420LSH,Sapphire,X-Small,00197908077958,109911,option:name
ST420LSH,White,X-Small,00197908078276,109903,option:name
ST420LSH,White,Small,00197908078283,109910,option:name
ST420LSH,Sapphire,Small,00197908077965,109918,option:name
ST420LSH,Sapphire,Medium,00197908077972,109917,option:name
ST420LSH,White,Medium,00197908078290,109909,option:name
ST420LSH,White,Large,00197908078306,109908,option:name
ST420LSH,Sapphire,Large,00197908077989,109916,option:name
ST420LSH,Sapphire,X-Large,00197908077996,109915,option:name
ST420LSH,White,X-Large,00197908078313,109907,option:name
ST420LSH,White,2X-Large,00197908078320,109906,option:name
ST420LSH,Sapphire,2X-Large,00197908078009,109914,option:name
ST420LSH,Sapphire,3X-Large,00197908078016,109913,option:name
ST420LSH,White,3X-Large,00197908078337,109905,option:name
ST420LSH,White,4X-Large,00197908078344,109904,option:name
ST420LSH,Sapphire,4X-Large,00197908078023,109912,option:name
LK880,Grey Steel Heather,X-Small,00197908064354,106797,option:heur
LK880,Grey Steel Heather,Small,00197908064361,106804,option:heur
LK880,Smoke Grey,Small,00197908064446,106790,option:name
LK880,Grey Steel Heather,Medium,00197908064378,106803,option:heur
LK880,Smoke Grey,Medium,00197908064453,106789,option:name
LK880,Grey Steel Heather,Large,00197908064385,106802,option:heur
LK880,Smoke Grey,Large,00197908064460,106788,option:name
LK880,Grey Steel Heather,X-Large,00197908064392,106801,option:heur
LK880,Smoke Grey,X-Large,00197908064477,106787,option:name
LK880,Grey Steel Heather,2X-Large,00197908064408,106800,option:heur
LK880,Smoke Grey,2X-Large,00197908064484,106786,option:name
LK880,Grey Steel Heather,3X-Large,00197908064415,106799,option:heur
LK880,Smoke Grey,3X-Large,00197908064491,106785,option:name
LK880,Grey Steel Heather,4X-Large,00197908064422,106798,option:heur
K683,Black,Small,00197908061568,50958,option:name
K683,Black,Medium,00197908061575,50959,option:name
K683,Black,Large,00197908061582,50960,option:name
K683,Black,X-Large,00197908061599,50961,option:name
K683,Black,2X-Large,00197908061605,50962,option:name
ST856,Black,X-Small,00197908080279,78982,option:name
ST856,Black,Small,00197908080286,78983,option:name
ST856,Charcoal Grey,Small,00197908080361,78990,option:heur
ST856,Black,Medium,00197908080293,78984,option:name
ST856,Charcoal Grey,Medium,00197908080378,78991,option:heur
ST856,Black,Large,00197908080309,78985,option:name
ST856,Charcoal Grey,Large,00197908080385,78992,option:heur
ST856,Black,X-Large,00197908080316,78986,option:name
ST856,Charcoal Grey,X-Large,00197908080392,78993,option:heur
ST856,Black,2X-Large,00197908080323,78987,option:name
ST856,Charcoal Grey,2X-Large,00197908080408,78994,option:heur
ST856,Black,3X-Large,00197908080330,78988,option:name
ST856,Charcoal Grey,3X-Large,00197908080415,78995,option:heur
ST856,Black,4X-Large,00197908080347,78989,option:name
ST856,Charcoal Grey,4X-Large,00197908080422,78996,option:heur
PC099H,Black,Small,00197908057318,206608,option:name
PC099H,Coal,Small,00197908057387,206609,option:name
PC099H,White,Small,00197908057738,206611,option:name
PC099H,Black,Medium,00197908057325,206604,option:name
PC099H,Coal,Medium,00197908057394,206605,option:name
PC099H,White,Medium,00197908057745,206607,option:name
PC099H,Black,Large,00197908057332,206600,option:name
PC099H,Coal,Large,00197908057400,206601,option:name
PC099H,White,Large,00197908057752,206603,option:name
PC099H,Black,X-Large,00197908057349,206612,option:name
PC099H,Coal,X-Large,00197908057417,206613,option:name
PC099H,White,X-Large,00197908057769,206615,option:name
PC099H,Black,2X-Large,00197908057356,206588,option:name
PC099H,Coal,2X-Large,00197908057424,206589,option:name
PC099H,White,2X-Large,00197908057776,206591,option:name
PC099H,Black,3X-Large,00197908057363,206592,option:name
PC099H,Coal,3X-Large,00197908057431,206593,option:name
PC099H,White,3X-Large,00197908057783,206595,option:name
PC099H,Black,4X-Large,00197908057370,206596,option:name
PC099H,Coal,4X-Large,00197908057448,206597,option:name
PC099H,White,4X-Large,00197908057790,206599,option:name
LK110SV,White,X-Small,00197908063395,106664,option:name
PC380SL,Charcoal,Small,00197908059800,108680,option:name
PC380SL,Red,Small,00197908059947,108686,option:name
PC380SL,Silver,Small,00197908060011,108692,option:name
PC380SL,White,Small,00197908060226,108698,option:name
PC380SL,Charcoal,Medium,00197908059817,108679,option:name
PC380SL,Red,Medium,00197908059954,108685,option:name
PC380SL,Silver,Medium,00197908060028,108691,option:name
PC380SL,White,Medium,00197908060233,108697,option:name
PC380SL,Charcoal,Large,00197908059824,108678,option:name
PC380SL,Red,Large,00197908059961,108684,option:name
PC380SL,Silver,Large,00197908060035,108690,option:name
PC380SL,White,Large,00197908060240,108696,option:name
PC380SL,Charcoal,X-Large,00197908059831,108677,option:name
PC380SL,Red,X-Large,00197908059978,108683,option:name
PC380SL,Silver,X-Large,00197908060042,108689,option:name
PC380SL,White,X-Large,00197908060257,108695,option:name
PC380SL,Charcoal,2X-Large,00197908059848,108676,option:name
PC380SL,Red,2X-Large,00197908059985,108682,option:name
PC380SL,Silver,2X-Large,00197908060059,108688,option:name
PC380SL,White,2X-Large,00197908060264,108694,option:name
PC380SL,Charcoal,3X-Large,00197908059855,108675,option:name
PC380SL,Red,3X-Large,00197908059992,108681,option:name
PC380SL,Silver,3X-Large,00197908060066,108687,option:name
PC380SL,White,3X-Large,00197908060271,108693,option:name
LPC380TT,White,X-Small,00197908057233,106970,option:name
LPC380TT,White,Small,00197908057240,106975,option:name
LPC380TT,White,X-Large,00197908057271,106974,option:name
LPC380TT,White,2X-Large,00197908057288,106973,option:name
LPC380TT,White,3X-Large,00197908057295,106972,option:name
LPC380TT,White,4X-Large,00197908057301,106971,option:name
NKFD9859,Black,X-Small,00196973447932,108350,option:name
NKFD9863,Anthracite,X-Small,00196972401652,204529,option:name
NKFD9863,Black,X-Small,00196971252583,204530,option:name
NKFD9863,Dark Grey Heather,X-Small,00196973369609,204531,option:name
NKFD9863,Game Royal,X-Small,00196973188620,204532,option:name
NKFD9863,Midnight Navy,X-Small,00196972585093,204533,option:name
NKFD9863,White,X-Small,00196972410333,204534,option:name
NKFD9863,White,Small,00196972198002,204522,option:name
NKFD9863,Midnight Navy,Small,00196973368565,204521,option:name
NKFD9863,Game Royal,Small,00196973341551,204520,option:name
NKFD9863,Dark Grey Heather,Small,00196972132808,204519,option:name
NKFD9863,Black,Small,00196973483954,204518,option:name
NKFD9863,Anthracite,Small,00196972301402,204517,option:name
NKFD9863,Black,Medium,00196972637938,204512,option:name
NKFD9863,Anthracite,Medium,00196973426784,204511,option:name
NKFD9863,Dark Grey Heather,Medium,00196971292206,204513,option:name
NKFD9863,Game Royal,Medium,00196973597583,204514,option:name
NKFD9863,Midnight Navy,Medium,00196971789706,204515,option:name
NKFD9863,White,Medium,00196973566794,204516,option:name
NKFD9863,White,Large,00196972857183,204510,option:name
NKFD9863,Midnight Navy,Large,00196973371114,204509,option:name
NKFD9863,Game Royal,Large,00196973600290,204508,option:name
NKFD9863,Dark Grey Heather,Large,00196971707595,204507,option:name
NKFD9863,Anthracite,Large,00196973455760,204505,option:name
NKFD9863,Black,Large,00196973292051,204506,option:name
NKFD9863,Anthracite,X-Large,00196972753881,204523,option:name
NKFD9863,Black,X-Large,00196972139364,204524,option:name
NKFD9863,Dark Grey Heather,X-Large,00196971342345,204525,option:name
NKFD9863,Game Royal,X-Large,00196973493526,204526,option:name
NKFD9863,Midnight Navy,X-Large,00196973750803,204527,option:name
NKFD9863,White,X-Large,00196972580968,204528,option:name
NKFD9863,White,2X-Large,00196973199930,204492,option:name
NKFD9863,Midnight Navy,2X-Large,00196972404875,204491,option:name
NKFD9863,Game Royal,2X-Large,00196973371701,204490,option:name
NKFD9863,Dark Grey Heather,2X-Large,00196971767322,204489,option:name
NKFD9863,Anthracite,2X-Large,00196972306063,204487,option:name
NKFD9863,Black,2X-Large,00196972267623,204488,option:name
NKFD9863,Black,3X-Large,00196972686387,204494,option:name
NKFD9863,Anthracite,3X-Large,00196972391014,204493,option:name
NKFD9863,Dark Grey Heather,3X-Large,00196972281667,204495,option:name
NKFD9863,Game Royal,3X-Large,00196973424575,204496,option:name
NKFD9863,Midnight Navy,3X-Large,00196973783016,204497,option:name
NKFD9863,White,3X-Large,00196973504666,204498,option:name
NKFD9863,White,4X-Large,00196973262641,204504,option:name
NKFD9863,Midnight Navy,4X-Large,00196973391853,204503,option:name
NKFD9863,Game Royal,4X-Large,00196973211458,204502,option:name
NKFD9863,Dark Grey Heather,4X-Large,00196971826623,204501,option:name
NKFD9863,Anthracite,4X-Large,00196971634907,204499,option:name
NKFD9863,Black,4X-Large,00196971625547,204500,option:name
ST349,White,Small,00197908076128,109756,option:name
ST349,Black,Small,00197908075565,109786,option:name
ST349,Black,Medium,00197908075572,109785,option:name
ST349,Silver,Medium,00197908075893,109750,option:name
ST349,White,Medium,00197908076135,109755,option:name
ST349,White,Large,00197908076142,109754,option:name
ST349,Silver,Large,00197908075909,109749,option:name
ST349,Black,Large,00197908075589,109784,option:name
ST349,Black,X-Large,00197908075596,109783,option:name
ST349,Silver,X-Large,00197908075916,109748,option:name
ST349,White,X-Large,00197908076159,109753,option:name
ST349,White,2X-Large,00197908076166,109752,option:name
ST349,Silver,2X-Large,00197908075923,109747,option:name
ST349,Black,2X-Large,00197908075602,109782,option:name
ST349,Black,3X-Large,00197908075619,109781,option:name
ST349,Silver,3X-Large,00197908075930,109746,option:name
ST349,White,3X-Large,00197908076173,109751,option:name
ST349,Royal,2X-Large,00197908131766,109770,option:name
ST349,Royal,3X-Large,00197908131773,109769,option:name
ST349,Royal,Large,00197908131742,109772,option:name
ST349,Royal,Medium,00197908131735,109773,option:name
ST349,Royal,Small,00197908131728,109774,option:name
ST349,Royal,X-Large,00197908131759,109771,option:name
DT2101,Black,Small,00197908048316,104804,option:name
DT2101,Black,Medium,00197908048323,104803,option:name
DT2101,Black,Large,00197908048330,104802,option:name
DT2101,Black,X-Large,00197908048347,104801,option:name
DT2101,Black,2X-Large,00197908048354,104800,option:name
DT2101,Black,3X-Large,00197908048361,104799,option:name
TM1MAA370,White,Small,00190388659645,110342,option:name
TM1MAA370,White,Medium,00190388659638,110341,option:name
TM1MAA370,White,Large,00190388659621,110340,option:name
TM1MAA370,White,X-Large,00190388659652,110339,option:name
TM1MAA370,White,2X-Large,00190388659607,110338,option:name
TM1MAA370,White,3X-Large,00190388659614,110337,option:name
BC3725,Black,X-Small,00884913805194,103596,option:name
ST5000,Gold/ Black,Small,00197908118231,109946,option:name
ST5000,Gold/ Black,Medium,00197908118248,109945,option:name
ST5000,Gold/ Black,Large,00197908118255,109944,option:name
ST5000,Gold/ Black,X-Large,00197908118262,109943,option:name
ST5000,Gold/ Black,2X-Large,00197908118279,109942,option:name
YST5000,Gold/ Black,X-Small,00197908121460,92315,option:name
YST5000,Gold/ Black,Small,00197908121477,92316,option:name
YST5000,Gold/ Black,Medium,00197908121484,92317,option:name
YST5000,Gold/ Black,Large,00197908121491,92318,option:name
YST5000,Gold/ Black,X-Large,00197908121507,92319,option:name
YST5100,Black,X-Large,00197908121903,203306,mainframe
ST255,Navy/ White,Small,00197908116879,109708,option:name
ST255,Navy/ White,Medium,00197908116886,109707,option:name
ST255,Navy/ White,Large,00197908116893,109706,option:name
ST255,Navy/ White,X-Large,00197908116909,109705,option:name
ST255,Navy/ White,2X-Large,00197908116916,109704,option:name
ST255,Navy/ White,3X-Large,00197908116923,109703,option:name
ST255,Navy/ White,4X-Large,00197908116930,109702,option:name
JST55,Black,Small,00197908113915,203058,mainframe
1466,White,Small,00191675376955,133954,option:name
1466,Black,Small,00191675376894,133984,option:name
1466,Ivory,Small,00191675371134,133936,option:name
1466,White,Medium,00191675376962,133953,option:name
1466,Black,Medium,00191675376900,133983,option:name
1466,Ivory,Medium,00191675371141,133935,option:name
1466,White,Large,00191675376979,133952,option:name
1466,Black,Large,00191675376917,133982,option:name
1466,Ivory,Large,00191675371158,133934,option:name
1466,White,X-Large,00191675376986,133951,option:name
1466,Black,X-Large,00191675376924,133981,option:name
1466,Ivory,X-Large,00191675371165,133933,option:name
1466,White,2X-Large,00191675376993,133950,option:name
1466,Black,2X-Large,00191675376931,133980,option:name
1466,Ivory,2X-Large,00191675371172,133932,option:name
1466,White,3X-Large,00191675377006,133949,option:name
1466,Black,3X-Large,00191675376948,133979,option:name
1467,Blue Jean,Small,00191675371516,189617,option:heur
1467,Blue Jean,Medium,00191675371523,189616,option:heur
1467,Blue Jean,Large,00191675371530,189615,option:heur
1467,Blue Jean,X-Large,00191675371547,189614,option:heur
1467,Blue Jean,2X-Large,00191675371554,189613,option:heur
1467,Peachy,2X-Large,00191675371738,189608,option:name
1467,Peachy,Large,00191675371714,189610,option:name
1467,Peachy,Medium,00191675371707,189611,option:name
1467,Peachy,Small,00191675371691,189612,option:name
1467,Peachy,X-Large,00191675371721,189609,option:name
EB517,Black,Small,00197908103251,105202,option:name
EB517,Black,Medium,00197908103268,105201,option:name
EB517,Black,Large,00197908103275,105200,option:name
EB517,Black,X-Large,00197908103282,105199,option:name
EB517,Black,2X-Large,00197908103299,105198,option:name
BC3911,Athletic Heather,X-Small,00884913806771,204339,option:name
BC3911,Black,X-Small,00884913806634,204340,option:name
BC3911,White,X-Small,00884913806351,204342,option:name
BC3911,White,Small,00884913806368,37150,option:name
BC3911,Black,Small,00884913806641,37131,option:name
BC3911,Athletic Heather,Small,00884913806788,125511,option:name
BC3911,Athletic Heather,Medium,00884913806795,204336,option:name
BC3911,Black,Medium,00884913806658,37132,option:name
BC3911,White,Medium,00884913806375,37151,option:name
BC3911,White,Large,00884913806382,37152,option:name
BC3911,Black,Large,00884913806665,37133,option:name
BC3911,Athletic Heather,Large,00884913806801,204335,option:name
BC3911,Athletic Heather,X-Large,00884913806818,204337,option:name
BC3911,Black,X-Large,00884913806672,37134,option:name
BC3911,White,X-Large,00884913806399,37153,option:name
BC3911,White,2X-Large,00884913806405,37154,option:name
BC3911,Black,2X-Large,00884913806689,37135,option:name
BC3911,Athletic Heather,2X-Large,00884913806825,204333,option:name
BC3911,Athletic Heather,3X-Large,00884913806832,204334,option:name
BC3911,Black,3X-Large,00884913806696,37136,option:name
BC3911,White,3X-Large,00884913806412,37155,option:name
SW2850,Charcoal Heather,Small,00197908112581,110156,option:heur
LSW2850,Charcoal Heather,X-Small,00197908111379,107205,option:heur
LSW2850,Charcoal Heather,Small,00197908111386,107212,option:heur
LSW2850,Charcoal Heather,Medium,00197908111393,107211,option:heur
LSW2850,Charcoal Heather,Large,00197908111409,107210,option:heur
LSW2850,Charcoal Heather,X-Large,00197908111416,107209,option:heur
LSW2850,Charcoal Heather,2X-Large,00197908111423,107208,option:heur
LSW2850,Charcoal Heather,3X-Large,00197908111430,107207,option:heur
LSW2850,Charcoal Heather,4X-Large,00197908111447,107206,option:heur
DT1106,White Onyx,X-Small,00197908099806,104690,option:heur
DT1106,White Onyx,Small,00197908099813,104697,option:heur
DT1106,White Onyx,Medium,00197908099820,104696,option:heur
DT1106,White Onyx,Large,00197908099837,104695,option:heur
DT1106,White Onyx,X-Large,00197908099844,104694,option:heur
DT1106,White Onyx,2X-Large,00197908099851,104693,option:heur
DT1106,White Onyx,3X-Large,00197908099868,104692,option:heur
DT1106,White Onyx,4X-Large,00197908099875,104691,option:heur
CT106677,Black,Medium,00197219278617,202980,mainframe
CT106652,Black,Small,00197219192661,205364,option:name
CT106652,Carbon Heather,Small,00197219211331,205365,option:name
CT106652,Heather Grey,Small,00197219192005,205366,option:name
CT106652,Navy,Small,00197219192333,205367,option:name
CT106652,Black,Medium,00197219192692,205359,option:name
CT106652,Carbon Heather,Medium,00197219211362,205360,option:name
CT106652,Heather Grey,Medium,00197219192036,205361,option:name
CT106652,Navy,Medium,00197219192364,205362,option:name
CT106652,Carbon Heather,Large,00197219211393,205355,option:name
CT106652,Black,Large,00197219192722,205354,option:name
CT106652,Navy,Large,00197219192395,205357,option:name
CT106652,Heather Grey,Large,00197219192067,205356,option:name
CT106652,Black,X-Large,00197219192753,205369,option:name
CT106652,Navy,X-Large,00197219192425,205372,option:name
CT106652,Heather Grey,X-Large,00197219192098,205371,option:name
CT106652,Carbon Heather,X-Large,00197219211423,205370,option:name
CT106652,Black,2X-Large,00197219192784,205339,option:name
CT106652,Carbon Heather,2X-Large,00197219211454,205340,option:name
CT106652,Heather Grey,2X-Large,00197219192128,205341,option:name
CT106652,Navy,2X-Large,00197219192456,205342,option:name
CT106652,Black,3X-Large,00197219192814,205344,option:name
CT106652,Carbon Heather,3X-Large,00197219211485,205345,option:name
CT106652,Navy,3X-Large,00197219192487,205347,option:name
CT106652,Heather Grey,3X-Large,00197219192159,205346,option:name
CT106652,Black,4X-Large,00197219192845,205349,option:name
CT106652,Carbon Heather,4X-Large,00197219211515,205350,option:name
CT106652,Heather Grey,4X-Large,00197219192180,205351,option:name
CT106652,Navy,4X-Large,00197219192517,205352,option:name
CT106656,Black,Small,00197219202537,205394,option:name
CT106656,Carbon Heather,Small,00197219201219,205395,option:name
CT106656,Heather Grey,Small,00197219201875,205396,option:name
CT106656,Navy,Small,00197219202209,205397,option:name
CT106656,Navy,Medium,00197219202179,205393,option:name
CT106656,Carbon Heather,Medium,00197219201189,205391,option:name
CT106656,Heather Grey,Medium,00197219201844,205392,option:name
CT106656,Black,Medium,00197219202506,205390,option:name
CT106656,Black,Large,00197219202476,205386,option:name
CT106656,Heather Grey,Large,00197219201813,205388,option:name
CT106656,Carbon Heather,Large,00197219201158,205387,option:name
CT106656,Navy,Large,00197219202148,205389,option:name
CT106656,Navy,X-Large,00197219202117,205401,option:name
CT106656,Heather Grey,X-Large,00197219201783,205400,option:name
CT106656,Carbon Heather,X-Large,00197219201127,205399,option:name
CT106656,Black,X-Large,00197219202445,205398,option:name
CT106656,Carbon Heather,2X-Large,00197219201097,205375,option:name
CT106656,Black,2X-Large,00197219202414,205374,option:name
CT106656,Heather Grey,2X-Large,00197219201752,205376,option:name
CT106656,Navy,2X-Large,00197219202087,205377,option:name
CT106656,Navy,3X-Large,00197219202056,205381,option:name
CT106656,Heather Grey,3X-Large,00197219201721,205380,option:name
CT106656,Black,3X-Large,00197219202384,205378,option:name
CT106656,Carbon Heather,3X-Large,00197219201066,205379,option:name
CT106656,Carbon Heather,4X-Large,00197219201035,205383,option:name
CT106656,Black,4X-Large,00197219202353,205382,option:name
CT106656,Heather Grey,4X-Large,00197219201691,205384,option:name
CT106656,Navy,4X-Large,00197219202025,205385,option:name
CT106688,Black,Small,00197219282577,104420,option:name
CT106688,Black,Medium,00197219282546,104419,option:name
CT106688,Black,Large,00197219282515,104418,option:name
CT106688,Black,X-Large,00197219282485,104417,option:name
CT106688,Black,2X-Large,00197219282454,104416,option:name
CT106688,Black,3X-Large,00197219282423,104415,option:name
CT106688,Black,4X-Large,00197219282393,104414,option:name
CT106689,Black,Small,00197219283321,104428,option:name
CT106689,Black,Medium,00197219283352,104427,option:name
CT106689,Black,Large,00197219283383,104426,option:name
CT106689,Black,X-Large,00197219283413,104425,option:name
CT106689,Black,2X-Large,00197219283444,104424,option:name
CT106689,Black,3X-Large,00197219283475,104423,option:name
CT106689,Black,4X-Large,00197219283505,104422,option:name
CT106416,Black,Small,00197219305382,104391,option:name
CT106416,Carbon Heather,Small,00197219304484,104381,option:heur
CT106416,Heather Grey,Small,00197219304781,104386,option:heur
CT106416,Black,Medium,00197219305351,104390,option:name
CT106416,Carbon Heather,Medium,00197219304453,104380,option:heur
CT106416,Heather Grey,Medium,00197219304750,104385,option:heur
CT106416,Black,Large,00197219305320,104389,option:name
CT106416,Carbon Heather,Large,00197219304422,104379,option:heur
CT106416,Heather Grey,Large,00197219304729,104384,option:heur
CT106416,Black,X-Large,00197219305290,104388,option:name
CT106416,Carbon Heather,X-Large,00197219304392,104378,option:heur
CT106416,Heather Grey,X-Large,00197219304699,104383,option:heur
CT106416,Black,2X-Large,00197219305269,104387,option:name
CT106416,Carbon Heather,2X-Large,00197219304361,104377,option:heur
CT106416,Heather Grey,2X-Large,00197219304668,104382,option:heur
NKFQ4758,Black,Small,00197596432473,108390,option:name
NKFQ4758,Black,Medium,00197596121636,108389,option:name
NKFQ4758,Black,Large,00197599670841,108388,option:name
NKFQ4758,Black,X-Large,00197599389590,108387,option:name
NKFQ4758,Black,2X-Large,00197596480580,108386,option:name
NKFQ4758,Black,3X-Large,00197596793741,108385,option:name
NKFQ4761,Black,2X-Large,00197596763959,203118,mainframe
NKFQ4798,Black,Small,00197596314809,108423,option:name
NKFQ4798,Black,Medium,00197596801316,108422,option:name
NKFQ4798,Black,Large,00197596839890,108421,option:name
NKFQ4798,Black,X-Large,00197596544527,108420,option:name
NKFQ4798,Black,2X-Large,00197596350906,108419,option:name
CT106880,Asphalt Grey,Small,00197219480447,104444,option:heur
CT106880,Black,Small,00197219481765,104454,option:name
CT106880,Shadow Grey,Small,00197219480119,104449,option:heur
CT106880,Asphalt Grey,Medium,00197219480478,104443,option:heur
CT106880,Black,Medium,00197219481796,104453,option:name
CT106880,Shadow Grey,Medium,00197219480140,104448,option:heur
CT106880,Asphalt Grey,Large,00197219480508,104442,option:heur
CT106880,Black,Large,00197219481826,104452,option:name
CT106880,Shadow Grey,Large,00197219480171,104447,option:heur
CT106880,Asphalt Grey,X-Large,00197219480539,104441,option:heur
CT106880,Black,X-Large,00197219481857,104451,option:name
CT106880,Shadow Grey,X-Large,00197219480201,104446,option:heur
CT106880,Asphalt Grey,2X-Large,00197219480560,104440,option:heur
CT106880,Shadow Grey,2X-Large,00197219480232,104445,option:heur
CT106880,Black,2X-Large,00197219481888,104450,option:name
MM2002,Cobalt,X-Small,00197908143714,107546,option:name
MM2002,Gusty Grey,X-Small,00197908143790,107554,option:name
MM2002,White,X-Small,00197908143950,107562,option:name
MM2002,White,Small,00197908143967,107568,option:name
MM2002,Gusty Grey,Small,00197908143806,107561,option:name
MM2002,Cobalt,Small,00197908143721,107553,option:name
MM2002,Gusty Grey,Medium,00197908143813,107560,option:name
MM2002,Cobalt,Medium,00197908143738,107552,option:name
MM2002,White,Medium,00197908143974,107567,option:name
MM2002,White,Large,00197908143981,107566,option:name
MM2002,Cobalt,Large,00197908143745,107551,option:name
MM2002,Gusty Grey,Large,00197908143820,107559,option:name
MM2002,Cobalt,X-Large,00197908143752,107550,option:name
MM2002,Gusty Grey,X-Large,00197908143837,107558,option:name
MM2002,White,X-Large,00197908143998,107565,option:name
MM2002,White,2X-Large,00197908144001,107564,option:name
MM2002,Cobalt,2X-Large,00197908143769,107549,option:name
MM2002,Gusty Grey,2X-Large,00197908143844,107557,option:name
MM2002,Gusty Grey,3X-Large,00197908143851,107556,option:name
MM2002,Cobalt,3X-Large,00197908143776,107548,option:name
MM2002,White,3X-Large,00197908144018,107563,option:name
MM2002,Cobalt,4X-Large,00197908143783,107547,option:name
MM2002,Gusty Grey,4X-Large,00197908143868,107555,option:name
TM1LD009,Black,Small,00190388834745,110335,option:name
TM1LD009,Dark Grey Heather,Small,00190388834806,110329,option:name
TM1LD009,Kentucky Blue Heather,Small,00190388834868,110319,option:heur
TM1LD009,Natural Heather,Small,00190388834929,110324,option:heur
TM1LD009,Black,Medium,00190388834738,110334,option:name
TM1LD009,Dark Grey Heather,Medium,00190388834790,110328,option:name
TM1LD009,Kentucky Blue Heather,Medium,00190388834851,110318,option:heur
TM1LD009,Natural Heather,Medium,00190388834912,110323,option:heur
TM1LD009,Black,Large,00190388834721,110333,option:name
TM1LD009,Dark Grey Heather,Large,00190388834783,110327,option:name
TM1LD009,Kentucky Blue Heather,Large,00190388834844,110317,option:heur
TM1LD009,Natural Heather,Large,00190388834905,110322,option:heur
TM1LD009,Black,X-Large,00190388834752,110332,option:name
TM1LD009,Dark Grey Heather,X-Large,00190388834813,110326,option:name
TM1LD009,Kentucky Blue Heather,X-Large,00190388834875,110316,option:heur
TM1LD009,Natural Heather,X-Large,00190388834936,110321,option:heur
TM1LD009,Black,2X-Large,00190388834714,110331,option:name
TM1LD009,Dark Grey Heather,2X-Large,00190388834776,110325,option:name
TM1LD009,Kentucky Blue Heather,2X-Large,00190388834837,110315,option:heur
TM1LD009,Natural Heather,2X-Large,00190388834899,110320,option:heur
W816,Swiss Blue,X-Small,00197908153379,82590,option:name
W816,Deep Black,X-Small,00197908153133,81629,option:name
W816,Gusty Grey,X-Small,00197908153218,81941,option:name
W816,White,X-Small,00197908153454,80383,option:name
W816,Swiss Blue,Small,00197908153386,82588,option:name
W816,White,Small,00197908153461,80384,option:name
W816,Deep Black,Small,00197908153140,81627,option:name
W816,Gusty Grey,Small,00197908153225,81939,option:name
W816,Swiss Blue,Medium,00197908153393,82587,option:name
W816,Gusty Grey,Medium,00197908153232,81938,option:name
W816,Deep Black,Medium,00197908153157,81626,option:name
W816,White,Medium,00197908153478,80385,option:name
W816,Swiss Blue,Large,00197908153409,82586,option:name
W816,Deep Black,Large,00197908153164,81625,option:name
W816,Gusty Grey,Large,00197908153249,81937,option:name
W816,White,Large,00197908153485,80386,option:name
W816,Swiss Blue,X-Large,00197908153416,82589,option:name
W816,White,X-Large,00197908153492,80387,option:name
W816,Deep Black,X-Large,00197908153171,81628,option:name
W816,Gusty Grey,X-Large,00197908153256,81940,option:name
W816,Swiss Blue,2X-Large,00197908153423,82583,option:name
W816,White,2X-Large,00197908153508,80388,option:name
W816,Deep Black,2X-Large,00197908153188,81622,option:name
W816,Gusty Grey,2X-Large,00197908153263,81934,option:name
W816,Swiss Blue,3X-Large,00197908153430,82584,option:name
W816,White,3X-Large,00197908153515,80389,option:name
W816,Gusty Grey,3X-Large,00197908153270,81935,option:name
W816,Deep Black,3X-Large,00197908153195,81623,option:name
W816,Swiss Blue,4X-Large,00197908153447,82585,option:name
W816,White,4X-Large,00197908153522,80390,option:name
W816,Deep Black,4X-Large,00197908153201,81624,option:name
W816,Gusty Grey,4X-Large,00197908153287,81936,option:name
LW816,Swiss Blue,X-Small,00197908152730,107346,option:name
LW816,Deep Black,X-Small,00197908152655,107354,option:name
LW816,White,X-Small,00197908152815,107362,option:name
LW816,Swiss Blue,Small,00197908152747,107353,option:name
LW816,White,Small,00197908152822,107369,option:name
LW816,Deep Black,Small,00197908152662,107361,option:name
LW816,Swiss Blue,Medium,00197908152754,107352,option:name
LW816,Deep Black,Medium,00197908152679,107360,option:name
LW816,White,Medium,00197908152839,107368,option:name
LW816,Swiss Blue,Large,00197908152761,107351,option:name
LW816,Deep Black,Large,00197908152686,107359,option:name
LW816,White,Large,00197908152846,107367,option:name
LW816,Swiss Blue,X-Large,00197908152778,107350,option:name
LW816,White,X-Large,00197908152853,107366,option:name
LW816,Deep Black,X-Large,00197908152693,107358,option:name
LW816,Swiss Blue,2X-Large,00197908152785,107349,option:name
LW816,Deep Black,2X-Large,00197908152709,107357,option:name
LW816,White,2X-Large,00197908152860,107365,option:name
LW816,Swiss Blue,3X-Large,00197908152792,107348,option:name
LW816,Deep Black,3X-Large,00197908152716,107356,option:name
LW816,White,3X-Large,00197908152877,107364,option:name
LW816,Swiss Blue,4X-Large,00197908152808,107347,option:name
LW816,Deep Black,4X-Large,00197908152723,107355,option:name
LW816,White,4X-Large,00197908152884,107363,option:name
64800,Red,Small,00821780072211,102021,option:name
64800,Black,Small,00821780072126,102028,option:name
64800,Red,Medium,00821780072212,102020,option:name
64800,Black,Medium,00821780072127,102027,option:name
64800,Black,Large,00821780072128,102026,option:name
64800,Red,X-Large,00821780072214,102019,option:name
64800,Black,X-Large,00821780072129,102025,option:name
64800,Red,2X-Large,00821780072215,102018,option:name
64800,Black,2X-Large,00821780072130,102024,option:name
64800,Red,3X-Large,00191675130687,102017,option:name
64800,Black,3X-Large,00191675130502,102023,option:name
64800,Red,4X-Large,00191675130694,102016,option:name
64800,Black,4X-Large,00191675130519,102022,option:name
CT106020,Navy,Small,00197219284472,104375,option:name
CT106020,Navy,Medium,00197219284502,104374,option:name
CT106020,Navy,Large,00197219284410,104373,option:name
CT106020,Navy,X-Large,00197219284533,104372,option:name
CT106020,Navy,2X-Large,00197219284564,104371,option:name
CT106020,Navy,3X-Large,00197219284595,104370,option:name
CT106020,Navy,4X-Large,00197219284625,104369,option:name
CT106868,White,Small,00197219616853,205438,option:name
CT106868,Navy,Small,00197219616198,205436,option:name
CT106868,Black,Small,00197219616525,205434,option:name
CT106868,White,Medium,00197219616822,205432,option:name
CT106868,Navy,Medium,00197219616167,205430,option:name
CT106868,Black,Medium,00197219616495,205428,option:name
CT106868,White,Large,00197219616792,205426,option:name
CT106868,Navy,Large,00197219616136,205424,option:name
CT106868,Black,Large,00197219616464,205422,option:name
CT106868,White,X-Large,00197219616761,205444,option:name
CT106868,Navy,X-Large,00197219616105,205442,option:name
CT106868,Black,X-Large,00197219616433,205440,option:name
CT106868,White,2X-Large,00197219616730,205408,option:name
CT106868,Navy,2X-Large,00197219616075,205406,option:name
CT106868,Black,2X-Large,00197219616402,205404,option:name
CT106868,White,3X-Large,00197219616709,205414,option:name
CT106868,Navy,3X-Large,00197219616044,205412,option:name
CT106868,Black,3X-Large,00197219616372,205410,option:name
CT106868,White,4X-Large,00197219616679,205420,option:name
CT106868,Navy,4X-Large,00197219616013,205418,option:name
CT106868,Black,4X-Large,00197219616341,205416,option:name
CT106899,White,Small,00197219619199,104475,option:name
CT106899,Navy,Small,00197219618536,104470,option:name
CT106899,Black,Small,00197219618864,104480,option:name
CT106899,White,Medium,00197219619229,104474,option:name
CT106899,Navy,Medium,00197219618567,104469,option:name
CT106899,Black,Medium,00197219618895,104479,option:name
CT106899,White,Large,00197219619250,104473,option:name
CT106899,Navy,Large,00197219618598,104468,option:name
CT106899,Black,Large,00197219618925,104478,option:name
CT106899,White,X-Large,00197219619281,104472,option:name
CT106899,Navy,X-Large,00197219618628,104467,option:name
CT106899,Black,X-Large,00197219618956,104477,option:name
CT106899,White,2X-Large,00197219619311,104471,option:name
CT106899,Navy,2X-Large,00197219618659,104466,option:name
CT106899,Black,2X-Large,00197219618987,104476,option:name
NF0A8ENR,Meld Grey Heather,Small,00197803559412,108037,option:heur
NF0A8ENR,Meld Grey Heather,Medium,00197803559207,108036,option:heur
NF0A8ENR,Meld Grey Heather,Large,00197803559122,108035,option:heur
NF0A8ENR,Meld Grey Heather,X-Large,00197803559610,108034,option:heur
NF0A8ENR,Meld Grey Heather,3X-Large,00197803559900,108033,option:heur
NF0A8ENQ,Smoked Pearl Grey,Small,00197803559108,108026,option:heur
NF0A8ENQ,Smoked Pearl Grey,Medium,00197803558934,108025,option:heur
NF0A8ENQ,Smoked Pearl Grey,Large,00197803558903,108024,option:heur
NF0A8ENQ,Smoked Pearl Grey,X-Large,00197803559191,108023,option:heur
NF0A8ENQ,Smoked Pearl Grey,2X-Large,00197803559702,108022,option:heur
ST120LS,Black,Small,00197908210393,109663,option:name
ST120LS,Black,Medium,00197908210409,109662,option:name
ST120LS,Black,Large,00197908210416,109661,option:name
ST120LS,Black,X-Large,00197908210423,109660,option:name
ST120LS,Black,2X-Large,00197908210430,109659,option:name
ST120LS,Black,3X-Large,00197908210447,109658,option:name
ST941,Black,X-Small,00197908211741,110070,option:name
ST941,Silver,X-Small,00197908211901,110046,option:name
ST941,Silver,Small,00197908211918,110053,option:name
ST941,Black,Small,00197908211758,110077,option:name
ST941,Black,Medium,00197908211765,110076,option:name
ST941,Silver,Medium,00197908211925,110052,option:name
ST941,Silver,Large,00197908211932,110051,option:name
ST941,Black,Large,00197908211772,110075,option:name
ST941,Black,X-Large,00197908211789,110074,option:name
ST941,Silver,X-Large,00197908211949,110050,option:name
ST941,Silver,2X-Large,00197908211956,110049,option:name
ST941,Black,2X-Large,00197908211796,110073,option:name
ST941,Black,3X-Large,00197908211802,110072,option:name
ST941,Silver,3X-Large,00197908211963,110048,option:name
ST941,Silver,4X-Large,00197908211970,110047,option:name
ST941,Black,4X-Large,00197908211819,110071,option:name
K200,Maroon,Small,00197908197991,106259,option:name
K200,Maroon,Medium,00197908198004,106258,option:name
K200,Maroon,Large,00197908198011,106257,option:name
K200,Maroon,X-Large,00197908198028,106256,option:name
K200,Maroon,2X-Large,00197908198035,106255,option:name
K200,Maroon,3X-Large,00197908198042,106254,option:name
DT6150,White,Small,00197908183840,105012,option:name
DT6150,White,Medium,00197908183857,105011,option:name
DT6150,White,Large,00197908183864,105010,option:name
DT6150,White,X-Large,00197908183871,105009,option:name
DT6150,White,2X-Large,00197908183888,105008,option:name
DT6150,White,3X-Large,00197908183895,105007,option:name
DT6154,Griege,X-Small,00197908184311,105014,option:name
DT6154,White,X-Small,00197908184717,105028,option:name
DT6154,Light Heather Grey,X-Small,00197908184472,105021,option:heur
DT6154,Griege,Small,00197908184328,105020,option:name
DT6154,Light Heather Grey,Small,00197908184489,105027,option:heur
DT6154,White,Small,00197908184724,105034,option:name
DT6154,Griege,Medium,00197908184335,105019,option:name
DT6154,White,Medium,00197908184731,105033,option:name
DT6154,Light Heather Grey,Medium,00197908184496,105026,option:heur
DT6154,Griege,Large,00197908184342,105018,option:name
DT6154,White,Large,00197908184748,105032,option:name
DT6154,Light Heather Grey,Large,00197908184502,105025,option:heur
DT6154,Griege,X-Large,00197908184359,105017,option:name
DT6154,Light Heather Grey,X-Large,00197908184519,105024,option:heur
DT6154,White,X-Large,00197908184755,105031,option:name
DT6154,Griege,2X-Large,00197908184366,105016,option:name
DT6154,White,2X-Large,00197908184762,105030,option:name
DT6154,Light Heather Grey,2X-Large,00197908184526,105023,option:heur
DT6154,Griege,3X-Large,00197908184373,105015,option:name
DT6154,White,3X-Large,00197908184779,105029,option:name
DT6154,Light Heather Grey,3X-Large,00197908184533,105022,option:heur
DT6162,Heathered Charcoal,X-Small,00197908185271,105044,option:heur
DT6162,Black,X-Small,00197908184878,105052,option:name
DT6162,Heathered Charcoal,Small,00197908185288,105051,option:heur
DT6162,Black,Small,00197908184885,105059,option:name
DT6162,Heathered Charcoal,Medium,00197908185295,105050,option:heur
DT6162,Black,Medium,00197908184892,105058,option:name
DT6162,Heathered Charcoal,Large,00197908185301,105049,option:heur
DT6162,Black,Large,00197908184908,105057,option:name
DT6162,Heathered Charcoal,X-Large,00197908185318,105048,option:heur
DT6162,Black,X-Large,00197908184915,105056,option:name
DT6162,Heathered Charcoal,2X-Large,00197908185325,105047,option:heur
DT6162,Black,2X-Large,00197908184922,105055,option:name
DT6162,Heathered Charcoal,3X-Large,00197908185332,105046,option:heur
DT6162,Black,3X-Large,00197908184939,105054,option:name
DT6162,Heathered Charcoal,4X-Large,00197908185349,105045,option:heur
DT6162,Black,4X-Large,00197908184946,105053,option:name
DT6105,Black,X-Small,00197908181433,104995,option:name
DT6105,Black,Small,00197908181440,105000,option:name
DT6105,Black,Medium,00197908181457,104999,option:name
DT6105,Black,Large,00197908181464,104998,option:name
DT6105,Black,X-Large,00197908181471,104997,option:name
DT6105,Black,2X-Large,00197908181488,104996,option:name
NKHM8045,Black,X-Small,00198485067288,108425,option:name
NKHM8045,Black,Small,00198485077423,108432,option:name
NKHM8045,Black,Medium,00198485067578,108431,option:name
NKHM8045,Black,Large,00198485063341,108430,option:name
NKHM8045,Black,X-Large,00198485060920,108429,option:name
NKHM8045,Black,2X-Large,00198485078444,108428,option:name
NKHM8045,Black,3X-Large,00198485061231,108427,option:name
NKHM8045,Black,4X-Large,00198485067547,108426,option:name
K210,Gusty Grey,X-Small,00197908201865,106277,option:heur
K210,Storm Grey,X-Small,00197908202022,106261,option:heur
K210,Storm Grey,Small,00197908202039,106268,option:heur
K210,Gusty Grey,Small,00197908201872,106284,option:heur
K210,Gusty Grey,Medium,00197908201889,106283,option:heur
K210,Storm Grey,Medium,00197908202046,106267,option:heur
K210,Storm Grey,Large,00197908202053,106266,option:heur
K210,Gusty Grey,Large,00197908201896,106282,option:heur
K210,Gusty Grey,X-Large,00197908201902,106281,option:heur
K210,Storm Grey,X-Large,00197908202060,106265,option:heur
K210,Storm Grey,2X-Large,00197908202077,106264,option:heur
K210,Gusty Grey,2X-Large,00197908201919,106280,option:heur
K210,Gusty Grey,3X-Large,00197908201926,106279,option:heur
K210,Storm Grey,3X-Large,00197908202084,106263,option:heur
K210,Storm Grey,4X-Large,00197908202091,106262,option:heur
K210,Gusty Grey,4X-Large,00197908201933,106278,option:heur
LK210,Gusty Grey,X-Small,00197908206686,106692,option:heur
LK210,Storm Grey,X-Small,00197908206846,106676,option:heur
LK210,Storm Grey,Small,00197908206853,106683,option:heur
LK210,Gusty Grey,Small,00197908206693,106699,option:heur
LK210,Gusty Grey,Medium,00197908206709,106698,option:heur
LK210,Storm Grey,Medium,00197908206860,106682,option:heur
LK210,Storm Grey,Large,00197908206877,106681,option:heur
LK210,Gusty Grey,Large,00197908206716,106697,option:heur
LK210,Gusty Grey,X-Large,00197908206723,106696,option:heur
LK210,Storm Grey,X-Large,00197908206884,106680,option:heur
LK210,Storm Grey,2X-Large,00197908206891,106679,option:heur
LK210,Gusty Grey,2X-Large,00197908206730,106695,option:heur
LK210,Gusty Grey,3X-Large,00197908206747,106694,option:heur
LK210,Storm Grey,3X-Large,00197908206907,106678,option:heur
LK210,Storm Grey,4X-Large,00197908206914,106677,option:heur
LK210,Gusty Grey,4X-Large,00197908206754,106693,option:heur
CS440,Silver Tan,X-Small,00197908175173,103995,option:heur
CS440,Tactical Green,X-Small,00197908175272,103985,option:heur
CS440,White,X-Small,00197908175371,104055,option:name
CS440,Black,X-Small,00197908174473,104065,option:name
CS440,Red,X-Small,00197908174770,104045,option:name
CS440,Regatta Blue,X-Small,00197908174879,104005,option:heur
CS440,Royal,X-Small,00197908174978,104015,option:name
CS440,Safety Yellow,X-Small,00197908175074,104035,option:heur
CS440,Silver Tan,Small,00197908175180,104004,option:heur
CS440,Safety Yellow,Small,00197908175081,104044,option:heur
CS440,Royal,Small,00197908174985,104024,option:name
CS440,Regatta Blue,Small,00197908174886,104014,option:heur
CS440,Red,Small,00197908174787,104054,option:name
CS440,Black,Small,00197908174480,104074,option:name
CS440,White,Small,00197908175388,104064,option:name
CS440,Tactical Green,Small,00197908175289,103994,option:heur
CS440,Silver Tan,Medium,00197908175197,104003,option:heur
CS440,Safety Yellow,Medium,00197908175098,104043,option:heur
CS440,Regatta Blue,Medium,00197908174893,104013,option:heur
CS440,Royal,Medium,00197908174992,104023,option:name
CS440,Black,Medium,00197908174497,104073,option:name
CS440,Red,Medium,00197908174794,104053,option:name
CS440,Tactical Green,Medium,00197908175296,103993,option:heur
CS440,White,Medium,00197908175395,104063,option:name
CS440,Silver Tan,Large,00197908175203,104002,option:heur
CS440,Safety Yellow,Large,00197908175104,104042,option:heur
CS440,Royal,Large,00197908175005,104022,option:name
CS440,Regatta Blue,Large,00197908174909,104012,option:heur
CS440,Red,Large,00197908174800,104052,option:name
CS440,Black,Large,00197908174503,104072,option:name
CS440,White,Large,00197908175401,104062,option:name
CS440,Tactical Green,Large,00197908175302,103992,option:heur
CS440,Silver Tan,X-Large,00197908175210,104001,option:heur
CS440,Safety Yellow,X-Large,00197908175111,104041,option:heur
CS440,Regatta Blue,X-Large,00197908174916,104011,option:heur
CS440,Royal,X-Large,00197908175012,104021,option:name
CS440,Black,X-Large,00197908174510,104071,option:name
CS440,Red,X-Large,00197908174817,104051,option:name
CS440,Tactical Green,X-Large,00197908175319,103991,option:heur
CS440,White,X-Large,00197908175418,104061,option:name
CS440,Silver Tan,2X-Large,00197908175227,104000,option:heur
CS440,Safety Yellow,2X-Large,00197908175128,104040,option:heur
CS440,Royal,2X-Large,00197908175029,104020,option:name
CS440,Regatta Blue,2X-Large,00197908174923,104010,option:heur
CS440,Red,2X-Large,00197908174824,104050,option:name
CS440,Black,2X-Large,00197908174527,104070,option:name
CS440,White,2X-Large,00197908175425,104060,option:name
CS440,Tactical Green,2X-Large,00197908175326,103990,option:heur
CS440,Silver Tan,3X-Large,00197908175234,103999,option:heur
CS440,Safety Yellow,3X-Large,00197908175135,104039,option:heur
CS440,Regatta Blue,3X-Large,00197908174930,104009,option:heur
CS440,Royal,3X-Large,00197908175036,104019,option:name
CS440,Black,3X-Large,00197908174534,104069,option:name
CS440,Red,3X-Large,00197908174831,104049,option:name
CS440,Tactical Green,3X-Large,00197908175333,103989,option:heur
CS440,White,3X-Large,00197908175432,104059,option:name
CS440,Silver Tan,4X-Large,00197908175241,103998,option:heur
CS440,Safety Yellow,4X-Large,00197908175142,104038,option:heur
CS440,Royal,4X-Large,00197908175043,104018,option:name
CS440,Regatta Blue,4X-Large,00197908174947,104008,option:heur
CS440,Red,4X-Large,00197908174848,104048,option:name
CS440,Black,4X-Large,00197908174541,104068,option:name
CS440,White,4X-Large,00197908175449,104058,option:name
CS440,Tactical Green,4X-Large,00197908175340,103988,option:heur
CS440,Silver Tan,5X-Large,00197908175258,103997,option:heur
CS440,Safety Yellow,5X-Large,00197908175159,104037,option:heur
CS440,Regatta Blue,5X-Large,00197908174954,104007,option:heur
CS440,Royal,5X-Large,00197908175050,104017,option:name
CS440,Black,5X-Large,00197908174558,104067,option:name
CS440,Red,5X-Large,00197908174855,104047,option:name
CS440,Tactical Green,5X-Large,00197908175357,103987,option:heur
CS440,White,5X-Large,00197908175456,104057,option:name
CS440,Silver Tan,6X-Large,00197908175265,103996,option:heur
CS440,Safety Yellow,6X-Large,00197908175166,104036,option:heur
CS440,Royal,6X-Large,00197908175067,104016,option:name
CS440,Regatta Blue,6X-Large,00197908174961,104006,option:heur
CS440,Red,6X-Large,00197908174862,104046,option:name
CS440,Black,6X-Large,00197908174565,104066,option:name
CS440,White,6X-Large,00197908175463,104056,option:name
CS440,Tactical Green,6X-Large,00197908175364,103986,option:heur
973B,Black,Small,00042463009466,200409,option:name
973B,Black,Medium,00042463009473,200408,option:name
973B,Oxford,Medium,00042463987535,102408,option:name
973B,Black,Large,00042463009480,200407,option:name
973B,Oxford,Large,00042463552160,102407,option:name
CS440P,Black,X-Small,00197908176514,104157,option:name
CS440P,Navy,X-Small,00197908176750,104133,option:name
CS440P,Red,X-Small,00197908176835,104141,option:name
CS440P,Safety Yellow,X-Small,00197908177078,104093,option:name
CS440P,Safety Yellow,Small,00197908177085,104100,option:name
CS440P,Red,Small,00197908176842,104148,option:name
CS440P,Navy,Small,00197908176767,104140,option:name
CS440P,Black,Small,00197908176521,104164,option:name
CS440P,Black,Medium,00197908176538,104163,option:name
CS440P,Navy,Medium,00197908176774,104139,option:name
CS440P,Red,Medium,00197908176859,104147,option:name
CS440P,Safety Yellow,Medium,00197908177092,104099,option:name
CS440P,Safety Yellow,Large,00197908177108,104098,option:name
CS440P,Red,Large,00197908176866,104146,option:name
CS440P,Navy,Large,00197908176781,104138,option:name
CS440P,Black,Large,00197908176545,104162,option:name
CS440P,Safety Yellow,X-Large,00197908177115,104097,option:name
CS440P,Black,X-Large,00197908176552,104161,option:name
CS440P,Navy,X-Large,00197908176798,104137,option:name
CS440P,Red,X-Large,00197908176873,104145,option:name
CS440P,Safety Yellow,2X-Large,00197908177122,104096,option:name
CS440P,Red,2X-Large,00197908176880,104144,option:name
CS440P,Navy,2X-Large,00197908176804,104136,option:name
CS440P,Black,2X-Large,00197908176569,104160,option:name
CS440P,Safety Yellow,3X-Large,00197908177139,104095,option:name
CS440P,Black,3X-Large,00197908176576,104159,option:name
CS440P,Navy,3X-Large,00197908176811,104135,option:name
CS440P,Red,3X-Large,00197908176897,104143,option:name
CS440P,Safety Yellow,4X-Large,00197908177146,104094,option:name
CS440P,Red,4X-Large,00197908176903,104142,option:name
CS440P,Navy,4X-Large,00197908176828,104134,option:name
CS440P,Black,4X-Large,00197908176583,104158,option:name
NF0A8FQN,Lunar Blue,Small,00197804782086,108062,option:heur
NF0A8FQN,Lunar Blue,Medium,00197804781881,108061,option:heur
NF0A8FQN,Lunar Blue,Large,00197804781805,108060,option:heur
NF0A8FQN,Lunar Blue,X-Large,00197804782185,108059,option:heur
NF0A8FQN,Lunar Blue,2X-Large,00197804782482,108058,option:heur
NF0A8FQN,Lunar Blue,3X-Large,00197804782390,108057,option:heur
PC43,Bright Aqua,2X-Large,00197908218962,108725,option:heur
PC43,Bright Aqua,3X-Large,00197908218979,108724,option:heur
PC43,Bright Aqua,4X-Large,00197908218986,108723,option:heur
PC43,Bright Aqua,Large,00197908218948,108727,option:heur
PC43,Bright Aqua,Medium,00197908218931,108728,option:heur
PC43,Bright Aqua,Small,00197908218924,108729,option:heur
PC43,Bright Aqua,X-Large,00197908218955,108726,option:heur
PC43,Bright Aqua,5X-Large,00197908218993,108722,option:heur
PC43,Bright Aqua,6X-Large,00197908219006,108721,option:heur
ST672,Black,Small,00197908210959,110001,option:name
ST672,Black,Medium,00197908210966,110000,option:name
ST672,Black,Large,00197908210973,109999,option:name
ST672,Black,X-Large,00197908210980,109998,option:name
ST672,Black,2X-Large,00197908210997,109997,option:name
ST672,Black,4X-Large,00197908211017,109996,option:name
A4N3142,White,Small,00764970410923,102757,option:name
A4N3142,Silver,Small,00764970480704,102736,option:name
A4N3142,Royal,Small,00764970410640,102687,option:name
A4N3142,Purple,Small,00764970480490,102750,option:name
A4N3142,Maroon,Small,00764970431706,102708,option:name
A4N3142,Gold,Small,00764970480216,102722,option:name
A4N3142,Cardinal,Small,00764970410367,102743,option:name
A4N3142,Black,Small,00764970410299,102771,option:name
A4N3142,Black,Medium,00764970410305,102770,option:name
A4N3142,Cardinal,Medium,00764970410374,102742,option:name
A4N3142,Gold,Medium,00764970480223,102721,option:name
A4N3142,Maroon,Medium,00764970431713,102707,option:name
A4N3142,Purple,Medium,00764970480506,102749,option:name
A4N3142,Royal,Medium,00764970410657,102686,option:name
A4N3142,Silver,Medium,00764970480711,102735,option:name
A4N3142,White,Medium,00764970410930,102756,option:name
A4N3142,White,Large,00764970410947,102755,option:name
A4N3142,Silver,Large,00764970480728,102734,option:name
A4N3142,Royal,Large,00764970410664,102685,option:name
A4N3142,Purple,Large,00764970480513,102748,option:name
A4N3142,Maroon,Large,00764970431720,102706,option:name
A4N3142,Gold,Large,00764970480230,102720,option:name
A4N3142,Cardinal,Large,00764970410381,102741,option:name
A4N3142,Black,Large,00764970410312,102769,option:name
A4N3142,Black,X-Large,00764970410329,102768,option:name
A4N3142,Cardinal,X-Large,00764970410398,102740,option:name
A4N3142,Gold,X-Large,00764970480247,102719,option:name
A4N3142,Maroon,X-Large,00764970431737,102705,option:name
A4N3142,Purple,X-Large,00764970480520,102747,option:name
A4N3142,Royal,X-Large,00764970410671,102684,option:name
A4N3142,Silver,X-Large,00764970480735,102733,option:name
A4N3142,White,X-Large,00764970410954,102754,option:name
A4N3142,White,2X-Large,00764970410961,102753,option:name
A4N3142,Silver,2X-Large,00764970480742,102732,option:name
A4N3142,Royal,2X-Large,00764970410688,102683,option:name
A4N3142,Purple,2X-Large,00764970480537,102746,option:name
A4N3142,Maroon,2X-Large,00764970431744,102704,option:name
A4N3142,Gold,2X-Large,00764970480254,102718,option:name
A4N3142,Cardinal,2X-Large,00764970410404,102739,option:name
A4N3142,Black,2X-Large,00764970410336,102767,option:name
A4N3142,Black,3X-Large,00764970410343,102766,option:name
A4N3142,Cardinal,3X-Large,00764970410411,102738,option:name
A4N3142,Gold,3X-Large,00764970480261,102717,option:name
A4N3142,Maroon,3X-Large,00764970431751,102703,option:name
A4N3142,Purple,3X-Large,00764970480544,102745,option:name
A4N3142,Royal,3X-Large,00764970410695,102682,option:name
A4N3142,Silver,3X-Large,00764970480759,102731,option:name
A4N3142,White,3X-Large,00764970410978,102752,option:name
A4N3142,White,4X-Large,00764970423534,102751,option:name
A4N3142,Silver,4X-Large,00764970480766,102730,option:name
A4N3142,Royal,4X-Large,00764970423497,102681,option:name
A4N3142,Purple,4X-Large,00764970480551,102744,option:name
A4N3142,Maroon,4X-Large,00764970461222,102702,option:name
A4N3142,Gold,4X-Large,00764970480278,102716,option:name
A4N3142,Cardinal,4X-Large,00764970423374,102737,option:name
A4N3142,Black,4X-Large,00764970423367,102765,option:name
A4N3165,Pink,X-Small,00764970418738,102780,option:name
A4N3165,Pink,Small,00764970418745,102787,option:name
A4N3165,Pink,Medium,00764970418752,102786,option:name
A4N3165,Pink,Large,00764970418769,102785,option:name
A4N3165,Pink,X-Large,00764970418776,102784,option:name
A4N3165,Pink,2X-Large,00764970418783,102783,option:name
A4N3165,Pink,3X-Large,00764970418790,102782,option:name
A4N3165,Pink,4X-Large,00764970418806,102781,option:name
A4NB3165,Black,Small,00764970474543,102848,option:name
A4NB3165,Black,Medium,00764970474550,102847,option:name
A4NB3165,Black,Large,00764970474567,102846,option:name
A4N3409,Royal,Small,00764970331495,102794,option:name
A4N3409,Royal,Medium,00764970331501,102793,option:name
A4N3409,Royal,Large,00764970331518,102792,option:name
A4N3409,Royal,X-Large,00764970331525,102791,option:name
A4N3409,Royal,2X-Large,00764970331532,102790,option:name
A4N3409,Royal,3X-Large,00764970331624,102789,option:name
A4N3528,White,Small,00764970739611,102825,option:name
A4N3528,Silver,Small,00764970739536,102819,option:name
A4N3528,Royal,Small,00764970739192,102801,option:name
A4N3528,Black,Small,00764970738904,102831,option:name
A4N3528,Black,Medium,00764970738911,102830,option:name
A4N3528,Royal,Medium,00764970739208,102800,option:name
A4N3528,Silver,Medium,00764970739543,102818,option:name
A4N3528,White,Medium,00764970739628,102824,option:name
A4N3528,White,Large,00764970739635,102823,option:name
A4N3528,Silver,Large,00764970739550,102817,option:name
A4N3528,Royal,Large,00764970739215,102799,option:name
A4N3528,Black,Large,00764970738973,102829,option:name
A4N3528,Black,X-Large,00764970738980,102828,option:name
A4N3528,Royal,X-Large,00764970739222,102798,option:name
A4N3528,Silver,X-Large,00764970739567,102816,option:name
A4N3528,White,X-Large,00764970739642,102822,option:name
A4N3528,White,2X-Large,00764970739659,102821,option:name
A4N3528,Silver,2X-Large,00764970739574,102815,option:name
A4N3528,Royal,2X-Large,00764970739239,102797,option:name
A4N3528,Black,2X-Large,00764970738997,102827,option:name
A4N3528,Black,3X-Large,00764970739000,102826,option:name
A4N3528,Royal,3X-Large,00764970739246,102796,option:name
A4N3528,Silver,3X-Large,00764970739581,102814,option:name
A4N3528,White,3X-Large,00764970739666,102820,option:name
A4N4279,Royal,Small,00764970373211,102844,option:name
A4N4279,Royal,Medium,00764970373228,102843,option:name
A4N4279,Royal,Large,00764970373235,102842,option:name
A4N4279,Royal,X-Large,00764970373242,102841,option:name
A4N4279,Royal,2X-Large,00764970373259,102840,option:name
A4N4279,Royal,3X-Large,00764970373266,102839,option:name
A4N3130,Black,Small,00764970402607,102664,option:name
A4N3130,Black,Medium,00764970402614,102663,option:name
A4N3130,Black,Large,00764970402621,102662,option:name
A4N3130,Black,X-Large,00764970402638,102661,option:name
A4N3130,Black,2X-Large,00764970402645,102660,option:name
A4N3130,Black,3X-Large,00764970402652,102659,option:name
A4N2306,White,Small,00764970429253,102657,option:name
A4N2306,White,Medium,00764970429260,102656,option:name
A4N2306,White,Large,00764970429277,102655,option:name
A4N2306,White,X-Large,00764970429284,102654,option:name
A4N2306,White,2X-Large,00764970429291,102653,option:name
A4N2306,White,3X-Large,00764970429307,102652,option:name
A4NB5301,Black,X-Small,00764970475038,102861,option:name
A4NB5301,Black,Small,00764970475045,102865,option:name
A4NB5301,Black,Medium,00764970475052,102864,option:name
A4NB5301,Black,Large,00764970475069,102863,option:name
A4NB5301,Black,X-Large,00764970475076,102862,option:name
A4NB5244,Black,X-Small,00764970481503,102850,option:name
A4NB5244,Black,Small,00764970463127,102854,option:name
A4NB5244,Black,Medium,00764970463134,102853,option:name
A4NB5244,Black,Large,00764970463141,102852,option:name
A4NB5244,Black,X-Large,00764970463158,102851,option:name
PC78YPKT,Red,Small,00197908195591,109065,option:name
PC78YPKT,Red,Medium,00197908195607,109064,option:name
PC78YPKT,Red,Large,00197908195614,109063,option:name
PC78YPKT,Red,X-Large,00197908195621,109062,option:name
YST420LSH,Black,X-Small,00197908213356,111258,option:name
YST420LSH,White,X-Small,00197908213554,111248,option:name
YST420LSH,Black,Small,00197908213363,111262,option:name
YST420LSH,White,Small,00197908213561,111252,option:name
YST420LSH,Black,Medium,00197908213370,111261,option:name
YST420LSH,White,Medium,00197908213578,111251,option:name
YST420LSH,Black,Large,00197908213387,111260,option:name
YST420LSH,White,Large,00197908213585,111250,option:name
YST420LSH,Black,X-Large,00197908213394,111259,option:name
YST420LSH,White,X-Large,00197908213592,111249,option:name
YST349P,Black,Small,00197908213066,111201,option:name
YST349P,Black,Medium,00197908213073,111200,option:name
YST349P,Black,Large,00197908213080,111199,option:name
YST349P,Black,X-Large,00197908213097,111198,option:name
975B,Black,Small,00885306843472,102413,option:name
975B,Black,Medium,00885306843465,102412,option:name
975B,Black,Large,00885306843489,102411,option:name
975B,Black,X-Large,00885306843441,102410,option:name
NL7200,Light Olive,Small,00840261669390,108465,option:heur
NL7200,Black,Small,00840261669376,108475,option:name
NL7200,Light Olive,Medium,00840261669475,108464,option:heur
NL7200,Black,Medium,00840261669451,108474,option:name
NL7200,Light Olive,Large,00840261669550,108463,option:heur
NL7200,Black,Large,00840261669536,108473,option:name
NL7200,Light Olive,X-Large,00840261669635,108462,option:heur
NL7200,Black,X-Large,00840261669611,108472,option:name
NL7200,Light Olive,2X-Large,00840261669710,108461,option:heur
NL7200,Black,2X-Large,00840261669697,108471,option:name
NL9001,Black,Small,00841016156363,108488,option:name
NL9001,Maroon,Small,00841016164078,108482,option:name
NL9001,Black,Medium,00841016156370,108487,option:name
NL9001,Maroon,Medium,00841016164085,108481,option:name
NL9001,Black,Large,00841016156387,108486,option:name
NL9001,Maroon,Large,00841016164092,108480,option:name
NL9001,Black,X-Large,00841016156394,108485,option:name
NL9001,Maroon,X-Large,00841016164108,108479,option:name
NL9001,Black,2X-Large,00841016156400,108484,option:name
NL9001,Maroon,2X-Large,00841016164115,108478,option:name
NL9001,Black,3X-Large,00841016156417,108483,option:name
NL9001,Maroon,3X-Large,00841016164122,108477,option:name
NL9087,Bone,Small,00840261679269,108494,option:name
NL9087,Black,Small,00840261679153,108499,option:name
NL9087,Bone,Medium,00840261679382,108493,option:name
NL9087,Black,Medium,00840261679276,108498,option:name
NL9087,Bone,Large,00840261679504,108492,option:name
NL9087,Black,Large,00840261679399,108497,option:name
NL9087,Bone,X-Large,00840261679627,108491,option:name
NL9087,Black,X-Large,00840261679511,108496,option:name
NL9087,Bone,2X-Large,00840261679740,108490,option:name
NL9087,Black,2X-Large,00840261679634,108495,option:name
BC3501Y,Black,Small,00884913388352,103562,option:name
BC3501Y,Natural,Small,00884913678019,103556,option:name
BC3501Y,White,Small,00884913388567,103559,option:name
BC3501Y,Black,Medium,00884913388369,103561,option:name
BC3501Y,Natural,Medium,00884913678026,103555,option:name
BC3501Y,White,Medium,00884913388574,103558,option:name
BC3501Y,Black,Large,00884913388376,103560,option:name
BC3501Y,Natural,Large,00884913678033,103554,option:name
BC3501Y,White,Large,00884913388581,103557,option:name
BC3001T,White,2T,00884913614338,103437,option:name
BC3001T,Athletic Heather,2T,00884913613485,103427,option:name
BC3001T,Black,2T,00884913613584,103441,option:name
BC3001T,White,3T,00884913614345,103436,option:name
BC3001T,Athletic Heather,3T,00884913613492,103426,option:name
BC3001T,Black,3T,00884913613591,103440,option:name
BC3001T,White,4T,00884913614352,103435,option:name
BC3001T,Athletic Heather,4T,00884913613508,103425,option:name
BC3001T,Black,4T,00884913613607,103439,option:name
BC3001T,White,5T,00884913614369,103434,option:name
BC3001T,Athletic Heather,5T,00884913613515,103424,option:name
BC3001T,Black,5T,00884913613614,103438,option:name
BC3501T,Athletic Heather,2T,00884913676732,103539,option:name
BC3501T,Black,2T,00884913676619,103552,option:name
BC3501T,Pink,2T,00884913676657,103544,option:name
BC3501T,White,2T,00884913676534,103548,option:name
BC3501T,Athletic Heather,3T,00884913676749,103538,option:name
BC3501T,Black,3T,00884913676626,103551,option:name
BC3501T,Pink,3T,00884913676664,103543,option:name
BC3501T,White,3T,00884913676541,103547,option:name
BC3501T,Athletic Heather,4T,00884913676756,103537,option:name
BC3501T,Black,4T,00884913676633,103550,option:name
BC3501T,Pink,4T,00884913676671,103542,option:name
BC3501T,White,4T,00884913676558,103546,option:name
BC3501T,Athletic Heather,5T,00884913676763,103536,option:name
BC3501T,Black,5T,00884913676640,103549,option:name
BC3501T,Pink,5T,00884913676688,103541,option:name
BC3501T,White,5T,00884913676565,103545,option:name
BC1200,White/ Navy,X-Small,00884913849297,103345,option:name
BC1200,White/ Red,X-Small,00884913849235,103339,option:name
BC1200,White/ Red,Small,00884913849242,103344,option:name
BC1200,White/ Navy,Small,00884913849303,103350,option:name
BC1200,White/ Navy,Medium,00884913849310,103349,option:name
BC1200,White/ Red,Medium,00884913849259,103343,option:name
BC1200,White/ Red,Large,00884913849266,103342,option:name
BC1200,White/ Navy,Large,00884913849327,103348,option:name
BC1200,White/ Navy,X-Large,00884913849334,103347,option:name
BC1200,White/ Red,X-Large,00884913849273,103341,option:name
BC1200,White/ Red,2X-Large,00884913849280,103340,option:name
BC1200,White/ Navy,2X-Large,00884913849341,103346,option:name
BC6482,Athletic Heather,Small,00884913823785,103668,option:heur
BC6482,Black,Small,00884913698680,103678,option:name
BC6482,Vintage White,Small,00884913698772,103663,option:heur
BC6482,White,Small,00884913823655,103673,option:name
BC6482,Athletic Heather,Medium,00884913823792,103667,option:heur
BC6482,Black,Medium,00884913698697,103677,option:name
BC6482,Vintage White,Medium,00884913698789,103662,option:heur
BC6482,White,Medium,00884913823662,103672,option:name
BC6482,Athletic Heather,Large,00884913823808,103666,option:heur
BC6482,Black,Large,00884913698703,103676,option:name
BC6482,Vintage White,Large,00884913698796,103661,option:heur
BC6482,White,Large,00884913823679,103671,option:name
BC6482,Athletic Heather,X-Large,00884913823815,103665,option:heur
BC6482,Black,X-Large,00884913823761,103675,option:name
BC6482,Vintage White,X-Large,00884913823747,103660,option:heur
BC6482,White,X-Large,00884913823686,103670,option:name
BC6482,Athletic Heather,2X-Large,00884913823822,103664,option:heur
BC6482,Black,2X-Large,00884913823778,103674,option:name
BC6482,Vintage White,2X-Large,00884913823754,103659,option:heur
BC6482,White,2X-Large,00884913823693,103669,option:name
BC7505,Black,Small,00884913680029,103699,option:name
BC7505,Black,Medium,00884913680036,103698,option:name
BC7505,Black,Large,00884913680043,103697,option:name
BC7505,Black,X-Large,00884913680517,103696,option:name
BC7505,Black,2X-Large,00884913680524,103695,option:name
BC1080,Black,Small,00846503006237,103313,option:name
BC1080,White,Small,00846503006633,103308,option:name
BC1080,Black,Medium,00846503006244,103312,option:name
BC1080,White,Medium,00846503006640,103307,option:name
BC1080,Black,Large,00846503006251,103311,option:name
BC1080,White,Large,00846503006657,103306,option:name
BC1080,Black,X-Large,00846503006268,103310,option:name
BC1080,White,X-Large,00846503006664,103305,option:name
BC1080,Black,2X-Large,00846503006275,103309,option:name
BC1080,White,2X-Large,00846503006671,103304,option:name
BC100B,Athletic Heather,1218,00884913631335,103287,option:name
BC100B,Black,1218,00884913631175,103299,option:name
BC100B,Dark Grey Heather,1218,00884913631458,103283,option:name
BC100B,Heather Dust,1218,00884913729988,103275,option:heur
BC100B,Heather Mauve,1218,00884913729940,103271,option:heur
BC100B,Natural,1218,00884913677104,103291,option:name
BC100B,White,1218,00884913631137,103295,option:name
3000,Light Pink,X-Small,00191675386435,100767,option:name
3000,Maroon,X-Small,00191675412431,206423,option:name
3000,Navy,X-Small,00191675386459,100774,option:name
3000,Red,X-Small,00191675386466,100781,option:name
3000,Sand,X-Small,00191675386480,206427,option:name
3000,White,X-Small,00191675386503,100788,option:name
3000,Light Pink,Small,00191675366727,100773,option:name
3000,Maroon,Small,00191675412448,206405,option:name
3000,Navy,Small,00191675366840,100780,option:name
3000,Red,Small,00191675367021,100787,option:name
3000,Sand,Small,00191675366963,206409,option:name
3000,White,Small,00191675366789,100793,option:name
3000,Light Pink,Medium,00191675366734,100772,option:name
3000,Maroon,Medium,00191675412455,206396,option:name
3000,Navy,Medium,00191675366857,100779,option:name
3000,Red,Medium,00191675367038,100786,option:name
3000,Sand,Medium,00191675366970,206400,option:name
3000,White,Medium,00191675366796,100792,option:name
3000,Light Pink,Large,00191675366741,100771,option:name
3000,Maroon,Large,00191675412462,206387,option:name
3000,Navy,Large,00191675366864,100778,option:name
3000,Red,Large,00191675367045,100785,option:name
3000,Sand,Large,00191675366987,206391,option:name
3000,White,Large,00191675366802,100791,option:name
3000,Light Pink,X-Large,00191675366758,100770,option:name
3000,Maroon,X-Large,00191675412479,206414,option:name
3000,Navy,X-Large,00191675366871,100777,option:name
3000,Red,X-Large,00191675367052,100784,option:name
3000,Sand,X-Large,00191675366994,206418,option:name
3000,White,X-Large,00191675366819,100790,option:name
3000,Light Pink,2X-Large,00191675366765,100769,option:name
3000,Maroon,2X-Large,00191675412486,206369,option:name
3000,Navy,2X-Large,00191675366888,100776,option:name
3000,Red,2X-Large,00191675367069,100783,option:name
3000,Sand,2X-Large,00191675367007,206373,option:name
3000,White,2X-Large,00191675366826,100789,option:name
3000,Light Pink,3X-Large,00191675366772,100768,option:name
3000,Maroon,3X-Large,00191675412493,206378,option:name
3000,Navy,3X-Large,00191675366895,100775,option:name
3000,Red,3X-Large,00191675367076,100782,option:name
3000,Sand,3X-Large,00191675367014,206382,option:name
3000,White,3X-Large,00191675366833,206361,option:name
3000,Sage,2X-Large,00191675468629,206372,option:name
3000,Sage,3X-Large,00191675468636,206381,option:name
3000,Sage,Large,00191675468605,206390,option:name
3000,Sage,Medium,00191675468599,206399,option:name
3000,Sage,Small,00191675468582,206408,option:name
3000,Sage,X-Large,00191675468612,206417,option:name
3000,Sage,X-Small,00191675468575,206426,option:name
3000,Stone Blue,2X-Large,00191675468827,206374,option:name
3000,Stone Blue,3X-Large,00191675468834,206383,option:name
3000,Stone Blue,Large,00191675468803,206392,option:name
3000,Stone Blue,Medium,00191675468797,206401,option:name
3000,Stone Blue,Small,00191675468780,206410,option:name
3000,Stone Blue,X-Large,00191675468810,206419,option:name
3000,Stone Blue,X-Small,00191675468773,206428,option:name
1745Y,Hibiscus,X-Small,00191675401954,100046,option:name
1745Y,Hibiscus,Small,00191675401961,100050,option:name
1745Y,Hibiscus,Medium,00191675401978,100049,option:name
1745Y,Hibiscus,Large,00191675401985,100048,option:name
1745Y,Hibiscus,X-Large,00191675401992,100047,option:name
64000CVC,Carolina Blue Mist,Small,00191675366390,205920,option:name
64000CVC,Daisy Mist,Small,00191675378317,206012,option:name
64000CVC,Amethyst,Small,00191675326141,205919,option:name
64000CVC,Daisy Mist,Medium,00191675378324,206011,option:name
64000CVC,Carolina Blue Mist,Medium,00191675366406,205918,option:name
64000CVC,Amethyst,Medium,00191675325120,205917,option:name
64000CVC,Carolina Blue Mist,Large,00191675366413,205916,option:name
64000CVC,Daisy Mist,Large,00191675378331,206010,option:name
64000CVC,Amethyst,Large,00191675325137,205915,option:name
64000CVC,Carolina Blue Mist,X-Large,00191675366420,205922,option:name
64000CVC,Daisy Mist,X-Large,00191675378348,206013,option:name
64000CVC,Amethyst,X-Large,00191675325144,205921,option:name
64000CVC,Carolina Blue Mist,2X-Large,00191675366437,205912,option:name
64000CVC,Daisy Mist,2X-Large,00191675378355,206008,option:name
64000CVC,Amethyst,2X-Large,00191675325151,205911,option:name
64000CVC,Carolina Blue Mist,3X-Large,00191675366444,205914,option:name
64000CVC,Daisy Mist,3X-Large,00191675378362,206009,option:name
64000CVC,Amethyst,3X-Large,00191675325168,205913,option:name
PC43Y,Bright Aqua,Large,00197908193016,108733,option:heur
PC43Y,Bright Aqua,Medium,00197908193009,108734,option:heur
PC43Y,Bright Aqua,Small,00197908192996,108735,option:heur
PC43Y,Bright Aqua,X-Large,00197908193023,108732,option:heur
PC43Y,Bright Aqua,X-Small,00197908192989,108731,option:heur
T453W,Black,X-Small,00194959664908,202255,option:name
T453W,Black,Small,00194959664915,202256,option:name
T453W,Black,Medium,00194959664922,202254,option:name
T453W,Black,Large,00194959664939,202253,option:name
T453W,Black,X-Large,00194959664946,202252,option:name
T453W,Black,2X-Large,00194959664953,202251,option:name
S790,Black,Small,00011919796465,170600,option:name
S790,Black,Medium,00011919796472,170587,option:name
S790,Black,Large,00011919796489,170583,option:name
S790,Black,X-Large,00011919796496,170602,option:name
S450,Black,Small,00196739387700,28317,option:name
S450,Black,Medium,00196739387717,28318,option:name
S450,Black,Large,00196739387724,28319,option:name
S450,Black,X-Large,00196739387731,28320,option:name
S450,Black,2X-Large,00196739387748,28321,option:name
S450,Black,3X-Large,00196739387755,28322,option:name
P800,Black,Small,00011919799725,170260,option:name
P800,Navy,Small,00011919799978,170256,option:name
P800,Navy,Medium,00011919799985,170254,option:name
P800,Black,Medium,00011919799732,170251,option:name
P800,Black,Large,00011919799749,170247,option:name
P800,Navy,Large,00011919799992,170250,option:name
P800,Navy,X-Large,00011919800001,170261,option:name
P800,Black,X-Large,00011919799756,170264,option:name
P800,Navy,2X-Large,00011919800018,170240,option:name
P800,Black,2X-Large,00011919799763,170239,option:name
CO200,Maroon,Small,00077478817256,103966,option:name
CO200,Orange,Small,00077478817317,103960,option:name
CO200,Orange,Medium,00077478817324,103959,option:name
CO200,Maroon,Medium,00077478817263,103965,option:name
CO200,Maroon,Large,00077478817270,103964,option:name
CO200,Orange,Large,00077478817331,103958,option:name
CO200,Maroon,X-Large,00077478817287,103963,option:name
CO200,Orange,X-Large,00077478817348,103957,option:name
CO200,Maroon,2X-Large,00077478817294,103962,option:name
CO200,Orange,2X-Large,00077478817355,103956,option:name
CO200,Maroon,3X-Large,00077478817300,103961,option:name
CO200,Orange,3X-Large,00077478817362,103955,option:name
